seed	coverage	substitution_rate	read_length	assembly_fraction	family_id	truth_assembly_read_ratio	truth_underrepresented	predicted_assembly_read_ratio	native_status	predicted_underrepresented	outcome
4101	1	0	5000	1	f1	1.0	False	0.0	assembly_only	False	TN
4101	1	0	5000	1	f2	1.0	False	1.9137	possible_overexpansion	False	TN
4101	1	0	5000	1	f3	1.0	False	1.1224	consistent	False	TN
4101	1	0	5000	0.75	f1	0.75	False	0.0	assembly_only	False	TN
4101	1	0	5000	0.75	f2	0.75	False	1.4353	consistent	False	TN
4101	1	0	5000	0.75	f3	0.75	False	0.8418	consistent	False	TN
4101	1	0	5000	0.5	f1	0.5	True	0.0	assembly_only	False	FN
4101	1	0	5000	0.5	f2	0.5	True	0.957	consistent	False	FN
4101	1	0	5000	0.5	f3	0.5	True	0.5612	possible_collapse	True	TP
4101	1	0	5000	0.25	f1	0.25	True	0.0	assembly_only	False	FN
4101	1	0	5000	0.25	f2	0.25	True	0.4786	possible_collapse	True	TP
4101	1	0	5000	0.25	f3	0.25	True	0.2806	possible_collapse	True	TP
4101	1	0	5000	0	f1	0.0	True	0.0	low_confidence	False	FN
4101	1	0	5000	0	f2	0.0	True	0.0	reads_only	True	TP
4101	1	0	5000	0	f3	0.0	True	0.0	reads_only	True	TP
4101	1	0.001	5000	1	f1	1.0	False	0.0	assembly_only	False	TN
4101	1	0.001	5000	1	f2	1.0	False	1.9137	possible_overexpansion	False	TN
4101	1	0.001	5000	1	f3	1.0	False	1.1415	consistent	False	TN
4101	1	0.001	5000	0.75	f1	0.75	False	0.0	assembly_only	False	TN
4101	1	0.001	5000	0.75	f2	0.75	False	1.4353	consistent	False	TN
4101	1	0.001	5000	0.75	f3	0.75	False	0.8561	consistent	False	TN
4101	1	0.001	5000	0.5	f1	0.5	True	0.0	assembly_only	False	FN
4101	1	0.001	5000	0.5	f2	0.5	True	0.957	consistent	False	FN
4101	1	0.001	5000	0.5	f3	0.5	True	0.5708	possible_collapse	True	TP
4101	1	0.001	5000	0.25	f1	0.25	True	0.0	assembly_only	False	FN
4101	1	0.001	5000	0.25	f2	0.25	True	0.4786	possible_collapse	True	TP
4101	1	0.001	5000	0.25	f3	0.25	True	0.2854	possible_collapse	True	TP
4101	1	0.001	5000	0	f1	0.0	True	0.0	low_confidence	False	FN
4101	1	0.001	5000	0	f2	0.0	True	0.0	reads_only	True	TP
4101	1	0.001	5000	0	f3	0.0	True	0.0	reads_only	True	TP
4101	1	0.01	5000	1	f1	1.0	False	0.0	assembly_only	False	TN
4101	1	0.01	5000	1	f2	1.0	False	2.3639	possible_overexpansion	False	TN
4101	1	0.01	5000	1	f3	1.0	False	1.3856	consistent	False	TN
4101	1	0.01	5000	0.75	f1	0.75	False	0.0	assembly_only	False	TN
4101	1	0.01	5000	0.75	f2	0.75	False	1.773	possible_overexpansion	False	TN
4101	1	0.01	5000	0.75	f3	0.75	False	1.0392	consistent	False	TN
4101	1	0.01	5000	0.5	f1	0.5	True	0.0	assembly_only	False	FN
4101	1	0.01	5000	0.5	f2	0.5	True	1.1821	consistent	False	FN
4101	1	0.01	5000	0.5	f3	0.5	True	0.6928	consistent	False	FN
4101	1	0.01	5000	0.25	f1	0.25	True	0.0	assembly_only	False	FN
4101	1	0.01	5000	0.25	f2	0.25	True	0.5912	possible_collapse	True	TP
4101	1	0.01	5000	0.25	f3	0.25	True	0.3464	possible_collapse	True	TP
4101	1	0.01	5000	0	f1	0.0	True	0.0	low_confidence	False	FN
4101	1	0.01	5000	0	f2	0.0	True	0.0	reads_only	True	TP
4101	1	0.01	5000	0	f3	0.0	True	0.0	reads_only	True	TP
4101	5	0	5000	1	f1	1.0	False	1.1938	consistent	False	TN
4101	5	0	5000	1	f2	1.0	False	1.0635	consistent	False	TN
4101	5	0	5000	1	f3	1.0	False	1.0466	consistent	False	TN
4101	5	0	5000	0.75	f1	0.75	False	0.8963	consistent	False	TN
4101	5	0	5000	0.75	f2	0.75	False	0.7976	consistent	False	TN
4101	5	0	5000	0.75	f3	0.75	False	0.785	consistent	False	TN
4101	5	0	5000	0.5	f1	0.5	True	0.5988	possible_collapse	True	TP
4101	5	0	5000	0.5	f2	0.5	True	0.5318	possible_collapse	True	TP
4101	5	0	5000	0.5	f3	0.5	True	0.5233	possible_collapse	True	TP
4101	5	0	5000	0.25	f1	0.25	True	0.3014	possible_collapse	True	TP
4101	5	0	5000	0.25	f2	0.25	True	0.266	possible_collapse	True	TP
4101	5	0	5000	0.25	f3	0.25	True	0.2617	possible_collapse	True	TP
4101	5	0	5000	0	f1	0.0	True	0.0	reads_only	True	TP
4101	5	0	5000	0	f2	0.0	True	0.0	reads_only	True	TP
4101	5	0	5000	0	f3	0.0	True	0.0	reads_only	True	TP
4101	5	0.001	5000	1	f1	1.0	False	1.2229	consistent	False	TN
4101	5	0.001	5000	1	f2	1.0	False	1.0836	consistent	False	TN
4101	5	0.001	5000	1	f3	1.0	False	1.069	consistent	False	TN
4101	5	0.001	5000	0.75	f1	0.75	False	0.9182	consistent	False	TN
4101	5	0.001	5000	0.75	f2	0.75	False	0.8128	consistent	False	TN
4101	5	0.001	5000	0.75	f3	0.75	False	0.8017	consistent	False	TN
4101	5	0.001	5000	0.5	f1	0.5	True	0.6134	consistent	False	FN
4101	5	0.001	5000	0.5	f2	0.5	True	0.5419	possible_collapse	True	TP
4101	5	0.001	5000	0.5	f3	0.5	True	0.5345	possible_collapse	True	TP
4101	5	0.001	5000	0.25	f1	0.25	True	0.3087	possible_collapse	True	TP
4101	5	0.001	5000	0.25	f2	0.25	True	0.271	possible_collapse	True	TP
4101	5	0.001	5000	0.25	f3	0.25	True	0.2673	possible_collapse	True	TP
4101	5	0.001	5000	0	f1	0.0	True	0.0	reads_only	True	TP
4101	5	0.001	5000	0	f2	0.0	True	0.0	reads_only	True	TP
4101	5	0.001	5000	0	f3	0.0	True	0.0	reads_only	True	TP
4101	5	0.01	5000	1	f1	1.0	False	1.3927	consistent	False	TN
4101	5	0.01	5000	1	f2	1.0	False	1.294	consistent	False	TN
4101	5	0.01	5000	1	f3	1.0	False	1.2814	consistent	False	TN
4101	5	0.01	5000	0.75	f1	0.75	False	1.0457	consistent	False	TN
4101	5	0.01	5000	0.75	f2	0.75	False	0.9706	consistent	False	TN
4101	5	0.01	5000	0.75	f3	0.75	False	0.9611	consistent	False	TN
4101	5	0.01	5000	0.5	f1	0.5	True	0.6986	consistent	False	FN
4101	5	0.01	5000	0.5	f2	0.5	True	0.6471	consistent	False	FN
4101	5	0.01	5000	0.5	f3	0.5	True	0.6407	consistent	False	FN
4101	5	0.01	5000	0.25	f1	0.25	True	0.3516	possible_collapse	True	TP
4101	5	0.01	5000	0.25	f2	0.25	True	0.3237	possible_collapse	True	TP
4101	5	0.01	5000	0.25	f3	0.25	True	0.3204	possible_collapse	True	TP
4101	5	0.01	5000	0	f1	0.0	True	0.0	reads_only	True	TP
4101	5	0.01	5000	0	f2	0.0	True	0.0	reads_only	True	TP
4101	5	0.01	5000	0	f3	0.0	True	0.0	reads_only	True	TP
4101	20	0	5000	1	f1	1.0	False	1.2734	consistent	False	TN
4101	20	0	5000	1	f2	1.0	False	0.8244	consistent	False	TN
4101	20	0	5000	1	f3	1.0	False	0.9884	consistent	False	TN
4101	20	0	5000	0.75	f1	0.75	False	0.9561	consistent	False	TN
4101	20	0	5000	0.75	f2	0.75	False	0.6184	consistent	False	TN
4101	20	0	5000	0.75	f3	0.75	False	0.7413	consistent	False	TN
4101	20	0	5000	0.5	f1	0.5	True	0.6388	consistent	False	FN
4101	20	0	5000	0.5	f2	0.5	True	0.4123	possible_collapse	True	TP
4101	20	0	5000	0.5	f3	0.5	True	0.4942	possible_collapse	True	TP
4101	20	0	5000	0.25	f1	0.25	True	0.3215	possible_collapse	True	TP
4101	20	0	5000	0.25	f2	0.25	True	0.2062	possible_collapse	True	TP
4101	20	0	5000	0.25	f3	0.25	True	0.2471	possible_collapse	True	TP
4101	20	0	5000	0	f1	0.0	True	0.0	reads_only	True	TP
4101	20	0	5000	0	f2	0.0	True	0.0	reads_only	True	TP
4101	20	0	5000	0	f3	0.0	True	0.0	reads_only	True	TP
4101	20	0.001	5000	1	f1	1.0	False	1.2939	consistent	False	TN
4101	20	0.001	5000	1	f2	1.0	False	0.8418	consistent	False	TN
4101	20	0.001	5000	1	f3	1.0	False	1.0091	consistent	False	TN
4101	20	0.001	5000	0.75	f1	0.75	False	0.9715	consistent	False	TN
4101	20	0.001	5000	0.75	f2	0.75	False	0.6314	consistent	False	TN
4101	20	0.001	5000	0.75	f3	0.75	False	0.7568	consistent	False	TN
4101	20	0.001	5000	0.5	f1	0.5	True	0.6491	consistent	False	FN
4101	20	0.001	5000	0.5	f2	0.5	True	0.421	possible_collapse	True	TP
4101	20	0.001	5000	0.5	f3	0.5	True	0.5046	possible_collapse	True	TP
4101	20	0.001	5000	0.25	f1	0.25	True	0.3266	possible_collapse	True	TP
4101	20	0.001	5000	0.25	f2	0.25	True	0.2105	possible_collapse	True	TP
4101	20	0.001	5000	0.25	f3	0.25	True	0.2523	possible_collapse	True	TP
4101	20	0.001	5000	0	f1	0.0	True	0.0	reads_only	True	TP
4101	20	0.001	5000	0	f2	0.0	True	0.0	reads_only	True	TP
4101	20	0.001	5000	0	f3	0.0	True	0.0	reads_only	True	TP
4101	20	0.01	5000	1	f1	1.0	False	1.6044	possible_overexpansion	False	TN
4101	20	0.01	5000	1	f2	1.0	False	1.0091	consistent	False	TN
4101	20	0.01	5000	1	f3	1.0	False	1.2178	consistent	False	TN
4101	20	0.01	5000	0.75	f1	0.75	False	1.2046	consistent	False	TN
4101	20	0.01	5000	0.75	f2	0.75	False	0.7569	consistent	False	TN
4101	20	0.01	5000	0.75	f3	0.75	False	0.9134	consistent	False	TN
4101	20	0.01	5000	0.5	f1	0.5	True	0.8048	consistent	False	FN
4101	20	0.01	5000	0.5	f2	0.5	True	0.5046	possible_collapse	True	TP
4101	20	0.01	5000	0.5	f3	0.5	True	0.6089	consistent	False	FN
4101	20	0.01	5000	0.25	f1	0.25	True	0.405	possible_collapse	True	TP
4101	20	0.01	5000	0.25	f2	0.25	True	0.2524	possible_collapse	True	TP
4101	20	0.01	5000	0.25	f3	0.25	True	0.3045	possible_collapse	True	TP
4101	20	0.01	5000	0	f1	0.0	True	0.0	reads_only	True	TP
4101	20	0.01	5000	0	f2	0.0	True	0.0	reads_only	True	TP
4101	20	0.01	5000	0	f3	0.0	True	0.0	reads_only	True	TP
4102	1	0	5000	1	f1	1.0	False	0.0	assembly_only	False	TN
4102	1	0	5000	1	f2	1.0	False	0.687	consistent	False	TN
4102	1	0	5000	1	f3	1.0	False	0.8929	consistent	False	TN
4102	1	0	5000	0.75	f1	0.75	False	0.0	assembly_only	False	TN
4102	1	0	5000	0.75	f2	0.75	False	0.5152	possible_collapse	True	FP
4102	1	0	5000	0.75	f3	0.75	False	0.6697	consistent	False	TN
4102	1	0	5000	0.5	f1	0.5	True	0.0	assembly_only	False	FN
4102	1	0	5000	0.5	f2	0.5	True	0.3435	possible_collapse	True	TP
4102	1	0	5000	0.5	f3	0.5	True	0.4465	possible_collapse	True	TP
4102	1	0	5000	0.25	f1	0.25	True	0.0	assembly_only	False	FN
4102	1	0	5000	0.25	f2	0.25	True	0.1718	possible_collapse	True	TP
4102	1	0	5000	0.25	f3	0.25	True	0.2232	possible_collapse	True	TP
4102	1	0	5000	0	f1	0.0	True	0.0	low_confidence	False	FN
4102	1	0	5000	0	f2	0.0	True	0.0	reads_only	True	TP
4102	1	0	5000	0	f3	0.0	True	0.0	reads_only	True	TP
4102	1	0.001	5000	1	f1	1.0	False	0.0	assembly_only	False	TN
4102	1	0.001	5000	1	f2	1.0	False	0.6989	consistent	False	TN
4102	1	0.001	5000	1	f3	1.0	False	0.905	consistent	False	TN
4102	1	0.001	5000	0.75	f1	0.75	False	0.0	assembly_only	False	TN
4102	1	0.001	5000	0.75	f2	0.75	False	0.5242	possible_collapse	True	FP
4102	1	0.001	5000	0.75	f3	0.75	False	0.6787	consistent	False	TN
4102	1	0.001	5000	0.5	f1	0.5	True	0.0	assembly_only	False	FN
4102	1	0.001	5000	0.5	f2	0.5	True	0.3495	possible_collapse	True	TP
4102	1	0.001	5000	0.5	f3	0.5	True	0.4525	possible_collapse	True	TP
4102	1	0.001	5000	0.25	f1	0.25	True	0.0	assembly_only	False	FN
4102	1	0.001	5000	0.25	f2	0.25	True	0.1748	possible_collapse	True	TP
4102	1	0.001	5000	0.25	f3	0.25	True	0.2263	possible_collapse	True	TP
4102	1	0.001	5000	0	f1	0.0	True	0.0	low_confidence	False	FN
4102	1	0.001	5000	0	f2	0.0	True	0.0	reads_only	True	TP
4102	1	0.001	5000	0	f3	0.0	True	0.0	reads_only	True	TP
4102	1	0.01	5000	1	f1	1.0	False	0.0	assembly_only	False	TN
4102	1	0.01	5000	1	f2	1.0	False	0.8642	consistent	False	TN
4102	1	0.01	5000	1	f3	1.0	False	1.0978	consistent	False	TN
4102	1	0.01	5000	0.75	f1	0.75	False	0.0	assembly_only	False	TN
4102	1	0.01	5000	0.75	f2	0.75	False	0.6482	consistent	False	TN
4102	1	0.01	5000	0.75	f3	0.75	False	0.8234	consistent	False	TN
4102	1	0.01	5000	0.5	f1	0.5	True	0.0	assembly_only	False	FN
4102	1	0.01	5000	0.5	f2	0.5	True	0.4322	possible_collapse	True	TP
4102	1	0.01	5000	0.5	f3	0.5	True	0.5489	possible_collapse	True	TP
4102	1	0.01	5000	0.25	f1	0.25	True	0.0	assembly_only	False	FN
4102	1	0.01	5000	0.25	f2	0.25	True	0.2162	possible_collapse	True	TP
4102	1	0.01	5000	0.25	f3	0.25	True	0.2745	possible_collapse	True	TP
4102	1	0.01	5000	0	f1	0.0	True	0.0	low_confidence	False	FN
4102	1	0.01	5000	0	f2	0.0	True	0.0	reads_only	True	TP
4102	1	0.01	5000	0	f3	0.0	True	0.0	reads_only	True	TP
4102	5	0	5000	1	f1	1.0	False	1.6672	possible_overexpansion	False	TN
4102	5	0	5000	1	f2	1.0	False	0.8965	consistent	False	TN
4102	5	0	5000	1	f3	1.0	False	0.9676	consistent	False	TN
4102	5	0	5000	0.75	f1	0.75	False	1.2507	consistent	False	TN
4102	5	0	5000	0.75	f2	0.75	False	0.6724	consistent	False	TN
4102	5	0	5000	0.75	f3	0.75	False	0.7257	consistent	False	TN
4102	5	0	5000	0.5	f1	0.5	True	0.8343	consistent	False	FN
4102	5	0	5000	0.5	f2	0.5	True	0.4483	possible_collapse	True	TP
4102	5	0	5000	0.5	f3	0.5	True	0.4838	possible_collapse	True	TP
4102	5	0	5000	0.25	f1	0.25	True	0.4178	possible_collapse	True	TP
4102	5	0	5000	0.25	f2	0.25	True	0.2242	possible_collapse	True	TP
4102	5	0	5000	0.25	f3	0.25	True	0.2419	possible_collapse	True	TP
4102	5	0	5000	0	f1	0.0	True	0.0	reads_only	True	TP
4102	5	0	5000	0	f2	0.0	True	0.0	reads_only	True	TP
4102	5	0	5000	0	f3	0.0	True	0.0	reads_only	True	TP
4102	5	0.001	5000	1	f1	1.0	False	1.6955	possible_overexpansion	False	TN
4102	5	0.001	5000	1	f2	1.0	False	0.9171	consistent	False	TN
4102	5	0.001	5000	1	f3	1.0	False	0.9867	consistent	False	TN
4102	5	0.001	5000	0.75	f1	0.75	False	1.2719	consistent	False	TN
4102	5	0.001	5000	0.75	f2	0.75	False	0.6879	consistent	False	TN
4102	5	0.001	5000	0.75	f3	0.75	False	0.74	consistent	False	TN
4102	5	0.001	5000	0.5	f1	0.5	True	0.8484	consistent	False	FN
4102	5	0.001	5000	0.5	f2	0.5	True	0.4586	possible_collapse	True	TP
4102	5	0.001	5000	0.5	f3	0.5	True	0.4933	possible_collapse	True	TP
4102	5	0.001	5000	0.25	f1	0.25	True	0.4249	possible_collapse	True	TP
4102	5	0.001	5000	0.25	f2	0.25	True	0.2294	possible_collapse	True	TP
4102	5	0.001	5000	0.25	f3	0.25	True	0.2467	possible_collapse	True	TP
4102	5	0.001	5000	0	f1	0.0	True	0.0	reads_only	True	TP
4102	5	0.001	5000	0	f2	0.0	True	0.0	reads_only	True	TP
4102	5	0.001	5000	0	f3	0.0	True	0.0	reads_only	True	TP
4102	5	0.01	5000	1	f1	1.0	False	2.0415	possible_overexpansion	False	TN
4102	5	0.01	5000	1	f2	1.0	False	1.1015	consistent	False	TN
4102	5	0.01	5000	1	f3	1.0	False	1.1885	consistent	False	TN
4102	5	0.01	5000	0.75	f1	0.75	False	1.5315	possible_overexpansion	False	TN
4102	5	0.01	5000	0.75	f2	0.75	False	0.8262	consistent	False	TN
4102	5	0.01	5000	0.75	f3	0.75	False	0.8914	consistent	False	TN
4102	5	0.01	5000	0.5	f1	0.5	True	1.0216	consistent	False	FN
4102	5	0.01	5000	0.5	f2	0.5	True	0.5508	possible_collapse	True	TP
4102	5	0.01	5000	0.5	f3	0.5	True	0.5942	possible_collapse	True	TP
4102	5	0.01	5000	0.25	f1	0.25	True	0.5116	possible_collapse	True	TP
4102	5	0.01	5000	0.25	f2	0.25	True	0.2755	possible_collapse	True	TP
4102	5	0.01	5000	0.25	f3	0.25	True	0.2971	possible_collapse	True	TP
4102	5	0.01	5000	0	f1	0.0	True	0.0	reads_only	True	TP
4102	5	0.01	5000	0	f2	0.0	True	0.0	reads_only	True	TP
4102	5	0.01	5000	0	f3	0.0	True	0.0	reads_only	True	TP
4102	20	0	5000	1	f1	1.0	False	1.3249	consistent	False	TN
4102	20	0	5000	1	f2	1.0	False	0.9984	consistent	False	TN
4102	20	0	5000	1	f3	1.0	False	0.9975	consistent	False	TN
4102	20	0	5000	0.75	f1	0.75	False	0.994	consistent	False	TN
4102	20	0	5000	0.75	f2	0.75	False	0.7488	consistent	False	TN
4102	20	0	5000	0.75	f3	0.75	False	0.7481	consistent	False	TN
4102	20	0	5000	0.5	f1	0.5	True	0.663	consistent	False	FN
4102	20	0	5000	0.5	f2	0.5	True	0.4993	possible_collapse	True	TP
4102	20	0	5000	0.5	f3	0.5	True	0.4988	possible_collapse	True	TP
4102	20	0	5000	0.25	f1	0.25	True	0.332	possible_collapse	True	TP
4102	20	0	5000	0.25	f2	0.25	True	0.2497	possible_collapse	True	TP
4102	20	0	5000	0.25	f3	0.25	True	0.2494	possible_collapse	True	TP
4102	20	0	5000	0	f1	0.0	True	0.0	reads_only	True	TP
4102	20	0	5000	0	f2	0.0	True	0.0	reads_only	True	TP
4102	20	0	5000	0	f3	0.0	True	0.0	reads_only	True	TP
4102	20	0.001	5000	1	f1	1.0	False	1.3338	consistent	False	TN
4102	20	0.001	5000	1	f2	1.0	False	1.0187	consistent	False	TN
4102	20	0.001	5000	1	f3	1.0	False	1.0194	consistent	False	TN
4102	20	0.001	5000	0.75	f1	0.75	False	1.0006	consistent	False	TN
4102	20	0.001	5000	0.75	f2	0.75	False	0.7641	consistent	False	TN
4102	20	0.001	5000	0.75	f3	0.75	False	0.7645	consistent	False	TN
4102	20	0.001	5000	0.5	f1	0.5	True	0.6674	consistent	False	FN
4102	20	0.001	5000	0.5	f2	0.5	True	0.5094	possible_collapse	True	TP
4102	20	0.001	5000	0.5	f3	0.5	True	0.5097	possible_collapse	True	TP
4102	20	0.001	5000	0.25	f1	0.25	True	0.3343	possible_collapse	True	TP
4102	20	0.001	5000	0.25	f2	0.25	True	0.2548	possible_collapse	True	TP
4102	20	0.001	5000	0.25	f3	0.25	True	0.2549	possible_collapse	True	TP
4102	20	0.001	5000	0	f1	0.0	True	0.0	reads_only	True	TP
4102	20	0.001	5000	0	f2	0.0	True	0.0	reads_only	True	TP
4102	20	0.001	5000	0	f3	0.0	True	0.0	reads_only	True	TP
4102	20	0.01	5000	1	f1	1.0	False	1.6534	possible_overexpansion	False	TN
4102	20	0.01	5000	1	f2	1.0	False	1.2313	consistent	False	TN
4102	20	0.01	5000	1	f3	1.0	False	1.2283	consistent	False	TN
4102	20	0.01	5000	0.75	f1	0.75	False	1.2404	consistent	False	TN
4102	20	0.01	5000	0.75	f2	0.75	False	0.9235	consistent	False	TN
4102	20	0.01	5000	0.75	f3	0.75	False	0.9212	consistent	False	TN
4102	20	0.01	5000	0.5	f1	0.5	True	0.8274	consistent	False	FN
4102	20	0.01	5000	0.5	f2	0.5	True	0.6157	consistent	False	FN
4102	20	0.01	5000	0.5	f3	0.5	True	0.6141	consistent	False	FN
4102	20	0.01	5000	0.25	f1	0.25	True	0.4144	possible_collapse	True	TP
4102	20	0.01	5000	0.25	f2	0.25	True	0.308	possible_collapse	True	TP
4102	20	0.01	5000	0.25	f3	0.25	True	0.3071	possible_collapse	True	TP
4102	20	0.01	5000	0	f1	0.0	True	0.0	reads_only	True	TP
4102	20	0.01	5000	0	f2	0.0	True	0.0	reads_only	True	TP
4102	20	0.01	5000	0	f3	0.0	True	0.0	reads_only	True	TP
4103	1	0	5000	1	f1	1.0	False	20.0904	possible_overexpansion	False	TN
4103	1	0	5000	1	f2	1.0	False	0.6988	consistent	False	TN
4103	1	0	5000	1	f3	1.0	False	0.8586	consistent	False	TN
4103	1	0	5000	0.75	f1	0.75	False	15.0678	possible_overexpansion	False	TN
4103	1	0	5000	0.75	f2	0.75	False	0.5241	possible_collapse	True	FP
4103	1	0	5000	0.75	f3	0.75	False	0.6439	consistent	False	TN
4103	1	0	5000	0.5	f1	0.5	True	10.0452	possible_overexpansion	False	FN
4103	1	0	5000	0.5	f2	0.5	True	0.3494	possible_collapse	True	TP
4103	1	0	5000	0.5	f3	0.5	True	0.4293	possible_collapse	True	TP
4103	1	0	5000	0.25	f1	0.25	True	5.0226	possible_overexpansion	False	FN
4103	1	0	5000	0.25	f2	0.25	True	0.1748	possible_collapse	True	TP
4103	1	0	5000	0.25	f3	0.25	True	0.2146	possible_collapse	True	TP
4103	1	0	5000	0	f1	0.0	True	0.0	reads_only	True	TP
4103	1	0	5000	0	f2	0.0	True	0.0	reads_only	True	TP
4103	1	0	5000	0	f3	0.0	True	0.0	reads_only	True	TP
4103	1	0.001	5000	1	f1	1.0	False	20.0904	possible_overexpansion	False	TN
4103	1	0.001	5000	1	f2	1.0	False	0.7176	consistent	False	TN
4103	1	0.001	5000	1	f3	1.0	False	0.8735	consistent	False	TN
4103	1	0.001	5000	0.75	f1	0.75	False	15.0678	possible_overexpansion	False	TN
4103	1	0.001	5000	0.75	f2	0.75	False	0.5382	possible_collapse	True	FP
4103	1	0.001	5000	0.75	f3	0.75	False	0.6551	consistent	False	TN
4103	1	0.001	5000	0.5	f1	0.5	True	10.0452	possible_overexpansion	False	FN
4103	1	0.001	5000	0.5	f2	0.5	True	0.3588	possible_collapse	True	TP
4103	1	0.001	5000	0.5	f3	0.5	True	0.4367	possible_collapse	True	TP
4103	1	0.001	5000	0.25	f1	0.25	True	5.0226	possible_overexpansion	False	FN
4103	1	0.001	5000	0.25	f2	0.25	True	0.1794	possible_collapse	True	TP
4103	1	0.001	5000	0.25	f3	0.25	True	0.2184	possible_collapse	True	TP
4103	1	0.001	5000	0	f1	0.0	True	0.0	reads_only	True	TP
4103	1	0.001	5000	0	f2	0.0	True	0.0	reads_only	True	TP
4103	1	0.001	5000	0	f3	0.0	True	0.0	reads_only	True	TP
4103	1	0.01	5000	1	f1	1.0	False	0.0	assembly_only	False	TN
4103	1	0.01	5000	1	f2	1.0	False	0.8642	consistent	False	TN
4103	1	0.01	5000	1	f3	1.0	False	1.063	consistent	False	TN
4103	1	0.01	5000	0.75	f1	0.75	False	0.0	assembly_only	False	TN
4103	1	0.01	5000	0.75	f2	0.75	False	0.6481	consistent	False	TN
4103	1	0.01	5000	0.75	f3	0.75	False	0.7972	consistent	False	TN
4103	1	0.01	5000	0.5	f1	0.5	True	0.0	assembly_only	False	FN
4103	1	0.01	5000	0.5	f2	0.5	True	0.4321	possible_collapse	True	TP
4103	1	0.01	5000	0.5	f3	0.5	True	0.5315	possible_collapse	True	TP
4103	1	0.01	5000	0.25	f1	0.25	True	0.0	assembly_only	False	FN
4103	1	0.01	5000	0.25	f2	0.25	True	0.2161	possible_collapse	True	TP
4103	1	0.01	5000	0.25	f3	0.25	True	0.2657	possible_collapse	True	TP
4103	1	0.01	5000	0	f1	0.0	True	0.0	low_confidence	False	FN
4103	1	0.01	5000	0	f2	0.0	True	0.0	reads_only	True	TP
4103	1	0.01	5000	0	f3	0.0	True	0.0	reads_only	True	TP
4103	5	0	5000	1	f1	1.0	False	0.9429	consistent	False	TN
4103	5	0	5000	1	f2	1.0	False	0.6209	consistent	False	TN
4103	5	0	5000	1	f3	1.0	False	1.0577	consistent	False	TN
4103	5	0	5000	0.75	f1	0.75	False	0.7072	consistent	False	TN
4103	5	0	5000	0.75	f2	0.75	False	0.4656	possible_collapse	True	FP
4103	5	0	5000	0.75	f3	0.75	False	0.7933	consistent	False	TN
4103	5	0	5000	0.5	f1	0.5	True	0.4715	possible_collapse	True	TP
4103	5	0	5000	0.5	f2	0.5	True	0.3104	possible_collapse	True	TP
4103	5	0	5000	0.5	f3	0.5	True	0.5288	possible_collapse	True	TP
4103	5	0	5000	0.25	f1	0.25	True	0.2357	possible_collapse	True	TP
4103	5	0	5000	0.25	f2	0.25	True	0.1552	possible_collapse	True	TP
4103	5	0	5000	0.25	f3	0.25	True	0.2644	possible_collapse	True	TP
4103	5	0	5000	0	f1	0.0	True	0.0	reads_only	True	TP
4103	5	0	5000	0	f2	0.0	True	0.0	reads_only	True	TP
4103	5	0	5000	0	f3	0.0	True	0.0	reads_only	True	TP
4103	5	0.001	5000	1	f1	1.0	False	0.9799	consistent	False	TN
4103	5	0.001	5000	1	f2	1.0	False	0.6326	consistent	False	TN
4103	5	0.001	5000	1	f3	1.0	False	1.0794	consistent	False	TN
4103	5	0.001	5000	0.75	f1	0.75	False	0.7349	consistent	False	TN
4103	5	0.001	5000	0.75	f2	0.75	False	0.4745	possible_collapse	True	FP
4103	5	0.001	5000	0.75	f3	0.75	False	0.8095	consistent	False	TN
4103	5	0.001	5000	0.5	f1	0.5	True	0.4899	possible_collapse	True	TP
4103	5	0.001	5000	0.5	f2	0.5	True	0.3163	possible_collapse	True	TP
4103	5	0.001	5000	0.5	f3	0.5	True	0.5397	possible_collapse	True	TP
4103	5	0.001	5000	0.25	f1	0.25	True	0.245	possible_collapse	True	TP
4103	5	0.001	5000	0.25	f2	0.25	True	0.1582	possible_collapse	True	TP
4103	5	0.001	5000	0.25	f3	0.25	True	0.2698	possible_collapse	True	TP
4103	5	0.001	5000	0	f1	0.0	True	0.0	reads_only	True	TP
4103	5	0.001	5000	0	f2	0.0	True	0.0	reads_only	True	TP
4103	5	0.001	5000	0	f3	0.0	True	0.0	reads_only	True	TP
4103	5	0.01	5000	1	f1	1.0	False	1.2042	consistent	False	TN
4103	5	0.01	5000	1	f2	1.0	False	0.7764	consistent	False	TN
4103	5	0.01	5000	1	f3	1.0	False	1.3014	consistent	False	TN
4103	5	0.01	5000	0.75	f1	0.75	False	0.9032	consistent	False	TN
4103	5	0.01	5000	0.75	f2	0.75	False	0.5823	possible_collapse	True	FP
4103	5	0.01	5000	0.75	f3	0.75	False	0.9761	consistent	False	TN
4103	5	0.01	5000	0.5	f1	0.5	True	0.6021	consistent	False	FN
4103	5	0.01	5000	0.5	f2	0.5	True	0.3882	possible_collapse	True	TP
4103	5	0.01	5000	0.5	f3	0.5	True	0.6507	consistent	False	FN
4103	5	0.01	5000	0.25	f1	0.25	True	0.3011	possible_collapse	True	TP
4103	5	0.01	5000	0.25	f2	0.25	True	0.1941	possible_collapse	True	TP
4103	5	0.01	5000	0.25	f3	0.25	True	0.3254	possible_collapse	True	TP
4103	5	0.01	5000	0	f1	0.0	True	0.0	reads_only	True	TP
4103	5	0.01	5000	0	f2	0.0	True	0.0	reads_only	True	TP
4103	5	0.01	5000	0	f3	0.0	True	0.0	reads_only	True	TP
4103	20	0	5000	1	f1	1.0	False	0.8488	consistent	False	TN
4103	20	0	5000	1	f2	1.0	False	0.8098	consistent	False	TN
4103	20	0	5000	1	f3	1.0	False	1.0765	consistent	False	TN
4103	20	0	5000	0.75	f1	0.75	False	0.6366	consistent	False	TN
4103	20	0	5000	0.75	f2	0.75	False	0.6073	consistent	False	TN
4103	20	0	5000	0.75	f3	0.75	False	0.8073	consistent	False	TN
4103	20	0	5000	0.5	f1	0.5	True	0.4244	possible_collapse	True	TP
4103	20	0	5000	0.5	f2	0.5	True	0.4049	possible_collapse	True	TP
4103	20	0	5000	0.5	f3	0.5	True	0.5382	possible_collapse	True	TP
4103	20	0	5000	0.25	f1	0.25	True	0.2122	possible_collapse	True	TP
4103	20	0	5000	0.25	f2	0.25	True	0.2025	possible_collapse	True	TP
4103	20	0	5000	0.25	f3	0.25	True	0.2691	possible_collapse	True	TP
4103	20	0	5000	0	f1	0.0	True	0.0	reads_only	True	TP
4103	20	0	5000	0	f2	0.0	True	0.0	reads_only	True	TP
4103	20	0	5000	0	f3	0.0	True	0.0	reads_only	True	TP
4103	20	0.001	5000	1	f1	1.0	False	0.8748	consistent	False	TN
4103	20	0.001	5000	1	f2	1.0	False	0.8274	consistent	False	TN
4103	20	0.001	5000	1	f3	1.0	False	1.0993	consistent	False	TN
4103	20	0.001	5000	0.75	f1	0.75	False	0.6561	consistent	False	TN
4103	20	0.001	5000	0.75	f2	0.75	False	0.6205	consistent	False	TN
4103	20	0.001	5000	0.75	f3	0.75	False	0.8244	consistent	False	TN
4103	20	0.001	5000	0.5	f1	0.5	True	0.4374	possible_collapse	True	TP
4103	20	0.001	5000	0.5	f2	0.5	True	0.4137	possible_collapse	True	TP
4103	20	0.001	5000	0.5	f3	0.5	True	0.5496	possible_collapse	True	TP
4103	20	0.001	5000	0.25	f1	0.25	True	0.2187	possible_collapse	True	TP
4103	20	0.001	5000	0.25	f2	0.25	True	0.2069	possible_collapse	True	TP
4103	20	0.001	5000	0.25	f3	0.25	True	0.2748	possible_collapse	True	TP
4103	20	0.001	5000	0	f1	0.0	True	0.0	reads_only	True	TP
4103	20	0.001	5000	0	f2	0.0	True	0.0	reads_only	True	TP
4103	20	0.001	5000	0	f3	0.0	True	0.0	reads_only	True	TP
4103	20	0.01	5000	1	f1	1.0	False	1.0605	consistent	False	TN
4103	20	0.01	5000	1	f2	1.0	False	1.0129	consistent	False	TN
4103	20	0.01	5000	1	f3	1.0	False	1.3296	consistent	False	TN
4103	20	0.01	5000	0.75	f1	0.75	False	0.7954	consistent	False	TN
4103	20	0.01	5000	0.75	f2	0.75	False	0.7597	consistent	False	TN
4103	20	0.01	5000	0.75	f3	0.75	False	0.9972	consistent	False	TN
4103	20	0.01	5000	0.5	f1	0.5	True	0.5302	possible_collapse	True	TP
4103	20	0.01	5000	0.5	f2	0.5	True	0.5065	possible_collapse	True	TP
4103	20	0.01	5000	0.5	f3	0.5	True	0.6648	consistent	False	FN
4103	20	0.01	5000	0.25	f1	0.25	True	0.2651	possible_collapse	True	TP
4103	20	0.01	5000	0.25	f2	0.25	True	0.2533	possible_collapse	True	TP
4103	20	0.01	5000	0.25	f3	0.25	True	0.3324	possible_collapse	True	TP
4103	20	0.01	5000	0	f1	0.0	True	0.0	reads_only	True	TP
4103	20	0.01	5000	0	f2	0.0	True	0.0	reads_only	True	TP
4103	20	0.01	5000	0	f3	0.0	True	0.0	reads_only	True	TP
