condition	method	simulation_seeds	statuses	MARE_mean	MARE_min	MARE_max	family_recovery_mean	family_recovery_min	family_recovery_max	base_union_recall_mean	base_union_recall_min	base_union_recall_max	base_union_precision_mean	base_union_precision_min	base_union_precision_max	negative_read_predicted_bp_mean	negative_read_predicted_bp_min	negative_read_predicted_bp_max	negative_read_attribution_fraction_mean	negative_read_attribution_fraction_min	negative_read_attribution_fraction_max	unassigned_abundance_bp_mean	unassigned_abundance_bp_min	unassigned_abundance_bp_max	native_catalogue_count_mean	native_catalogue_count_min	native_catalogue_count_max	workflow_wall_seconds_mean	workflow_wall_seconds_min	workflow_wall_seconds_max	cpu_user_seconds_mean	cpu_user_seconds_min	cpu_user_seconds_max	cpu_system_seconds_mean	cpu_system_seconds_min	cpu_system_seconds_max	peak_rss_mib_mean	peak_rss_mib_min	peak_rss_mib_max	throughput_bp_per_second_mean	throughput_bp_per_second_min	throughput_bp_per_second_max	shared_discovery_plus_mapping_wall_seconds_mean	shared_discovery_plus_mapping_wall_seconds_min	shared_discovery_plus_mapping_wall_seconds_max	shared_discovery_plus_mapping_peak_rss_mib_mean	shared_discovery_plus_mapping_peak_rss_mib_min	shared_discovery_plus_mapping_peak_rss_mib_max
clean	tandemx	3	ok:3	0.008360779793952097	0.00825717492384159	0.008551119662230773	1.0	1.0	1.0	1.0	1.0	1.0	0.9995291410308055	0.9994433620929585	0.9996033320111067	0.0	0.0	0.0	0.0	0.0	0.0	0.0	0.0	0.0	3.0	3.0	3.0	0.5724110276593516	0.533216374926269	0.6113258330151439	0.4524433333333333	0.430713	0.48481599999999997	0.035569666666666666	0.03376899999999999	0.038119	29.630208333333332	29.3125	30.265625	876223.811439641	817894.4402429889	937705.6360452882	NA	NA	NA	NA	NA	NA
clean	srf_k151	3	ok:3	0.04562342707835264	0.042029604813880315	0.048322007257934035	1.0	1.0	1.0	0.9541794300566231	0.9514759120022278	0.9577415761626288	0.9998685202876503	0.999810164937464	0.999963656187534	0.0	0.0	0.0	0.0	0.0	0.0	0.0	0.0	0.0	3.0	3.0	3.0	2.233343318958456	1.9829134580213577	2.6993293329142034	1.515652	1.5034750000000001	1.528352	0.07956666666666665	0.07187199999999999	0.08824299999999999	47.208333333333336	46.0625	48.40625	228393.87382585582	185231.19572823617	252154.22184835188	NA	NA	NA	NA	NA	NA
clean	srf_k101	3	ok:3	0.04983958028580454	0.04675510637174055	0.05271211992798568	1.0	1.0	1.0	0.9501345957486308	0.9472222222222222	0.953411306042885	0.9998827521478526	0.999824110107073	0.9999196839930198	0.0	0.0	0.0	0.0	0.0	0.0	0.0	0.0	0.0	3.0	3.0	3.0	1.8947146523278207	1.87280691601336	1.9139089579693973	1.426463	1.421474	1.432093	0.07410699999999999	0.07114800000000002	0.08002399999999998	44.255208333333336	42.9375	46.53125	263912.99410611315	261245.44635105616	266978.9371903586	NA	NA	NA	NA	NA	NA
clean	competitive_mapping	3	ok:3	0.00035949775108460875	0.0003356298840379412	0.0003989975562425205	NA	NA	NA	1.0	1.0	1.0	0.9996381157282241	0.9995963757324389	0.9996589857261168	0.0	0.0	0.0	0.0	0.0	0.0	0.0	0.0	0.0	3.0	3.0	3.0	2.0595432779906937	2.035276124952361	2.0719323749653995	2.0081816666666668	1.977731	2.028728	0.0037209999999999995	0.0027749999999999997	0.0048649999999999995	5.723958333333333	5.625	5.78125	242789.2275993072	241320.61743006928	245666.91166374457	2.5020411109241345	2.475387082900852	2.5526615839917213	29.630208333333332	29.3125	30.265625
substitution	tandemx	3	ok:3	0.19387965298655788	0.1892526455026455	0.19684820288268565	1.0	1.0	1.0	0.9999002134967048	0.999874686716792	0.9999303815093289	0.9995453295361398	0.9994294143843242	0.9996241543472814	0.0	0.0	0.0	0.0	0.0	0.0	0.0	0.0	0.0	3.0	3.0	3.0	0.5669064446507642	0.5577141249086708	0.5788491670973599	0.43287166666666665	0.417657	0.443256	0.03525166666666667	0.034058	0.036005999999999996	29.171875	28.984375	29.28125	882193.0488124656	863782.8788927016	896516.6519350361	NA	NA	NA	NA	NA	NA
substitution	srf_k151	3	ok:3	0.0576973520495546	0.05296845508833812	0.061386440470473015	1.0	1.0	1.0	0.9430567158637334	0.9393553327763854	0.9471734892787524	0.9999064601534869	0.9998596957613352	0.9999412024107012	0.0	0.0	0.0	0.0	0.0	0.0	0.0	0.0	0.0	3.0	3.0	3.0	2.0186742222867906	1.9674241670873016	2.108123374870047	1.5116586666666667	1.50012	1.5298	0.07608133333333333	0.06968900000000001	0.083923	51.151041666666664	47.515625	53.421875	247927.28049090784	237177.76955574148	254139.4013372477	NA	NA	NA	NA	NA	NA
substitution	srf_k101	3	ok:3	0.052819379429430886	0.043522038119991335	0.059916486959032934	1.0	1.0	1.0	0.946549243479068	0.9393483709273183	0.9560707323865218	0.9998754014959492	0.9997961531181293	0.9999258918910907	0.0	0.0	0.0	0.0	0.0	0.0	0.0	0.0	0.0	3.0	3.0	3.0	1.9006123472936451	1.8895057910121977	1.922704208875075	1.4286756666666667	1.4068419999999997	1.45452	0.07430433333333333	0.070572	0.080195	45.640625	45.390625	46.046875	263090.77959516185	260050.40072832484	264619.4588967906	NA	NA	NA	NA	NA	NA
substitution	competitive_mapping	3	ok:3	0.00026118868465076775	0.00024507842616332227	0.0002897949083360276	NA	NA	NA	0.9998909310312819	0.9998677248677249	0.999937343358396	0.9996403954308423	0.9995824082516129	0.9996798374130863	0.0	0.0	0.0	0.0	0.0	0.0	0.0	0.0	0.0	3.0	3.0	3.0	1.9346106805993866	1.9218105420004576	1.9530350000131875	1.8670836666666666	1.860239	1.875443	0.006087666666666667	0.003372	0.010284999999999999	5.666666666666667	5.546875	5.78125	258462.19916882736	256011.79702187818	260171.32754383702	2.364206847657139	2.348635209025815	2.3945490419864655	29.171875	28.984375	29.28125
indel	tandemx	3	ok:3	0.04737424894876529	0.04530440111180844	0.049834799945529834	1.0	1.0	1.0	0.9999930378762467	0.9999930372784114	0.9999930382963319	0.9986118441210192	0.9983317229826013	0.9987970656746514	0.0	0.0	0.0	0.0	0.0	0.0	0.0	0.0	0.0	3.0	3.0	3.0	1.0821068189106882	1.0736879578325897	1.0892668329179287	0.9527153333333334	0.945327	0.965536	0.03431633333333333	0.033246	0.035334	30.53125	30.359375	30.734375	462072.6099130893	459027.1041858418	465667.88455865084	NA	NA	NA	NA	NA	NA
indel	srf_k151	3	ok:3	0.055463550146310915	0.047158877593268846	0.06293769816640311	1.0	1.0	1.0	0.9438667942738239	0.9358339772909227	0.9523315557164539	0.9999165338178619	0.9998976645590439	0.9999404912447744	0.0	0.0	0.0	0.0	0.0	0.0	0.0	0.0	0.0	3.0	3.0	3.0	1.9611759029794484	1.946430959040299	1.9720376250334084	1.5047633333333332	1.499836	1.507708	0.07146799999999999	0.07042199999999998	0.07202699999999998	49.536458333333336	49.15625	49.765625	254953.96032082086	253546.37946703954	256879.3913175977	NA	NA	NA	NA	NA	NA
indel	srf_k101	3	ok:3	0.04967156035697946	0.04797686951187793	0.05235372145604409	1.0	1.0	1.0	0.9512859736354045	0.9465809883178546	0.955827990225768	0.9998149039017995	0.9997305857938618	0.9998970429257459	0.0	0.0	0.0	0.0	0.0	0.0	0.0	0.0	0.0	3.0	3.0	3.0	1.9104053336195648	1.8762725838460028	1.9432205830235034	1.4278056666666665	1.4163449999999997	1.440649	0.074557	0.07174399999999999	0.07802900000000002	44.713541666666664	44.046875	45.1875	261775.34617088278	257295.54553300687	266484.73377738055	NA	NA	NA	NA	NA	NA
indel	competitive_mapping	3	ok:3	0.00025081637031000776	0.00014117146126323466	0.000323803764088283	NA	NA	NA	0.9999535869134805	0.9999094947019591	0.9999860745568228	0.9996960704038874	0.9996311529601715	0.9997633284374804	0.0	0.0	0.0	0.0	0.0	0.0	0.0	0.0	0.0	3.0	3.0	3.0	2.040566250293826	2.0067700420040637	2.064400208881125	1.9830096666666668	1.95787	2.002721	0.004750666666666666	0.004527	0.00501	5.885416666666667	5.828125	5.96875	245063.007629049	242200.13050230785	249158.09461689557	2.987952625223746	2.9591682499740273	3.015713875880465	30.53125	30.359375	30.734375
divergence	tandemx	3	ok:3	0.34907450870456214	0.3485184300401692	0.35000000000000003	1.0	1.0	1.0	0.9998375568551007	0.9997841826789196	0.9999094959621275	0.9995175037098631	0.9992972837582099	0.9997076247293788	0.0	0.0	0.0	0.0	0.0	0.0	0.0	0.0	0.0	3.0	3.0	3.0	0.7076065836784741	0.6252021670807153	0.8381423749960959	0.5488526666666667	0.492428	0.611982	0.041932	0.034291999999999996	0.053631	30.369791666666668	29.140625	32.21875	718159.0936506955	596557.356979271	799741.3098145078	NA	NA	NA	NA	NA	NA
divergence	srf_k151	3	no_catalogue:3	1.0	1.0	1.0	0.0	0.0	0.0	0.0	0.0	0.0	NA	NA	NA	0.0	0.0	0.0	0.0	0.0	0.0	0.0	0.0	0.0	0.0	0.0	0.0	1.8831825000233948	1.8075564578175545	1.9891759171150625	1.4469023333333333	1.4182059999999999	1.4783519999999999	0.07042066666666666	0.065896	0.07542399999999999	52.244791666666664	52.140625	52.421875	265945.51107158494	251360.37275434087	276616.53268839	NA	NA	NA	NA	NA	NA
divergence	srf_k101	3	ok:3	0.16235096644473443	0.05307717868104341	0.3756400259909032	0.8888888888888888	0.6666666666666666	1.0	0.8525016244314491	0.6689501531606795	0.9463659147869674	0.9999719561997902	0.999963056280063	0.9999895929815067	0.0	0.0	0.0	0.0	0.0	0.0	0.0	0.0	0.0	2.6666666666666665	2.0	3.0	1.876810402997459	1.8475682500284165	1.8997694998979568	1.4200193333333333	1.407718	1.4334239999999998	0.07190233333333333	0.069142	0.073858	47.260416666666664	46.078125	47.875	266445.4550613396	263189.82383223687	270625.9971680666	NA	NA	NA	NA	NA	NA
divergence	competitive_mapping	3	ok:3	0.00012733495947952122	9.530812085444282e-05	0.00015594541910331382	NA	NA	NA	0.9996751137102015	0.999624060150376	0.9997702589807853	0.9997354357100088	0.9996797371059374	0.9997911110801646	0.0	0.0	0.0	0.0	0.0	0.0	0.0	0.0	0.0	3.0	3.0	3.0	1.8273975000095863	1.7886792079079896	1.8955541669856757	1.7631366666666666	1.7267139999999999	1.812277	0.007723333333333333	0.004373999999999999	0.0139	5.65625	5.578125	5.75	273801.35374161636	263775.1053007911	279535.87081989506	2.3590778197006634	2.278783292043954	2.423377166967839	30.369791666666668	29.140625	32.21875
low_abundance	tandemx	3	ok:3	0.003703703703703704	0.0	0.005555555555555556	1.0	1.0	1.0	1.0	1.0	1.0	0.9994967118534209	0.9992695398100804	0.9997076878105817	0.0	0.0	0.0	0.0	0.0	0.0	0.0	0.0	0.0	3.0	3.0	3.0	0.40932466664041084	0.35938549996353686	0.4971075418870896	0.2788636666666667	0.251895	0.328054	0.04043633333333333	0.034152	0.049602999999999994	28.692708333333332	28.15625	29.765625	1247682.0950572328	1005818.5762017012	1391263.6988713508	NA	NA	NA	NA	NA	NA
low_abundance	srf_k151	3	ok:3	0.03511750054147715	0.024512670565302142	0.043112410656270306	1.0	1.0	1.0	0.9631091617933724	0.9551169590643275	0.9705653021442495	0.9997481387201675	0.9994981431295794	0.999897964389572	0.0	0.0	0.0	0.0	0.0	0.0	0.0	0.0	0.0	3.0	3.0	3.0	2.004223083378747	1.9549309581052512	2.0996462090406567	1.4893093333333334	1.4646320000000002	1.5308909999999998	0.07863566666666666	0.07578299999999999	0.082874	51.03125	49.8125	52.578125	249749.82378058994	238135.35720784767	255763.5081315647	NA	NA	NA	NA	NA	NA
low_abundance	srf_k101	3	ok:3	0.04799833947007436	0.04093567251461988	0.059697855750487326	1.0	1.0	1.0	0.9517706302794022	0.9403996101364522	0.9603313840155946	0.9998975977170257	0.9998963676874449	0.9998985183681753	0.0	0.0	0.0	0.0	0.0	0.0	0.0	0.0	0.0	3.0	3.0	3.0	1.8752426944362621	1.8634330830536783	1.8961836250964552	1.396048	1.37928	1.4177639999999998	0.07620233333333333	0.07184599999999998	0.078572	42.005208333333336	40.984375	43.34375	266648.78040939925	263687.54237847927	268321.9507837819	NA	NA	NA	NA	NA	NA
low_abundance	competitive_mapping	3	ok:3	0.0003943758573388203	0.00028427550357374917	0.0005360623781676413	NA	NA	NA	1.0	1.0	1.0	0.9996427611869213	0.9995129079396006	0.9997076878105817	0.0	0.0	0.0	0.0	0.0	0.0	0.0	0.0	0.0	3.0	3.0	3.0	0.3278501386133333	0.3267549159936607	0.329036874929443	0.2962356666666666	0.29159799999999997	0.30230199999999996	0.002103	0.001787	0.002532	5.213541666666667	5.171875	5.28125	1525099.4164187692	1519586.5208336222	1530198.860144159	0.59940673597157	0.555420498829335	0.6704029170796275	28.692708333333332	28.15625	29.765625
shared_fragment	tandemx	3	ok:3	0.013279857578508261	0.011656704467161985	0.014501699767400249	1.0	1.0	1.0	1.0	1.0	1.0	0.7648492274065282	0.7374134929111739	0.7869159608103361	30886.666666666668	27096.0	35717.0	0.2059111111111111	0.18064	0.23811333333333334	10528.0	8282.0	12132.0	71.33333333333333	66.0	82.0	1.594098416933169	1.509124374948442	1.717398458858952	1.4379063333333333	1.363039	1.5776879999999998	0.040722666666666664	0.039004	0.043136	31.541666666666668	30.8125	32.0625	314613.2495037879	291138.0276492169	331317.95384133403	NA	NA	NA	NA	NA	NA
shared_fragment	srf_k151	3	ok:3	0.05879375009616605	0.054410915041450465	0.06135054528300715	1.0	1.0	1.0	0.941140873015873	0.9386607142857143	0.9454861111111111	0.9998805636970884	0.9998741043045837	0.9998838314499947	0.0	0.0	0.0	0.0	0.0	0.0	0.0	0.0	0.0	3.0	3.0	3.0	2.0613330139312893	2.036533874925226	2.085382208926603	1.5603836666666666	1.5529210000000002	1.5692760000000001	0.07735633333333332	0.07606399999999999	0.07960299999999998	51.911458333333336	51.109375	53.5	242584.2206249948	239764.20143018392	245515.189389304	NA	NA	NA	NA	NA	NA
shared_fragment	srf_k101	3	ok:3	0.04654890938964168	0.03752323138764787	0.053582221508419764	1.0	1.0	1.0	0.9518121693121693	0.9479761904761905	0.9562301587301587	0.9975506349670461	0.9929127693765709	0.9999476773997761	227.33333333333334	0.0	682.0	0.0015155555555555556	0.0	0.004546666666666667	0.0	0.0	0.0	3.0	3.0	3.0	1.9675326667105157	1.9553136250469834	1.9781273750122637	1.4845846666666667	1.4792600000000002	1.4921639999999998	0.07641533333333334	0.07441600000000001	0.079178	47.286458333333336	45.796875	48.453125	254131.1750079055	252764.3094757233	255713.4536348284	NA	NA	NA	NA	NA	NA
shared_fragment	competitive_mapping	3	ok:3	0.00043664817010929756	0.0004139455478022306	0.0004645535010458757	NA	NA	NA	1.0	1.0	1.0	0.9031860608189449	0.837550165765137	0.9704625101089844	11165.666666666666	3026.0	19505.0	0.07443777777777778	0.020173333333333335	0.13003333333333333	11008.0	3026.0	19505.0	71.33333333333333	66.0	82.0	19.802473291677114	6.24318700004369	27.313001499976963	19.387057333333335	6.032749	26.748251	0.066907	0.019892	0.09983199999999999	77.17708333333333	16.1875	112.734375	39245.01333979757	18306.30002346764	80087.30156513027	21.19590880535543	7.772944458061829	28.64640341605991	82.40625	31.875	112.734375
