"seqID","arrayID","start","end","strand","score","eval","width","class","score_template","sequence"
"CP068268_39050443_39150442",1,18011,18178,"+",15.1162790697674,-1,168,"171_1",-1,"ctcagtttcacagatagcttcttcaagtttctatcatgggatattagatatttccccataggcctcaatgggctcccaaatgttacttcatagatcctctaaaaagagtgttttgaacctgatgaatcaaaggaaaagttcaactctgtgagatgaatccaaacataa"
"CP068268_39050443_39150442",1,18179,18348,"+",14.5348837209302,1.4e-23,170,"171_1",-1,"taaagcagtttcacagatagattctttctagtttttatccaggaatattagtgtttttttccataggccacaatgggctcccaatgtccctttgtatattctccaaaaagtgtttccaacctgctcaataaaaagggtggtttaactctgtgagatgattccacacatca"
"CP068268_39050443_39150442",1,18349,18518,"+",13.3720930232558,1.5e-24,170,"171_1",-1,"caaggtagtttcacagataacttcttcctagtttttatctggggatatttcggtttcgccccataggcctaaaagcgctccctaatgtcccttcacagattttccacaaagagtgtttccaacctggtgaatcaaaagaaagttttaacttcagataaatccacacatga"
"CP068268_39050443_39150442",1,18519,18689,"+",11.046511627907,-1,171,"171_1",-1,"caaagcactttcacagatagcttccttcaagtttttatctgggatattcagattttccccataggcctcaatgggatcccaaatgtcgctttgcagattttctaaaaaagagtgtttccaacctgctgaatcaaaagaagggttttgctctatgaaatgaatccacacatc"
"CP068268_39050443_39150442",1,18690,18858,"+",14.5348837209302,-1,169,"171_1",-1,"acctcactttcacacatagcttctttgagtttccatgttgggatattcagtttttctccataggcctcaaagggctcccaaatgttccttcatagattctctaaaaagagtgtttcaacctgctgaatgaaaagaaagttttaacttggtaagatgaatccacacatta"
"CP068268_39050443_39150442",1,18859,19033,"+",15.1162790697674,4.2e-25,175,"171_1",-1,"caaagcagtttcacaggtagcttctttctagtttatatctgggggtatttggcttttccacataggcctaaatgggctcccaagtgtcccttagcatattctcctaaaagagtgtttccaacctgctgagtcaaaagaatggtttaactgtgaaataaatacatatatcacatca"
"CP068268_39050443_39150442",1,19034,19173,"+",26.7441860465116,-1,140,"171_1",0.267441860465116,"gtttcacatgggatattagatttatccccataggcctcaaagggctcccaaatgtttctttgcagatcctctaaaaagagtgttttcaacctgctgaatcaaaggaaaggttcaactctgtgagatgaatccacatatca"
"CP068268_39050443_39150442",1,19174,19346,"+",13.953488372093,6.5e-24,173,"171_1",-1,"caaagcagtttcacagatagctttctttttagtttttatccagtgatattagttttttttccccataggccacaatgggctccaaattgtccctttgcatattctccaaaaagtgtttccaacatactgaatcaaaagagtggtttaactctctgagatgaatccacacataa"
"CP068268_39050443_39150442",1,19347,19520,"+",15.6976744186047,1.4e-23,174,"171_1",-1,"caaagtattttcacagatagcttcttcttagtttttaatctcgggttatttcggttttgctccataggccttaaagcactcccaaatgtcccttcacagattttccacaaagagtgtttccaacgtggtgaaacggaagaaaggtttaaccctgcaagataaatccacacatca"
"CP068268_39050443_39150442",1,19521,19692,"+",11.046511627907,-1,172,"171_1",-1,"caaagcactttcacagatagattctttcaagtttgtatctgtgatattcagtttttcccaaaaggcctcaatggaatcccaaatgtcccttcacagatcctccaaaaagagtgtttccaacctgctgaatcaaaagaatggttttactctgtaaaatgaatacacacctcac"
"CP068268_39050443_39150442",1,19693,19861,"+",14.5348837209302,-1,169,"171_1",-1,"atcactttcacatatagcttcttttgagtttctatcttgggatattcagtttttctccataggcctcaaagggctcccaaatattcctttgtagattctctaaaaagagtgttttcaacttgctgaatcacaggacaggtttaactctgtaagatgaatccacacatca"
"CP068268_39050443_39150442",1,19862,20038,"+",19.1860465116279,-1,177,"171_1",-1,"caaagcagtttcacagatagattctttctattgtttcactggtgtaatttggtttttctccataggcctcaatgggtttcaatatatccctttgcagattctcctaaatgagtgtttctaaccctgcttaatcaaaataaagttttaattctgagagatgaacccacacctcacaca"
"CP068268_39050443_39150442",1,20039,20215,"+",22.093023255814,-1,177,"171_1",-1,"actcacaagggagtttcatgaagacctatgttctagttttgatctcagaatattcagcctttccatataggcctcaaacaactcccaaaagtccctttgcagattctaccaaaagaatgtttctaactttctgaatcaaaagaaagttttaactctgtaagatgaatccacatatca"
"CP068268_39050443_39150442",1,20216,20387,"+",10.4651162790698,1.1e-27,172,"171_1",-1,"caaagcagtttcacagatagtttctttctagtttttatatggggatattcggtttttactcataggcctcaaggggctcccaaatgtccatttgcagattctccagaaagagtggttccaatctgctgaatcaaaataaatgttaaaccctgtgacatgaatccacacatca"
"CP068268_39050443_39150442",1,20388,20559,"+",10.4651162790698,-1,172,"171_1",-1,"caaagcagtttcaaaaatagcttctttctagttgttttctgtggatatttcatttttacccataggcctcaatgggctcccaagtgttccttcacacattatccaaaaagagtgttttcaacctgcttaatctaaagaaaggtttatctctgtgagatgaatccatgtatca"
"CP068268_39050443_39150442",1,20560,20726,"+",15.1162790697674,-1,167,"171_1",-1,"caaagcaggttaacagtttctttctggtttttatctggagatatttggttttccccataggtgataatgggctctgaaaagtccatccacagattctccaaaaagagtgtttcccacctgctgaatcaaaagaatggtttaactctgtgacctgaatccacacgtca"
"CP068268_39050443_39150442",1,20727,20896,"+",17.4418604651163,-1,170,"171_1",-1,"caacagtttcccacataaattctttggagtttctatcttaggatatccagtttttccccatacacctcaatgggctcccaaatgttcattcatagattctgcaaaaggagtgttttcaacctgccgcatcaagagaaacgtttatctctgtgacatgaatccacatattt"
"CP068268_39050443_39150442",1,20897,21067,"+",15.1162790697674,-1,171,"171_1",-1,"caagcagtttcacagagaacttctgtctagtttttttcaggagatattccatttttttttccttaggccacaatgggctcaaaaatttcccttcacatattctccaaaaagtgtttccaatctactgaatcaaaagaatactttaactctttgagatgaatccacatatca"
"CP068268_39050443_39150442",1,21068,21243,"+",16.8604651162791,6.1e-22,176,"171_1",-1,"caaaagagttccacagacagcttcatttgagtttttttcctggggatattcgttttttttcccccttaggtcccaatgggttccaaaatatcccttcagagatactttgaaaagagtgttttcaacctgctgaatcaaaagaaagttttaattctctgagatgaaaccacacatca"
"CP068268_39050443_39150442",1,21244,21415,"+",16.8604651162791,1.7e-20,172,"171_1",-1,"caatccagtttcacagtttgtttcttttcagtttttatcaaaggatattcaactttttcttataggccttaatgggctcccatgtgtcccttcacagattttccacaaagagtgtttccaaactgctaaattgaaagaaagttttaactctgtgggaagaatcgacacatca"
"CP068268_39050443_39150442",1,21416,21587,"+",10.4651162790698,2.1e-26,172,"171_1",-1,"caaagcagagtcacagatagcttcgttctagtttttttctggcgttattctgtttttcccgataggcttcaatgggttcccaaatgtccattcacagattatccaaaaagagtgtttccaacatgctgaaacaaaagaaaggtttacctctgggaggtaaatccacacgtca"
"CP068268_39050443_39150442",1,21588,21759,"+",12.7906976744186,4.5e-25,172,"171_1",-1,"caaagcagtttcacagatagcttctttctggtttttacctggtgatattggatttttccaaataggccacaatgggctcccaaatgtccattcgcaggttctccaaaaagagtattttcaacttgctggataaaaagaaatgtttaactctctgagatgaatcaacacatta"
"CP068268_39050443_39150442",1,21760,21795,"+",79.0697674418605,-1,36,"171_1",-1,"caaagcagtttcacagatagcttctttctagtttct"
"CP068268_39050443_39150442",2,24494,24665,"+",15.1162790697674,-1,172,"171_1",-1,"aaaagcaatttcacagatagcttctttctactttttatctggggatatacagtttttccctataggtctcaatgggcttccaaatgtaccttcacagtttcaacaattagagcgttttcaacctgctgaatcaaaagcaaggcttaaatcagtgagagaaatttgcacatca"
"CP068268_39050443_39150442",2,24666,24840,"+",18.0232558139535,-1,175,"171_1",-1,"caaggtggtttcacaaatactttttctagattttatttgaggatattcagatttttccccataggcatcaagtggcttgcaaatgtcccttcacaggttctacaaaaagaatgtttccagcctgctgaataaaaaaataaaaaggtttagctctgtgagatgaatctgcatgtca"
"CP068268_39050443_39150442",2,24841,25012,"+",18.6046511627907,-1,172,"171_1",-1,"aaaagcagtttcacagttagtttctttgtagttttctttgatgggtatcctgtttttccccctaggtctcagtgggctcctaaatatccactagcagattcttcagataaagtttttccaacctgcagattcgatagaaaggtttaactctgtgagatgaatccacccatca"
"CP068268_39050443_39150442",2,25013,25183,"+",11.046511627907,1.6e-26,171,"171_1",-1,"caaagcagtttcacagaaagcttctttccagcttttatctggggatattcattttttcctattaggcctcaataggctccaaaatgtcccttcacagattctacaaaaggagtgtttcctacctactgaattaaggaaaagttttaactctgtgagatgaatccaacatca"
"CP068268_39050443_39150442",2,25184,25355,"+",19.7674418604651,-1,172,"171_1",-1,"caaagcagtttcacaagtaacttctgtctaattattatctggggatatttggtttttccccataagtctcaatagctccctaatgactcattgcagattcaacaattacaatgtttccaccctgatgaatcacaagaatgttttaactctgtgagatgaatctgcatatacc"
"CP068268_39050443_39150442",2,25356,25523,"+",22.093023255814,-1,168,"171_1",-1,"aaagccattttacaaatagcttccttccattagttaaggagaaattctctttttccccataggtctcagtgggttcccaaatgtcccttcatttattctccaaaaatgtgtttataatctgctgaattaggaaaaagttttaactctatgaggtgaatgcatgcatca"
"CP068268_39050443_39150442",2,25524,25687,"+",16.2790697674419,-1,164,"171_1",-1,"caaagcagtttcatagataggttttatttagttgttatctggggatattctgtttttcctgtaggcctcaatgggatacaaatatccattcacagatcctccaaaaatagtgtttccaacctgctgcatcaaaagagaagcttaactccctgagatgaatcaca"
"CP068268_39050443_39150442",2,25688,25856,"+",16.2790697674419,-1,169,"171_1",-1,"aagccatttcacagatagcttctttgtgggttttatgtgtaaatattcggtttttcccaataggcctcaatgggctccccaaagtccctttgaagcctctacaaaaaaatgtttccaacttgctgaatcaaaagaaagtcttaaatctgtgagatgaatccacatataa"
"CP068268_39050443_39150442",2,25857,26028,"+",15.6976744186047,1.8e-23,172,"171_1",-1,"caaagaagtttcacagttaatttctttctagtttttctctgaggatattttgtttttcccagtaggcctcaatgggttccaaaatgtccttttgcagattctacataaagagctcttccaaccagctgcatcaaaagaaagttttaaatctgtgatatgaatccacacataa"
"CP068268_39050443_39150442",2,26029,26200,"+",16.2790697674419,6.1e-21,172,"171_1",-1,"caaagcagtttcatggataacttctttctagtttttatctgcagatattcattttttttccataggcctcaactgacttccaaacgtctatttgcacattctccaaaaacagtatttccaacctgcttaatcaaaatacagtcttaactccgtgagatgaatccatacatca"
"CP068268_39050443_39150442",2,26201,26372,"+",13.3720930232558,1.2e-24,172,"171_1",-1,"caaagtggtttcacagatagcttctttctagtttatatcagtggatattccatttttccctataggattcaaaggtctcccaaatatgccatcgcagactctacaaaaagagtgtttccaacctgctgaatcaaaagaaacatttaactctgtcagatgaatccaaacttca"
"CP068268_39050443_39150442",2,26373,26544,"+",13.953488372093,1.4e-24,172,"171_1",-1,"caaagctgtttaacagattgtttctttctagtttttatctggggatattcttttttttttcatgtacatcaatggactcccaaatgtccctttgcagattttccagaaagagtgcttccaacgtgctgaattaaaagaaagctttaactctgtgagataaatccacacatca"
"CP068268_39050443_39150442",2,26545,26715,"+",11.6279069767442,1.1e-21,171,"171_1",-1,"caaagcagtttcacagattgcttctttctagttttatctagggatattctgttttttcccataggcatcaattgtcatccaaatattccttcacagattctttaaaaagagtgtttccaacctcctgaatcaaaataaacgtttacctctttgatatgaatccacacatca"
"CP068268_39050443_39150442",2,26716,26886,"+",13.953488372093,-1,171,"171_1",-1,"caaagcagtttcacaaattgcttatttctagtttttatctggtaatgttcagtttttctccatatgcctaaatgggctcccagctgtccctttgcagatcctccaaaaagagtatttacaacatgctgaatcaaaagaaaggtttatctccctcagatgaatccacacatc"
"CP068268_39050443_39150442",2,26887,27055,"+",15.6976744186047,-1,169,"171_1",-1,"aaaagcagtttcacagatagcttctttctcgtttttatctggggatatttggtattttaacattggcctccatttgctccaaaatgacacttcacaaattctctaaagagagtgtttccaaccttctgaatgaaaaaagtttaactttgtaagatgaaagcaaacatca"
"CP068268_39050443_39150442",2,27056,27226,"+",18.6046511627907,-1,171,"171_1",-1,"ccaagcagtttgacacattgtttctttctaattcttatctagggatacatgattttcaccataggcctcaaagggctttcaaaggtccccttgcagatcctccaaatagagtgtttccaacgtgcagaatcaaaagaaagattcaactctggaagaggaatgcacacatca"
"CP068268_39050443_39150442",2,27227,27398,"+",12.2093023255814,5.7e-26,172,"171_1",-1,"caaagcactttctcagatagcttctttctagtttttatcaagggataatcagttttaccccataggcctagaggggctcccaaatgtacctttgcagatcctccaattagagtctttccaacctgctgaatcaaaagaaaaatttaactctgtaaaatgaatcgacacatca"
"CP068268_39050443_39150442",2,27399,27568,"+",17.4418604651163,-1,170,"171_1",-1,"caaagcagtttcacaggtagcttctttctcatttctatctggggctattcagttttcaacacaggcctccatgggctaccaaatgtcatttcatagattttccagtaagagttcttccaatgtactgaatcaaaacaaaattttaactctgtgagaagaatccacaagtt"
"CP068268_39050443_39150442",2,27569,27740,"+",15.1162790697674,-1,172,"171_1",-1,"acaatactgtttcacaggtaacttccttctaccttttatctgtagatataagtttttcccagtaggtctcaatgggcttccaaatgtttcttcacagtttctacaaaaagggtgtttccaacctgctgaatcaaaaggaaagtttaactctgtgagatgaatttacacatca"
"CP068268_39050443_39150442",2,27741,27912,"+",15.6976744186047,5.4e-23,172,"171_1",-1,"caaaggagtttcacagatagcttctttctagtttttatctagtgatattaggcactacaccgttggcctcaatgggtgctcaaacattaattcgcagatcctccaaaaagagtgtttccaacttgctgaatcaaaaaagtagtttaactctgtgagatgaatccccacataa"
"CP068268_39050443_39150442",2,27913,28083,"+",14.5348837209302,8.6e-24,171,"171_1",-1,"caaagcagtttcacagacagtttctttctagtttttatctggggatattcagattttcccatacgccccaatggattcataaatggcccattgcatattttccaaaaagagtgtttcctgcctgctgaacgcaaagaaaaatttaaatctgtgacatgaatccacacatca"
"CP068268_39050443_39150442",2,28084,28256,"+",13.3720930232558,1.7e-24,173,"171_1",-1,"caaagcagtttgacagatagcttctttctagtttgtatctggggatattatttttttcccaataggcctcactgggttgccaaatggccctttgcagattctccttaaagagtttttcaaacccctttaatcaaaagaaaaggtttaactttgtgagatgaatccacacaaca"
"CP068268_39050443_39150442",2,28257,28426,"+",11.6279069767442,-1,170,"171_1",-1,"caaagcagtttcacagatagattctttttatttttatctggggatattctgtttttccccatagtccttaatgttctcccaaatatccctttgcagattctccaaaaacagtgtttccaacctgctgaataaaagaaaagttttaactccgttagcttaatccacacatt"
"CP068268_39050443_39150442",2,28427,28595,"+",16.8604651162791,-1,169,"171_1",-1,"aaaagcagtttcacagatagcttccttgtagtttttacctgaggatgttgggtttttcgccataagcctcaaaggcctcctaaatgtccattgacagaatctttaaaaagaatgttgccaacctgctgattaaaagaaaggtttaaatctcagataaatccaaaaatca"
"CP068268_39050443_39150442",2,28596,28773,"+",16.8604651162791,-1,178,"171_1",-1,"taaagcagtttcacaagtagcttctttgtagttttttttttttcctgggcatattggctttttccccataggccacaatgggctcccaaatttctttttgcacattctccaaaaacagtcttttcaacttgctgaatcaaaagaaaggtttaaccatgtaagatgaatccacacatca"
"CP068268_39050443_39150442",2,28774,28945,"+",12.2093023255814,1.3e-26,172,"171_1",-1,"caaatcagtttcacagatagcttgtttttaatttttatctggggatattcagcttttccccataggccttaaatgactaccaaaaatccattcccagattctccaaaaagagtgtttccaccctgctgaatcaaaagacagttttaactctgtgagatgaatatacacatca"
"CP068268_39050443_39150442",2,28946,29118,"+",11.6279069767442,2.2e-24,173,"171_1",-1,"caaagctgtttcacagataactacgttatagtttttttcctgaggatattttatttttctccataggcctcaataggctcccaaatgtcccttcacagatccttcaaaaagagtgtttctaacgtgctgaatcaaaagaaaattttaactctctgagatgaatacacacatca"
"CP068268_39050443_39150442",2,29119,29230,"+",41.2790697674419,-1,112,"171_1",-1,"caaagcagtttcagagatggcttccttctagtttttatctgaggatatttgatttttcgccataggccccaaaaggctctcaaatgtcccttcacagattctccaaaaagtg"
"CP068268_39050443_39150442",3,31213,31382,"+",15.7894736842105,6.1e-19,170,"171_1",-1,"caaagcagtttcacacatagcttctttctagtttttgtctgaggatattttgtgtttctccataggcttcaatgagctcccaaatatcttttcacagattgtacaattagagtgtttccaacctgctgaatcaaaagaaaaattcaattatgtgtgatagccacacatta"
"CP068268_39050443_39150442",3,31383,31559,"+",19.2982456140351,9.8e-19,177,"171_1",-1,"caaagcagtttctcagatagtttccttccagtttttatctgggaatattcaatttttccccataggccttaatggcttcccaaacatcccttcagatattctcaaaaaagagtgtttcttacctgctaaataaaaaaaaaaaaaaaatgtaactctgtaagatgaatgcacacaaga"
"CP068268_39050443_39150442",3,31560,31731,"+",14.0350877192982,-1,172,"171_1",-1,"caaagcagtttcacagatagcttctttccagtatttttctggggatattctgtttttccccatattcttcaatgggctcacaaatgtctttttgcagattctcctaaaacagtgtttctaaactgaggaatcaaaagaatggtttaactctgtgagatgaatatacagatac"
"CP068268_39050443_39150442",3,31732,31902,"+",16.374269005848,-1,171,"171_1",-1,"aaagcagtttcacagacagctttcttgtagtttttatcttcggatattcagtcttccctgttaggtcacaatgggctcccaaacgttgcttcacagattctccaaaaagagtgtttccaacctgtggaatcaaaagagggtttaactctgtgagataaatccagccatcac"
"CP068268_39050443_39150442",3,31903,31963,"+",65.4970760233918,-1,61,"171_1",-1,"aaagctgtttcacagatagcttatttctagttgtttttttttttttttttttgatggagtc"
"CP068268_39050443_39150442",3,31964,32209,"+",77.7777777777778,-1,246,"171_1",0.777777777777778,"tcactgtgttacccaggctggagtgcaatggtgcaatctgagctccctgcaagctttacctcctgggttcatgccattctcctgtctcagcctcctgagtacttgggactacaggctcctgccactacacccagctaattttttgcagttttagtagagactgggtttcactgttagccaggatggtctctctcctgacctcgtgatcagccagcctcagcctcccaaagtgctgggattacaggc"
"CP068268_39050443_39150442",3,32210,32379,"+",22.2222222222222,-1,170,"171_1",-1,"atgagcctccacgcctggcccttttttctagttttcatcttcggatattcaggtttccccgtaggcttcactgagatttcagatgtcccttcacagattctccaaaaagagtgtttccatcctgctgaattaaatgaaatgtttatctctgtgagatgaatccactttac"
"CP068268_39050443_39150442",3,32380,32547,"+",17.5438596491228,-1,168,"171_1",-1,"aaagcagtttcacagatagcttatttctatttttttctggcaatattaattttttccccatagacctcaatgggctcccaaatgtcccttcgatgttctgcataaagagtgtttccaaacagctgaaccaaaggaaaacttgaattctgtcacatgagtctatacgtc"
"CP068268_39050443_39150442",3,32548,32719,"+",15.7894736842105,-1,172,"171_1",-1,"aaaatgtagtttcacagagagcttctttccagtttttatctgggaatatttggtttttcgccatagtcctcaaacggatcataaatgcctctttgctgatcctccaaaaacagtgtttccaacctgctgaatcaaaagaaaaatttaactctgtgagatgaatctatgtatc"
"CP068268_39050443_39150442",3,32720,32885,"+",21.0526315789474,-1,166,"171_1",-1,"acagtgcagtttcccaggtagcttctttcttgtttttatctggttatatttggtctttccctatattgtaaaagggcacttaaaagtccctttgcagagtctccaaaaagagtgtttccaacctgatgaattaaatgaaagtttaacctttcatgaatccactcaa"
"CP068268_39050443_39150442",3,32886,33059,"+",18.7134502923977,-1,174,"171_1",-1,"cacaaagcagtttcatggataacttctttctagtttttatcttgggacattacgtttttaccaataggcctccatgggctcttaaatgtaccttccaagattctacaaaaagtgtgcttccaatcttctggatcaaaagaatgatttaatgttatgagatttatccacacatca"
"CP068268_39050443_39150442",3,33060,33233,"+",12.8654970760234,5.6e-21,174,"171_1",-1,"caaagcagtttcacagatagtttattttctaggttgttatctggggatattcgctttttacccataggcctcaaagggctcccaaatgtccctttgcagattcaacaactagtgtgtttccaacctactaaatcaaaagaaagtttgaactctatgagatgaatttacacatca"
"CP068268_39050443_39150442",3,33234,33405,"+",15.2046783625731,1.6e-21,172,"171_1",-1,"tgaagcagtttcacagatattttccttctagtttttatctggggatatttgttttttcttcatagtcctcaaatgtctcccaaatatcccttagtagattctagaaaaagagtgttttgaatctgcagaatccaaagaaagttttaactctgtgagaggaatccacacatca"
"CP068268_39050443_39150442",3,33406,33576,"+",16.9590643274854,3.1e-21,171,"171_1",-1,"caaagtattttcacagatagtgtctttctagtttttaggtggggatatatggtttcaacccatgggcctcaaagggctgccaaatattcctccacagattctccaaaaaaaagttttttcaacctgctgaatcaaaagaggtttcactttgagagatgcatccacacatca"
"CP068268_39050443_39150442",3,33577,33748,"+",11.6959064327485,3.6e-24,172,"171_1",-1,"caaagtagtttcacagttagcttctttctagtttttatctgggtatattctgtttttcttcataggcctcaaagagctcccaaatatgtcttcacagattctacaaaaagagtgtttttaacctgcttaatcaaaagaaaggtgaaacactgtgagatgaatccacacatca"
"CP068268_39050443_39150442",3,33749,33919,"+",12.8654970760234,5.8e-23,171,"171_1",-1,"caaagcagtttcacagacagcttcttctagtttttatctggggatatttggcttttatccatactcctcattgagttcccaaatgtttcttcacagatactccaaaaagagtgtttttaacctgctgaatcaacagaaaggtttaagtttgtgagacgaatccacacatca"
"CP068268_39050443_39150442",3,33920,34091,"+",18.7134502923977,-1,172,"171_1",-1,"caaaacagtttcacagatagcttctttctagtttttatctgaagatattcggctttaccaaatagacctcaatgtgctccaagaggtgccttttcaagtcctccaaaagattattttcaatctgctgtaacaaaagaaatgtttaactctgtgtgatccatccacacattac"
"CP068268_39050443_39150442",3,34092,34261,"+",16.9590643274854,-1,170,"171_1",-1,"aacacagtttaacagatagcttttttctactttttatctgggtatattcagttttcccaataggtctcaatagtattccaaatttcccttcacaaaatctccaaaaagaatgtttccaaactgctgaatcaaaagaaagatttaactctgtaatacaagttcacacataa"
"CP068268_39050443_39150442",3,34262,34433,"+",12.8654970760234,4.5e-22,172,"171_1",-1,"caaagcagtttcacagaatgctgctttctggtttttatctagggatatttggtttttccccataggcttcaatggggtcctaaatgtccctttgaagattatacaaaaagactgttcccaacctgctgaataaaaagaaaggtataactctatgagatgaaaccacacatca"
"CP068268_39050443_39150442",3,34434,34605,"+",12.8654970760234,4.4e-21,172,"171_1",-1,"caaaacattttcacagatagcttctttctagtttttacctggggatattctcgttttacacattggccacaatgggctccaaaatgtcctttcggacattcaacaattagagtgtttctaacctgctgaatcataagaaagttttaactctgtgagatgaatccacacatca"
"CP068268_39050443_39150442",3,34606,34778,"+",14.0350877192982,2.4e-20,173,"171_1",-1,"caaagtagtttcacagatagcttatttttagtttttatctgtggatatttgttttttttccaatagggttcaataggctcccaaatatcccttcacagattctatagaaagagtgtttaaaacctgttgaataaaaacaaaggtttaactctgtgagatgaatctacacatca"
"CP068268_39050443_39150442",3,34779,34947,"+",15.7894736842105,1.7e-20,169,"171_1",-1,"caaagcagtttcacaaataacttctttctcgtttttacctggggttatttggtttttcctaataggcctcaaaaggctccgaaatgtgccttcacagattctctaaagagagtgcttcccacctgctgggacaagagaaagtttcatggtgatatgaatccacacatca"
"CP068268_39050443_39150442",3,34948,35121,"+",14.0350877192982,2e-21,174,"171_1",-1,"caaagctgtttcacagggagatgtttccagtttttgtctcgggatatttgtttttttcccataggcctcaatgggctcccaaatgtcccatcacagattctgcaaaaagaagagtatttccaaccttccgaatcaaaagaaaggtttaactctctgagattaatccacacatca"
"CP068268_39050443_39150442",3,35122,35293,"+",15.2046783625731,5e-20,172,"171_1",-1,"caaagaagtttcatagacaacttttttctcgtttttatctggggatgttcaattgttccccataggacacaaagggctccaaaatatccctttgcagattctacaaaaagagtgtttccaacctgatgtatcaacagaatggcttaactctttgagatgaatccacacatca"
"CP068268_39050443_39150442",3,35294,35465,"+",12.280701754386,-1,172,"171_1",-1,"caaagtagtttcacagatgcttatttctagtttttaatctggggatattcagtttttccccagagacctcaatgggcactgaaatgtccctccacagattctccaaaagaaatgtttcccaccttctgaatcaaaagaaaattttaactctgtgagatgaatccatctatca"
"CP068268_39050443_39150442",3,35466,35636,"+",18.1286549707602,-1,171,"171_1",-1,"caaagcagtttcacagatagatttttttctagtttgtatgtgggaatattgtgttttttccatagactgcaaaggacttccaaacgtcccttcacatattctccaaaatgagagtttccaacctacatatgcaaaggaaaaatttaactctgtgaggtgaatccacatcat"
"CP068268_39050443_39150442",3,35637,35806,"+",16.9590643274854,-1,170,"171_1",-1,"aaaggagtttcacagatagcttttgtctggtttttatatggggttattctgttttactcataggccacaatacattacaaaatgtcccttcacagatactccaaaaagagtgtttccagcctgctgaaagaaatgaaaggtttaagtctgtgaggtgaaaccacacgtca"
"CP068268_39050443_39150442",3,35807,35977,"+",14.0350877192982,1.2e-19,171,"171_1",-1,"caaagtattttcacagatagcttctttcttgttttctctgtagatattttgttttaccccataggcctcaatagactcccaaatgtcccttttcagattcttcaaaaatagtttttccaacttgctgaataaaaagaaaggcttaactctgtgagatgcacccacacatca"
"CP068268_39050443_39150442",3,35978,36149,"+",15.2046783625731,1.2e-19,172,"171_1",-1,"caaagcagtttcatagatagcttctttctagtttttatcttgggatgttggtgttttcccaatagccatcaatgggctctcaaatgtttatttgcagattctatgaaaagagtgttttcaacctgctagatcaaaagaaacgtttaactctgttggatgaatccacacaatg"
"CP068268_39050443_39150442",3,36150,36323,"+",12.8654970760234,-1,174,"171_1",-1,"caaagcagtttcacagagagcttctttctagtttttaatctgcagatatttggtttttccctataggcctcaatgggctccaaaatgtaccttcacagattccacaaaaatagtgtttacaaattgttgaatcaaaagaaatgtttaactctgtgagatgaatctcacattaca"
"CP068268_39050443_39150442",3,36324,36493,"+",16.374269005848,-1,170,"171_1",-1,"aaacattttcatagatagcttctttctaatttttatgtggggatattcaatttttccccatgggcttcaaagggctcacaaatctccttttgcagagtctccaaaaggagtgcttccaatttgctgaggcaaacgaaagctttaccactgtgagatgaatccacacatca"
"CP068268_39050443_39150442",3,36494,36665,"+",14.6198830409357,6.1e-19,172,"171_1",-1,"caaatcagtttcacagattgcttctttctagtttttatacaaagatattcaatttttccccataggcttcaatgggctcaaaaatgtcccttctcagagtctccaaaaggactgtttccaatatgttaaatcaaacgaaagatttaactctctgagatgaatccacatatca"
"CP068268_39050443_39150442",3,36666,36837,"+",14.0350877192982,-1,172,"171_1",-1,"caaagaagtttcatggataacttctttctactttttctctgtatatgttcagtttttccacataagcctcaatgggcttccaaatgtcccttcccaggttctccaaaaagagtgtttccaaccagctgaatcaaaagaaatgtttaactctgtgatatgaatccaaacgtta"
"CP068268_39050443_39150442",3,36838,37006,"+",15.7894736842105,-1,169,"171_1",-1,"caaagctgattcacaggtagcttctttctagtttttatatggggatattctgtttttccccataggccacaaacagctacaaaaggtcactttgcagattcgacaaaagtgtttccaacctgctgggtcaaataaaaggtttaacactgtgagatgaatccacacatca"
"CP068268_39050443_39150442",3,37007,37178,"+",17.5438596491228,6e-16,172,"171_1",-1,"aaaagcaatttcacagataacttgtttctaatttttatctcaagatattttgtttctccccataggcctctataaactcccaaaagatccttcacagattctacaaaaagagtgtttcccacatgctgaatcaaaagaatggctaaactctgtgaaatgaacctgcacatca"
"CP068268_39050443_39150442",3,37179,37348,"+",18.7134502923977,3.5e-16,170,"171_1",-1,"caaagcaatttcaaagatggattctttctagtttttatcttggttatattattttccccatagatgtcaatggactaaaaaatgtcccttcccagatactccaaaaagggtatttcccatctgctgaatcaacagacaggattagctttgtgagatgaattcacacatca"
"CP068268_39050443_39150442",3,37349,37519,"+",17.5438596491228,2.7e-16,171,"171_1",-1,"caaagggtttcaaaggaagcttttttctagtttctatattaggatattttgtttttccccataggcttcaatgggctcccaaatgtccctttgcagattccacaaaaagattgtttccaacttcctagattaaaagaaaaatttaaatttgtgaaatcaatccacacatca"
"CP068268_39050443_39150442",3,37520,37690,"+",21.6374269005848,-1,171,"171_1",-1,"tgaagaggtttcacatatactttctttctactttttatctggggatattcaggttttttccagaggactcacaggacccccaaatgtcttttcatggattatttaaaaagagtattttcaacttactgaatcagaagaaaggttttcatctatgggatgattttacacatc"
"CP068268_39050443_39150442",3,37691,37860,"+",14.0350877192982,-1,170,"171_1",-1,"ccagagaattttcacagctagcttctttctagtttttatctgaagatatttggtttttcccataggcctccataggatcctaaatgtccttatgcagattctccaaaaacagtgtttccaacctcctgaatcaaaagaaattttaactcagtgagataaatgcacatatc"
"CP068268_39050443_39150442",3,37861,38029,"+",14.0350877192982,-1,169,"171_1",-1,"aaaaagcagtttcacagatagcttctttctggtttttatcttggaatatatggttttgccccagaggctacaaggctttcaaatgtccttttgcagattatccaaaaagagtgtttctaagctgctgaatcaaaagaaagttttaactctgtgagatgaatccacacca"
"CP068268_39050443_39150442",3,38030,38200,"+",16.374269005848,-1,171,"171_1",-1,"caaagcaatttcaccgatagcttcatactacttttcatttgaggataatctgtttttccccataggccttgatggcctgggaactgtcccttcacaaattctacaaaaagagtttccaacttgctgaatcaaaagaaagttataactctgtgagataaatccacctatcac"
"CP068268_39050443_39150442",3,38201,38368,"+",15.2046783625731,-1,168,"171_1",-1,"aaaggtctttaacagatagcttctttctgctttttatcttgggatatacagtttgccccataggccacagggctcccaaatgtccttttgcagattctccaaaaagagcgtttccaaactgctgaatcaaaaaaaaggtttaattctgtgagatgaattcatacatca"
"CP068268_39050443_39150442",3,38369,38543,"+",18.7134502923977,-1,175,"171_1",-1,"caaaggggtttcacagatagcttctttctagtttttatttgaggatatgtggtccttcctcaaaggcctcaatgggttcccaaatgtccctttgcagatgctacaaaaaacatattttcaacctgctgaaccaaaaaaaaaatgcttaactctgtgagatgagtgcatagatcac"
"CP068268_39050443_39150442",3,38544,38712,"+",16.9590643274854,-1,169,"171_1",-1,"aaagcagtttcaaatacagattctttttagtctttatctaggaatattcactttttccacataggcctcaattggctcacaaattttcctttacagattatccaaagagaatatttgcaacctgctgaaacaaataaaggtttactctgtgagataaatccacacatca"
"CP068268_39050443_39150442",3,38713,38884,"+",15.7894736842105,9.6e-19,172,"171_1",-1,"caaagcattttaacagaaagattatttttagtgtttatatgggattatttggtttttctccataggcctcaaagggctcccaaatgtcctttcacaatttgtacaaaaagagtgtttccaacctgctgaatcaaaagaaaacttttactctctgaggctaatccacatatca"
"CP068268_39050443_39150442",3,38885,39065,"+",21.0526315789474,3.1e-17,181,"171_1",-1,"gaaagcagtttctcagatagcctctttctgttttttttttttctggggatttttggtttttccccttaggcctcagtgggcttccaaatactcctttgcagattctccagttagagtctttccaacctgctgaatcaaaagaaagttttaattctttgtgattaattctttaatccacatg"
"CP068268_39050443_39150442",3,39066,39237,"+",15.7894736842105,7.2e-19,172,"171_1",-1,"tcacaaagccatttcacacatagcttctttcttgtttttatcttgggatattaagtttttccccataggcctcaatggtgtcctaaatgtcaccttgcagattctgtaaatagagtgttccaacctgctgaaacaaaagaaaggtttaactctgagatgaatttacacatca"
"CP068268_39050443_39150442",3,39238,39409,"+",13.4502923976608,4.3e-23,172,"171_1",-1,"caaagcagtttcacagatagcttctttctggttttttatcaggagatacatggtttttctccatagtccttaatgtgttcccaaatgccccttctcagtttatccaaaaagagtgtttccaacctactggatcaaagaaaggtttatctctgtgagatgaatccacacaaca"
"CP068268_39050443_39150442",3,39410,39581,"+",14.0350877192982,1.2e-19,172,"171_1",-1,"caaagcagtttaacagatagcttcttcctagtttttaatctgaggatatttgatttttacttataggccttattaggctcccaaatgtcttttctcagattctacaaaagcagcgtttccaaccttctgaatcaaagaaaattataactctgtgagatgaatccacacatca"
"CP068268_39050443_39150442",3,39582,39755,"+",18.7134502923977,1.1e-21,174,"171_1",-1,"catagcagtttcacagataacttttttttagtttttgtctggggatattcggttttttcccttaggcaagaatgagctaccaaatgtccttacacagattccccaaaaagaaagtttacaaactgctgaataaaaaaaaaaatgttcacctctgttagaggaatctacaggtca"
"CP068268_39050443_39150442",3,39756,39902,"+",22.8070175438596,9.8e-20,147,"171_1",-1,"caaagtagtttcacaaatagctcctttctagtttttatttggggatattgtctttttccccataggcctcaatggcctgtgaaatgtcccttcacagattctacaaaaagagagtttccaaattctgtgagatgaatccacacatca"
"CP068268_39050443_39150442",3,39903,40074,"+",17.5438596491228,1.2e-20,172,"171_1",-1,"caaagtagtttcacagctagcttctttctagtttatatctagggatattcagttttctttcttaggcctcaatgggttctgaaacgtgcctttgctgagactccaaaatgtgtggttccaatctgctgaatcaacagcaaggtttaactctgtgagatgaattcacacacca"
"CP068268_39050443_39150442",3,40075,40252,"+",14.0350877192982,-1,178,"171_1",-1,"caaagctgtttcacagaaagcttctttatagttttttttttttttctggggatattctgttttttcccataggcctcaatgggctcccaaatgtcccttcacagaatatccaaaaagagtattaccaacctgctgaatcaaatgaaagctttaacactgtgagatgagtccagcatca"
"CP068268_39050443_39150442",3,40253,40423,"+",14.0350877192982,-1,171,"171_1",-1,"caaagctgttttacagatagattctttcttgtttttatcttgagatattctgtttttccccataaactctatgggataccaaatgttcctttgcagattctaaaaaaagagtgtttccaacctgctcaaaggaaagaaagttttaagtctgtgagatgaatccacacatca"
"CP068268_39050443_39150442",3,40424,40595,"+",14.0350877192982,4.4e-22,172,"171_1",-1,"caaaggagtttcacagatagcttcttcctaatttttatctggggatattccatttgtccccatagccctcaatgctctcccaaatgtctgttcgcagtttctaccaaaagagtgtttccaaactgctgtatctaaagaaaagtttaacttcatgagatgaatccacacatca"
"CP068268_39050443_39150442",3,40596,40764,"+",17.5438596491228,3.8e-16,169,"171_1",-1,"caaagcattttcacacataacttctttgtagtttttatttgtggatgttcggtttttctccatagacctcaaaggactctcaaatatccctttgcagattctcccaaaagagtgtttccaacctgatgtttcacaagaaaactttaaatcaagagctgaatccaaatat"
"CP068268_39050443_39150442",3,40765,40938,"+",22.2222222222222,-1,174,"171_1",-1,"cacaaagcagttttggaggtagcatctttcttcctattatctgtggatacttctttttttcttatcagcctcaatgggctcccaaatatcccttcacaaattctacaaaaagattgtttaaaaccttttgaataagaagaaaagtttcacactgtgagatgaatccatatatta"
"CP068268_39050443_39150442",3,40939,41110,"+",11.1111111111111,-1,172,"171_1",-1,"caaatcagtttcacagatagcttcattctagtttctatctgggaaaatttggtgtttccccaaaagcctcagtgggctcccaaatgtttcttcacagattctccaaaatgattgtttacaatctgatgaatcaaaagaaagttttacctctgtgagatgaatccacacatca"
"CP068268_39050443_39150442",3,41111,41279,"+",18.1286549707602,-1,169,"171_1",-1,"caaagctgtttcagagattaattctttctagtttcaatatagggatattctgttatttcccacagtcctcaaaggtttcacaagtttccctttgcagattctccaaaaagagtgttttcaatgctgaataaaagaaaggtttaagtcagtgagttgaatccacacatca"
"CP068268_39050443_39150442",3,41280,41449,"+",17.5438596491228,-1,170,"171_1",-1,"acaagcagtttaacagatagcttctttctagtatttatctggggataatccatttttccccttaagccccaatgggcatccaattgtcccttagcagattctccaaaaagagtgtttagaggctgatgaaagaaaagaaatatttatatctgagatcaatccacacatcg"
"CP068268_39050443_39150442",3,41450,41620,"+",17.5438596491228,4.7e-21,171,"171_1",-1,"caatgctgtttcacagatagtttctttgtagtttttacctaggattattcagtttctccccataggccccaatgggctcccaaatatcgctttgcagattccacaaaaggagtgtttccagcctgctgaatcagcacaaaaatttgcagtgtgagaagaatccacacatca"
"CP068268_39050443_39150442",3,41621,41797,"+",19.8830409356725,-1,177,"171_1",-1,"caaagcagtttcacagatacctaatttctagtttttatctggagatattcagtatttccccataggcctatttcagtgcccaaatttcccttcacagattctacaaacagaatgtttccaaactgttgaataaatacaacagtttaactctctgatatgtatccagcaatcataaag"
"CP068268_39050443_39150442",3,41798,41927,"+",33.9181286549708,-1,130,"171_1",-1,"caccttcacagtaactttcttagaccccaatgggctctaaaatgtcccttcacagagcctccaaaaagtggttttccaatctgccgaatcatcaggaaggtttaactctgtgagatgaatccacacatca"
"CP068268_39050443_39150442",3,41928,42096,"+",22.8070175438596,2.6e-09,169,"171_1",-1,"caaaggagtttttggaaatatgtttctagcttttatatgtgaatattccattttctccactctccttaatgatctccaaaatgtcccatttcatattctacaaaaagagtgtttccaacccacagaatcaaaagaaattttaaactctgtaagatgaattcacacatca"
"CP068268_39050443_39150442",3,42097,42177,"+",56.140350877193,-1,81,"171_1",-1,"caaagcagtttcacaggtagattctttctagtttttatatgggggatatttggctttactcctttggcctcaatgggcttc"
"CP068268_39050443_39150442",4,47716,47917,"+",35.4651162790698,-1,202,"171_1",-1,"tttaactctgtgagatgaatccacatatcagagagctgtttcaaagagaatttctttctagtttttatctggggacattcacttctttgcagtaggcctcaatgagctccaaaatgtcccttcacaaattctgcaaaaacagtgtttccaaactgctgaatctaaagaatgcttgacttctgtaagttcaatgcaagcatca"
"CP068268_39050443_39150442",4,47918,48090,"+",12.2093023255814,2.7e-25,173,"171_1",-1,"caaagcagtttctcagaaagcttctttctagtttttatctggggatattctatatttcaccacaggcctcaatgtgctccaaaatgtttttttcacagttttttaaaaaacagtgtttccaaactgctgaatcaaaggaaagatttacctctgagagatgaatacacacatca"
"CP068268_39050443_39150442",4,48091,48262,"+",15.6976744186047,1.6e-22,172,"171_1",-1,"caaagcagttgctcagatagctcctttctagtttttatcttaggatgtttgctttttcaccctaggcctcaaagcgcctcaaaatgtcccttctcagatcctacaaaacctgcatttccaaactgctgaatccaaaggaaactttaactctgtgagatgaatacacacatca"
"CP068268_39050443_39150442",4,48263,48431,"+",20.9302325581395,-1,169,"171_1",-1,"aaaagtagtttcgcagattgtttctttcaagtttttattggaagttgtatgctttttcaccataggcctcaatacgctcttaaagtcctttctaggattctccaaaacagtgtttccagaatgctaaatcaaaagaagtctttaactgtgtaaattgaatgcacacatc"
"CP068268_39050443_39150442",4,48432,48589,"+",20.9302325581395,-1,158,"171_1",-1,"caaagcagtgtctgagatagcttctttttagttttaatcttaggatatttgctttttcaccattggcctcaatgagctcccatatgttcctttggagattctaaaacaacagcgttaccaaaccgctgaatcaaaagataggttgaatgcacacatca"
"CP068268_39050443_39150442",4,48590,48761,"+",16.8604651162791,3.7e-20,172,"171_1",-1,"cagagcagtttcagagagtgcttccttgtagtttttatctggggatattcacttatttgcagtaggccttaatgagttctaaagtctccctttgaagattctacaaaaactgtgtttccaaactgctgaatcaaaagaaaggtttaactctttgagatgaagacacacatca"
"CP068268_39050443_39150442",4,48762,48932,"+",12.2093023255814,2.2e-24,171,"171_1",-1,"caaaacagttactcagaaagcttctttctaatttttatctgaagatattttctttttcaccataggcctcaaagagatcggaaatatccatttgcagaacgtacaaaggcagtgtttccaaacagctgaaacaagagaaaggtttaagtctggagatgaatgcacacatca"
"CP068268_39050443_39150442",4,48933,49101,"+",13.3720930232558,7.5e-19,169,"171_1",-1,"caaagcagtttctcagaaagcttcttttagtttttatctgaagatattttctttttctctgtaggcctcaagtggttctcaatgccttttgcagattctacataaacactctttccaaactgctgtataaaaagaaaggtttaactcttcaaagtgaatgcacacatca"
"CP068268_39050443_39150442",4,49102,49273,"+",12.7906976744186,1.1e-25,172,"171_1",-1,"caaagtggtttctcagatagcttccctctagtttttatcctgggatattagcttttttgcaattggcctcaatgagctcccaaatttcctcttacagaatgtacaaaaacagtgcttccaaactgctgaatcaaaagaaagttttaattttgtgagatgaatgcacacgtca"
"CP068268_39050443_39150442",4,49274,49445,"+",11.6279069767442,-1,172,"171_1",-1,"caaagcagtttctcaaaaaacaactttctagtttttatcagaagatgttttcgttttcaccttaggcctcaataagctcccaaatgtccattcacagaatgtacaaatatactgtttccaaaccactgaatcaaaagaaaggtttacctctgcaagatgaatgcacacatca"
"CP068268_39050443_39150442",4,49446,49617,"+",18.0232558139535,-1,172,"171_1",-1,"aaattcggtttctcagatagcttccttctatgttttatcttgggatattcaccttttcaccactggcctcaatgagctccaaaatgtccatttgcagaatgtacaaaaagagtgcttccaatctactgaatggacggaaaagtttaactgtgtgagatgaattcacacatca"
"CP068268_39050443_39150442",4,49618,49789,"+",13.3720930232558,1.1e-22,172,"171_1",-1,"tgaagcagtttttcagaaagcttctttccagtttttgtctgaagataatttctttttcaccataggcctcaatgctctcccaactatcctttctcagatcctacaaaaacagcatttccaaactgttgaatcaaaataaaagtttaacacttggagatgaatgcatacatca"
"CP068268_39050443_39150442",4,49790,49960,"+",16.2790697674419,-1,171,"171_1",-1,"caaagcattttctcagatagttcccttctagttttcagcctggaatattcccttttttgccattggcctcaatgggctctgaaatgtccattcacagaatgtacaaaaacagtgtttccaaactgttgaatcaaaagaagggtttaacattgtgtatcaatgctcagatca"
"CP068268_39050443_39150442",4,49961,50131,"+",12.7906976744186,-1,171,"171_1",-1,"taaagacatatctcagaaaatttctttctagtttttatctgaagatgttttcattttcacaataggcctcaatgtgctctcaaatgtccgttcacagaatgtacacaaacagtgtttccaaactgctgaatcaaaagaatcatttaactctgtgagatcaatgcacagaac"
"CP068268_39050443_39150442",4,50132,50301,"+",12.2093023255814,-1,170,"171_1",-1,"aaagaaatttctcagaaagctcctttcaattttttatctgaagttattttctttttcaccataggcatcaatacactcccaaatgtacttccacagattctacaaaaacagtgttttcaaattgttgaatcaaaagagaggtttaactctgtgagaggatgcacacatca"
"CP068268_39050443_39150442",4,50302,50471,"+",16.8604651162791,4e-20,170,"171_1",-1,"caaagtggttcctcagatactttccttctagttttaacttgggatattcactttttcaccatttgcctcaatgagctcccaaaagtccatttgcataaggtccaaaaacagtgtttccaaagagctaatcaaaagaaatgtttacctctgtgagatgaatgcactcatca"
"CP068268_39050443_39150442",4,50472,50643,"+",18.0232558139535,8.7e-20,172,"171_1",-1,"caaagcagtttctcagcaagcttccttctaggtttcaagtgaagatattttctttttcactaaaggcctcaatgggctcccaaatgtttttcatagattctacaacaacgtttccaaactgctgaatcaaaagaaagttttaacgttaggagatatacctaatgctaaatga"
"CP068268_39050443_39150442",4,50644,50742,"-",56.3953488372093,-1,99,"171_1",0.563953488372093,"tattattatactttaagttttagggtacatgtgcaaaacatgcaggtttgttacatatgtatacatgtgccatgttggtgtgctgcacccattaactca"
"CP068268_39050443_39150442",4,50743,50787,"+",73.8372093023256,6,45,"171_1",-1,"ataataataataacaataaacattgagagatgaatgcacacatca"
"CP068268_39050443_39150442",4,50788,50959,"+",18.6046511627907,1.2e-19,172,"171_1",-1,"caaagtattttatcagttatcttccttctagttttaatcttgggatattcaccttttcaccattcacctcaatgagctcacaaatatccgtctgcagcaggcacaaaaaccgtgtttctagactcgtgaatcaaaagaaaggtttaactctgtgagatgaatgcccacatca"
"CP068268_39050443_39150442",4,50960,51130,"+",14.5348837209302,2.9e-22,171,"171_1",-1,"caaagcagtttctcagaagcttctttttagtttttatttgtcaataattttgttttcaccacaggcctcaatgagctcttaaatgtacatttgcagaatgtacaaaaacagtgtttccagactgcttaagcaaaagaatggtttaactttgtaagatgaatgcaaacatca"
"CP068268_39050443_39150442",4,51131,51302,"+",18.6046511627907,1.6e-20,172,"171_1",-1,"caaagtagttactcagataacttccttctaatgtttatcttgggatacacgcttctccaccattggcctcaatgagttcccaaatgtccactcacagaacatagaaaaagagtgtttccaagttgctgaatcaaaagaagtgtttaactccatgagatgaaagcacagatca"
"CP068268_39050443_39150442",4,51303,51475,"+",14.5348837209302,3.6e-25,173,"171_1",-1,"caaagctctttcgcagaaagcttccttctagtttttatcctgggatattcactttttcaccattggcctcagtgagctcccaaatgtccattagcagaaagcacaaaaatagtgtttccaaactgctgaatcaagggacagttttaactttgtgagatgaatggacacattaa"
"CP068268_39050443_39150442",4,51476,51649,"+",10.4651162790698,1.5e-24,174,"171_1",-1,"caaagcagtttctcagaaagcttccttctagtttttatctttaaagatattttatttttcaacataggcctaaatgcgctccaaaaagtccttttgcagatattacaaaaacagtgtttccaaactgctgaatcaaaagaaaggtttatctctgccagatgaatgcatacatcg"
"CP068268_39050443_39150442",4,51650,51820,"+",16.8604651162791,-1,171,"171_1",-1,"caaaccagtttcccagatagcttccttgtagtttttatcctgggatattttcttttttgtcattggcttcagtgaactcccaaaggtccatttgtagaaagtacaaaaatagtcttttgaaattgccgaatcaaaagaaaggtttaattctgtgagatgaatgcacacatc"
"CP068268_39050443_39150442",4,51821,51992,"+",16.8604651162791,-1,172,"171_1",-1,"agaagcaatttctcagaaagcttccttctactttttatcataggatatttgcttttatgccattggcctcagtgagctcccaaatgtccatttgcagaatgtacaaaaaaagcatctccaaaatgctgtatcaaaagaaagacttaactcaatgagataaatgcacatatca"
"CP068268_39050443_39150442",4,51993,52164,"+",12.2093023255814,8.7e-23,172,"171_1",-1,"caaagcagtttgtcaggaagtttccttccagtttttatctgaaggtattttctttttcagcataagcctcaaagttctcccaaatgtcttttcccagattctacaaatacagtttatttaaactgctgtatcaaaagaatggtttaactctgcgagatgaatgcacacatca"
"CP068268_39050443_39150442",4,52165,52336,"+",13.3720930232558,2.3e-25,172,"171_1",-1,"caaagcagtttctcagacagcttccttctagcttttatcttgggatattcacattttcaccactggcctcagtgagcttccaaatgtccatttgcagaatgtacaaaaacagtgtttccaaactgctaaatgaaaagaagtgtttacctctgttagatgaatgcatacatca"
"CP068268_39050443_39150442",4,52337,52514,"+",18.0232558139535,1.5e-19,178,"171_1",-1,"caaagcagtttctcagaaagcttctttccagtttttatctgaagataaagatattttctctttcaccttaggcctcattgagatccacaatgtccatttgcagattttagaaaaacattgtttccaaaatgctgaaaggcaagaatgttttaaatctgtgagattacttcacacatca"
"CP068268_39050443_39150442",4,52515,52686,"+",10.4651162790698,2.6e-25,172,"171_1",-1,"caaagcaatttcttagaaagcttctttccattttttatctgaagatattttctttttcaccacaggctacaatgacctcttaaatgtactttcacagattccacaaaaacagtgtttccaaactgttggatcaaaagaaaggtttaactctgtgagaggaatgtacacatca"
"CP068268_39050443_39150442",4,52687,52857,"+",15.1162790697674,-1,171,"171_1",-1,"ctaagtggtttctcagatagcttccttctagtttttatattggaaaattcactttttcaccattggcctaaatgacttcccaaatgtccattcacagaatgtacaaaaatagtgttttcaaactgctggatcaaaacaaaagtttaactctgtgagtttaatgcacacaac"
"CP068268_39050443_39150442",4,52858,53028,"+",12.7906976744186,-1,171,"171_1",-1,"aaaaagcagtttctcagaaggcttctttcttgtttttatctgaagatattttctttttcaccataggcctcaatgggctcccaaatgtccattagcagaatgtacaaaaaaagtttccatactcctgagtcaaaataaatgtttgcctttgtgaggtgaatgcacacatca"
"CP068268_39050443_39150442",4,53029,53201,"+",9.88372093023256,1.3e-25,173,"171_1",-1,"gaaagcagtttctcagaaagcttctttctagtttttatctgaacacattttcttatttcacaataggcctcaaagcactcccaaatgtcctttctcagattctacaaaaacagtgtttccaaaccactgaatccaaagaaacgtttaactctgtgggatgaatgcacaaatca"
"CP068268_39050443_39150442",4,53202,53372,"+",12.7906976744186,1.7e-24,171,"171_1",-1,"caaagcggtttcacagattgctttcttctaatttttgtcttgggatactttctttttcaccattggcctcaatgagctcccaaatatccattcacagaatgtacaaaaagagtgttgccaaactgctgaatcaaaagaaattttatctctgccagatgaatgcacacatca"
"CP068268_39050443_39150442",4,53373,53544,"+",18.6046511627907,-1,172,"171_1",-1,"caaaccagtttctcagaaagcttcattgtactttctatcctgggatagtctctcttttgccattggcctcagtgagctcctgaatgtccattcgcagaaggtacaaaaactctgtttccaaactgtggaatcaaaagaaaggcttaattgtgtgtgatgaatggacatttca"
"CP068268_39050443_39150442",4,53545,53707,"+",13.953488372093,-1,163,"171_1",-1,"acaagcagtttctcagaaatcttccttctagtttttatataaagatatttttttcaccataggcctaaatgcactcccaattgtcctttcacagatattacaaaaacagtgtctccaaactgctgaatcaaaagattcaaatctgtgagatgaatgcccataa"
"CP068268_39050443_39150442",4,53708,53877,"+",17.4418604651163,-1,170,"171_1",-1,"cagaaagcagtttgtcaggaagtttctttctagtttttatttgaagatgttttatttttcaccttaggcctcaatgagctcccaaatgtccatttgcagatttcagataaacattgtttctgaagagctgaatgaaaagaaagttttaactcagagtaattcacacatca"
"CP068268_39050443_39150442",4,53878,54049,"+",10.4651162790698,-1,172,"171_1",-1,"caaagctgtttcttataaagcttctttccagtttttatctgaggatattttctttttcactatagacctcaatgaactcccaaatgttctttcacagattctacaacaacattgtttccaaactgctgaatcaaaagaaagtttcaacattgtgagatgaatgcacacatta"
"CP068268_39050443_39150442",4,54050,54222,"+",18.0232558139535,-1,173,"171_1",-1,"aaaagtgttttatcagatagcttccttctagttttaatcttgggttattcactttttcaccattgacctcaattgaggtcacaaatatccatccacagaatgcgcaaaagcagtgtttcctaactcctgaagcaaaagaaatgtttaactctgtgaggtgaatgctcacatca"
"CP068268_39050443_39150442",4,54223,54392,"+",13.953488372093,1.3e-21,170,"171_1",-1,"caaagcattttctcagaagttctttctagtttttatttgtagatatttttgttttcgccataggcctcaatgagctcttaaatgtccatttgcagaatatataaaaacagtgtttccagactgcttaagcaaaggaatggtttaactttgtaagatgaatgcacacatca"
"CP068268_39050443_39150442",4,54393,54564,"+",8.72093023255814,1.9e-26,172,"171_1",-1,"caaagcagttcctcacaaagcatctttctagtttttatgtgaagatattttctttttcaccataggcctcaatgcactcccaaatatcctttcacagattttacaaaaacagtgattccaaactgctgaatcaacataaagctttaactctgtgagatgaatggacacataa"
"CP068268_39050443_39150442",4,54565,54736,"+",13.953488372093,1.8e-21,172,"171_1",-1,"caaagcagtttctcagaaagcttctttcttgttttcatctaaagatattttcttttttaacataggcctccaagtactcccaaatgtccttttgcagattctacaaatacagagtttccaaactgctgaatcaaaagaaaagtttttctcagccagagcaatgcacatatca"
"CP068268_39050443_39150442",4,54737,54908,"+",19.1860465116279,7.5e-20,172,"171_1",-1,"caaaccagtttttcagatagtttccacctagtttttatcctagggtatttccttttttgccattggccagagtgagttcccaaatgttcacttgcagaatgtacaaaaagagggtttccaaattgctgaattgaaagaaatgtttaattctgtgagacaaatgcacacatca"
"CP068268_39050443_39150442",4,54909,55081,"+",13.953488372093,5.7e-24,173,"171_1",-1,"caaagcaatttctcagaaaccttccttctactttttaatcctaggacattccccttttcaccattggcctcagtgaactcccaaatgtccattcaaagaatgtagaaaaacagggtctccaaactgctgaatcaaatgaaaagtttaactctgtgaggtgaacgcacacatca"
"CP068268_39050443_39150442",4,55082,55253,"+",12.7906976744186,9.7e-25,172,"171_1",-1,"tgaagcagattctcagaaaccttctttctagtttttatctgaagatattttctttttcaccacaggcctcaatgcactcccaaatgtccttttgcagaatccacacaaacagtgtttaccaaatcctgtatcaaaagaaaggtttaactctgccaggtgaaagcacacatca"
"CP068268_39050443_39150442",4,55254,55425,"+",13.3720930232558,1.1e-23,172,"171_1",-1,"caaagcgatttcccagatagcttccttctaatttttatcttgggatattcactttttcaccattggcctcaatgagctctaaaatgtccattcacagaaagtacaaaaacagtgtttccaaactgctgaatcataagaaatgtttaaatctctgaagtgaatgtacacatca"
"CP068268_39050443_39150442",4,55426,55596,"+",8.13953488372093,7.3e-27,171,"171_1",-1,"caaagcagtttctcagaaagcttctttgtagtttttatctgaagatattttctttttcactttaggcctcaatgagctccccaatgtcctttcgccgattctagaaaaacattgtttccaaactgctgaatcaaaagaaagtttaactctgtgagatgaaatcatacatca"
"CP068268_39050443_39150442",4,55597,55768,"+",7.55813953488372,7.7e-30,172,"171_1",-1,"caaagtggtttctcagaaagcttctttctagtttttatctgaagatgttttctttttcaccataggcctcaatgagctcccaaatgtctattcgcataatttacaaaaacagtgtttccaaactgctgaatcaaaagaaagatttacctctgtgagttgaatgcacacatca"
"CP068268_39050443_39150442",4,55769,55941,"+",12.2093023255814,1.8e-22,173,"171_1",-1,"caaagcagtttcttagaaagcttctttctattttttttatctgaagatattttctttttcaccataggtttcaatgctgtcccaaatgtacttttgcagattctaaaaaacagtgtttctaagctgttgaatcgaaagaaaggtttaactctgtgagaacaatgcacacatca"
"CP068268_39050443_39150442",4,55942,56111,"+",12.7906976744186,1.4e-23,170,"171_1",-1,"caaagtggtttctcagatagcttccatctagtttttatcttggaatattcactttttcatgattggcctcaataacctcccaaatgtccattcgcagaatgtacaaaaacagtttccaaactgctgaataaaaagaaagctttaactctgagagatgaatgcacacatca"
"CP068268_39050443_39150442",4,56112,56284,"+",15.6976744186047,6.9e-20,173,"171_1",-1,"caaagcattttgtcagaatacatctttctagtttttatctgaatatattttttctttttcaccataggcctcaaaacactcctaaatgtccatttgcagaaggtacaaaaaaagtgtttccaaattgtgaatcaaaagaaaggttaatctatgtgggatgaatgcacacataa"
"CP068268_39050443_39150442",4,56285,56456,"+",15.6976744186047,2.2e-21,172,"171_1",-1,"caaagaagtttcacataaagtttcctacctatttgtatcctaagatatttgcttttttgcctttggccttagtgagctcccaaatgtctatttgcagaatggacaaaaactgtgtctccaaactactgaatcaaaagaaaggtttaactctgtgagatgaaggcacacatca"
"CP068268_39050443_39150442",4,56457,56628,"+",12.2093023255814,4.6e-23,172,"171_1",-1,"caaagaagtttctcagaaagcttctttctactttttatctgaagaaattttctttgtcacgataggcctcaaagtgctcccaaatgccttttctcagattctacaaaaaaagagtttttaaactgctgaatccaatgaatgttttaactctgtgagatgaatccacacatca"
"CP068268_39050443_39150442",4,56629,56800,"+",17.4418604651163,1.2e-18,172,"171_1",-1,"cgaaggagtttctcatatagcttcctgctagttttcgtcttggaatattttctttttcaccattggcctcaatgaacttccaaatgctcattgacagaatgtacaaaaacattatttccaaactgctgaatcaaaataaaatgttaactctttgagttaaatgtacccatta"
"CP068268_39050443_39150442",4,56801,56972,"+",9.88372093023256,1.8e-23,172,"171_1",-1,"caaagcaatttctcagaaagcttcactctagtttttatctgaagatacttccttttcaccataggcctcaatattctcccaaatgtttttttcacagattctacaaaaacagtgtttccaaactgctgaatcaaaagaaagttttaactttatgatatgaatgcacacatca"
"CP068268_39050443_39150442",4,56973,57143,"+",14.5348837209302,-1,171,"171_1",-1,"caaagcagtttctcagaaatcacctttctactttttatctgaaaatattttctttttccccataggcctcaatggaccctcaaatgtccattctcagaatgtagcaaaacagtgtttccaaattctgaaccaaaagaatggtttatctctgtgaggtaaatggaaacatca"
"CP068268_39050443_39150442",5,57346,57517,"-",18.0232558139535,1.2e-20,172,"171_1",-1,"caaagtggtttctcagatagcttcctttaggtttttgtcctgggatattcattttttcgccattggccacagtgagctcccaaatgtgccttcacagattctacaaaaacagtgtttccaacctcccaaatccaaagaaaagattaaccctgcaagatgaatgcatacacca"
"CP068268_39050443_39150442",5,57518,57688,"-",12.2093023255814,4.4e-26,171,"171_1",-1,"caaagcagtttctcagaaatcttctttacagtttttatctgaatatatttcctttctcatgataggcctcaatgctctcccaaatgttcttttgcagattctacaaaaacagtgtttccaagctgctgaatcatagtaaggtttaactcagtgagatgaatgcacacatca"
"CP068268_39050443_39150442",5,57689,57860,"-",14.5348837209302,1.3e-25,172,"171_1",-1,"caaagcggtttttcaggcaactgctttccagtttttatcttgggacattggctttttcaccattggcctcaatgagctcccaaatgtccattcgcagattctatgaaaacggtgtttccaaactgctggatcaaaaaagaggtttaacattgtgagatgatggcacacatca"
"CP068268_39050443_39150442",5,57861,58031,"-",15.6976744186047,5.7e-21,171,"171_1",-1,"caaagtggtttctcagatagcttccttctagtttttatcttgttatattggcattttcaccattggcccaatgagttcccaaatgtccttttgcagattctacaaaaacactgcttccaacatactaaatcaaaagatagttttaactctgcaggttgaatgcacacatca"
"CP068268_39050443_39150442",5,58032,58201,"-",15.6976744186047,1.7e-21,170,"171_1",-1,"caaagtggtttctcacatagcttccatctagtttttatcttgggatattggctttttcacctttggcctgaatgatctcccaaaggtgcattcgcaaattctacaaaaatattgattccaaactgctgaatcaaaagatagatttaactctgagttgaatgcacacatca"
"CP068268_39050443_39150442",5,58202,58371,"-",15.1162790697674,2.6e-22,170,"171_1",-1,"caaaccagtatgtcagatggcttatttctagtttttatctgaagatattttctttttcaccataggcctcagagcactccaaaatgtcttttcacagattctagaaaaacagtttccaaactgcagaatcaatagaaagatttagctctgcaggttgaatgcacacatca"
"CP068268_39050443_39150442",5,58372,58544,"-",12.2093023255814,-1,173,"171_1",-1,"aaaaagcgctttcgcataaagcttctttctggttttcatcagaagatatttactttttcagcttaggcctcaatgtgctcccaaatgtcctttcccagattctactaaaactgtgtttccaaactactgaatgaaaagaaaggttcaagtctgtgagatgaatgcacacatca"
"CP068268_39050443_39150442",5,58545,58715,"-",15.1162790697674,-1,171,"171_1",-1,"caaagtggtttctcagatatattccttctagtttttatcttcagatattcactttttcaccattgacttacatgagcttccaaaagtcctttcacagaatgaatgcaaacagtgtttccaaactgctgcatcaaaagaaaggtttaacacagtgagattaatgcacacacc"
"CP068268_39050443_39150442",5,58716,58887,"-",9.30232558139535,1.8e-27,172,"171_1",-1,"caaagtagtttgtcagaaagcatcttcctagtttttatatgaagatattttctttttcaccataggcctcaaatggttctcaaatgtcttttcacagattctacaaaaacagtgtttccaaactgctgaatcaatagaaagttttagctctgtgagatgaatgcacacatca"
"CP068268_39050443_39150442",5,58888,59059,"-",9.30232558139535,1.5e-24,172,"171_1",-1,"caaagcagtttctcagaaaacttctttccagtttttatcttaagatattttctttttcatcatatgcctcaatgcactcccaaatgtcttttcccagattaaacaaaaacagtgttaccaaactattgtatcaaaagaaaggtttaactctttgagatgaatgcacacatca"
"CP068268_39050443_39150442",5,59060,59230,"-",13.3720930232558,-1,171,"171_1",-1,"aaaaaggtttcacagatagcttcctttttgtttttatcttgaggtatatgctctttcatcattggcttcaattagctcccaaatgtccaatcacagattgtacaaaaacagtgtttccaaactgctcaatcaaaagaaagttttacctttgtgagatgaatgcacacatca"
"CP068268_39050443_39150442",5,59231,59402,"-",12.7906976744186,-1,172,"171_1",-1,"caaagcagtttctcggaaagcttctttgtagtttttatctgaagatatttccttttttacctcaggcctcaatgctctccaaaatgtcctttcacagaatctacaatacagtgtttccaaactgctgaatcaaaagtatggtttaaatctgtgagatgaatgcatacatttc"
"CP068268_39050443_39150442",5,59403,59523,"-",34.8837209302326,-1,121,"171_1",-1,"aaagcagtttctcagaaagctcctttctagtttttatttgaagatattttcttttctcaccacaggcctctatgctgaaagaaaggaaatttttaactctgtgagatgaatgcacacacca"
"CP068268_39050443_39150442",5,59524,59692,"-",14.5348837209302,-1,169,"171_1",-1,"cagagcagtttctcagaaaggttctttttagtttttatctgaaggtattttatttttcaccgtagacctcaatgagcccccaaatgaacactcacaaaatgtacaaaaacagtgtttctaaactgctgaatcaaaagaaaggtttaacttcgtgagatgcacacaacac"
"CP068268_39050443_39150442",5,59693,59863,"-",13.953488372093,4.8e-24,171,"171_1",-1,"caaagcagtttctcagaaagcttctttgtagtttttatccgaatatattttctttttcatcattggcctcagtgagctgccaactgtccattcgttgaaagtacataaacagtgtctctaaattgctgaatcaagataaggtttaactctgtgagatgaatgcacacatta"
"CP068268_39050443_39150442",5,59864,60031,"-",11.6279069767442,-1,168,"171_1",-1,"aaacatttctcagaaagattctttctagtgtttatctgaagatatattatttttcaccataggcctcaatgcactttcaagtgtcctttcacataatgtaaaaaacagtgtttccaaattgctgaatcaaaagaaagctttaactctgtgagatgaatgctcacatca"
"CP068268_39050443_39150442",5,60032,60204,"-",14.5348837209302,-1,173,"171_1",-1,"caaagtggtttctcagatagcttccctctagtttttatcttgggatgtatgatttttcaccacaggcctcaatgagttcccaaatgtccattggcagaatgtacataaacattatttccaaactgctgaatcaaaagaaagttttaactctatgaaatgaatgcatgcatcaa"
"CP068268_39050443_39150442",5,60205,60376,"-",11.6279069767442,9.7e-25,172,"171_1",-1,"caaagcagtttctcagaaagactctttccagtttttatctgaagataatttctttttcaccatagtcttaattgtgctccaaaatgtcttttcacagaatctataaaaacagtgtttccaaactgctaaatgaaaagaaaggtttatttctgtgagatgaatgcacacatca"
"CP068268_39050443_39150442",5,60377,60544,"-",16.2790697674419,1.1e-21,168,"171_1",-1,"caaagcagcctatcagaaagcttctttctagtttttatctgaagatattttcgccttcactataggcctcaataagctcgcaaatgtccattcccagaatgcaaaaaaaatggtgtttccaaactgctaaatcaaatgaataactctgtgagataactgcacacatca"
"CP068268_39050443_39150442",6,69843,70046,"-",61.9883040935673,-1,204,"171_1",-1,"ccaaagcagtttcacagatagtttctttctagtttttgtatggggatatttggcttttttttcccttagaactaatgggttcttatatgtccctttgcatattctccaaaaggagttttccaacctgctgaatcaaagaaagttgtaaatctgtgagatgaatccacacttcacaaagcagttacacagatagcttctttctag"
"CP068268_39050443_39150442",6,70047,70217,"-",15.2046783625731,3.7e-19,171,"171_1",-1,"acaaagtagtttcacagaagccttttttctagtttttatctaaggatattgggtttttcccccaggcagcaataagctctcaaatgtcctttcacagattctccaaatagagtgtttccaacttctgaaatctaaagaagggtttaattctgtcagatgaatccacacatc"
"CP068268_39050443_39150442",6,70218,70389,"-",14.6198830409357,3.7e-25,172,"171_1",-1,"acaaagcagattcacagatagctcctttgcagtttttattgggggataatctgttttcccccataggccttaatgggtgccaaaacgtccctttgcagattctccagaaagaatgtttccaacttgctgaatgaaaggaaaggtttaactccgtgagaagtttccacacatc"
"CP068268_39050443_39150442",6,70390,70571,"-",20.4678362573099,-1,182,"171_1",-1,"caaagcagtttcatagatttctttttttctattttttttttgttgttgttggggcttattcagtaattctccataggcctccatgggctcccaaatgtcccttcacagattctccaaaaagaatgttttgaacatggtgaatcaaaacaaaggtttaactctatgagatgataccacacatc"
"CP068268_39050443_39150442",6,70572,70743,"-",20.4678362573099,-1,172,"171_1",-1,"acaaaatgttttcacagatagcttcattccagattttatcaggggatattcaatttttccctttaggcctcaatttgctcacatatttttcttcacagattatacaaaaacagtttttccaaactgccgaatcagaagaatggttttatctgtgagaataatccaaacaaca"
"CP068268_39050443_39150442",6,70744,70922,"-",17.5438596491228,-1,179,"171_1",-1,"caaaaagcagtttcacagttagcttctttctagttttctttttttccttgggtattcagtttatccctataggcatcaaagagctcccaaatgtctcttcacagattccccagttagagtgtttccaaccctgctgaatcaaaagaaagttttaactatgtcagataaatccacatatc"
"CP068268_39050443_39150442",6,70923,71093,"-",12.280701754386,-1,171,"171_1",-1,"acaaagcagtttcatagatagcttccttctaatttttagctggggatattttgtttctccccagaggctcaatgggctcccaaatgtctcttcactgattctccaaaaaaaagtttttccaatgtgctgaatcaaaagaaagtttcaactctgtgagatgaatccatacct"
"CP068268_39050443_39150442",6,71094,71265,"-",11.1111111111111,7.9e-25,172,"171_1",-1,"acaaagcagtttcacagatagcttatttctagtatttatccagagacattcagtttttttccattggcctcaatgagctcccaaatgtcccttcacagattcttcaaaaagagtgttttcaatctgctgattcaaaacacaggtttaaatctgtgagatgaatccacacatc"
"CP068268_39050443_39150442",6,71266,71439,"-",14.6198830409357,3e-22,174,"171_1",-1,"acaaagaacttccacagatagcttctttctagtttttgtctgaggatattcgtttttcctcccatatttctcaatgggctcccaaatgttgcttcacaggttctccaaaaggagtgtttccaaaatgctggattaacaaaaaaggtttaactctgtgagatggatccacacctc"
"CP068268_39050443_39150442",6,71440,71610,"-",10.5263157894737,1.1e-25,171,"171_1",-1,"gcaaagcagcttcacagataccctctttctagtttttatctgggcatattctgtttttttcccataggactcaatgggctccaagtgtcccttcacagattctctaaaaagagttttccaacctgctgaatcaaaagaaaggtttgactctgtgaggtgaatctacacatc"
"CP068268_39050443_39150442",6,71611,71781,"-",12.8654970760234,2.2e-23,171,"171_1",-1,"acaaggcagtttcacagattgcttctttctagtttttatctggtgatattgggttttttcccatagtactcaaaggctcccaagtgtcacttctcagtttctcgaaaaagagtgtttccaacctgatgaatcaaaagaaaggtttaaccttcggagatgaatccacccatc"
"CP068268_39050443_39150442",6,71782,71952,"-",14.0350877192982,4.3e-22,171,"171_1",-1,"gcaaagcagttttgcagatagcttctttgtagttttaatcttaaagtattctgtttttcccctttggcctcaatgggctcccaaatgtcccttcacagattctctaaaaagagtgtttccaacctgctgaaaaaaagaaagagctaactctctgacatgaattcacacatc"
"CP068268_39050443_39150442",6,71953,72130,"-",21.6374269005848,8.8e-19,178,"171_1",-1,"gcaaagcagtttcacagatgccttctttctagtttttacctagggatattttgttttaccccattggcctcaatgggcagtcaaatatttctctgcagattctccaaaatgagggtttccaacctgttgaataattataataataaaagattaaaccacgtgcgatgatccacacatc"
"CP068268_39050443_39150442",6,72131,72300,"-",9.35672514619883,-1,170,"171_1",-1,"acaaaacagttacacagatagcttctttctagtttttatctggagatattcagttttttcccataggcctcaatggctcccaaatatagctttgcagattctccaaaaagagtgtttccaacctactgaatcaaaaaatattttaactctgtgagatgaatcaacacatc"
"CP068268_39050443_39150442",6,72301,72470,"-",14.0350877192982,-1,170,"171_1",-1,"acaaagcagtttcacaaataacttctttctagttttcacctggggatattcgttctttccatagatctcaatggtctcccaaatgtccctacacagattctctaaaaacagtcctttcaacctgctgaatcaacaaaaagttttgactctgtgagatgaatccacccatc"
"CP068268_39050443_39150442",6,72471,72642,"-",10.5263157894737,7e-25,172,"171_1",-1,"acaaagcagtttcacagattgcttctttgtagtttttatctggggatattccttttttccccataggcctcaatgggctcccaagtgtcccttcacagattccccaaaatgactgtttccaacctcctgaatgaaaagaaaggctttactattgcagattaatccacacatc"
"CP068268_39050443_39150442",6,72643,72809,"-",19.2982456140351,-1,167,"171_1",-1,"caatgcagtttcatggtagattcttctctttctatctggggataatctgtttttccccataggcctcaaagggcccctaaattgacctttgtatattctataaaaagaagatctgcaacctgctgaatcaaaagaaagtttaaatctctgagctgaatccacacatc"
"CP068268_39050443_39150442",6,72810,72981,"-",20.4678362573099,-1,172,"171_1",-1,"atgaggcagtttcactgattgcttctcccttgtttctatctggggatattctgtttctccccataggcctcaatggggtcctaaatatttcttcgttgattctccaaaaaaagggcttggcactttctgcataaaagaaaggcttaactctgtgaggtgagtctacaaatca"
"CP068268_39050443_39150442",6,72982,73152,"-",15.7894736842105,8.3e-21,171,"171_1",-1,"acaaagcagttttacagctaggttccttgtcattttcacatggggatattcaatttttccccataggtctcactgggctctcaaaagtcccttcgcagattctacaaaacagtgtttccaacatgctgaagccaaagaaaagtttaattctgagaaatgaatgcacacatc"
"CP068268_39050443_39150442",6,73153,73323,"-",13.4502923976608,7.1e-23,171,"171_1",-1,"agaaagcagtttcacagacaacttctttctagttttatctgggaatattcagctttatcaaatagacctcaatgggctcccaaatgtccctttgcagattcttcaaaaaaaaagtttccaacctgctgaatcaaaagaagcttttatctctatgagatgaatacacacatc"
"CP068268_39050443_39150442",6,73324,73493,"-",12.8654970760234,-1,170,"171_1",-1,"aaagcagtttcacaggtagcttttttctagtttttatctggggatattcgatttttccccataggacccaatgtgcaccagaatgccccttcagagattctccaattagagagtttctgacctgctgaatcacaagaaaggtttaactctgtgagatgaatccacacatc"
"CP068268_39050443_39150442",6,73494,73668,"-",17.5438596491228,-1,175,"171_1",-1,"acaaagcagagtaaaagatagatttttttctagtttttatctggggatattttgtttttccccatagccctcaatgggcttgcaaataaccctttgcagattctccaaaagaagtgtttccaacttgcagagacaaaaaaatggtttagctctgtgaagtgaatccaggcatcac"
"CP068268_39050443_39150442",6,73669,73837,"-",16.9590643274854,-1,169,"171_1",-1,"aaagcagtgtcacaaaaagctgttttctagtttttaatcttgagatattcagtttttctccataggcctcaatgtgcttccaaatggaccttcacagattctataaagagtgtttccaacttgcagaatcaaggtaaaagtttacctctgtgaaatgaatcaacacatc"
"CP068268_39050443_39150442",6,73838,74011,"-",17.5438596491228,-1,174,"171_1",-1,"acaaagcagtttcacaggtaactttttcctagtttttttcttgggacattcaattatttcccataggccttaatgggctccaaaatgtccctctgtagattttacaaaaagagtgcctccaagttgctgaaacaaaagagagggtgaactctgtgagatgaaaccacaaatcac"
"CP068268_39050443_39150442",6,74012,74182,"-",12.8654970760234,1.6e-23,171,"171_1",-1,"acaaagcagtctcacagatagcttccttctagtttttatctggtgtattcagtctttccccatcagcctcagtgggctcccaaatggcccttcgtagattctccataaagaatgtttccaatctggtgaatcaggacataggtttaagtctatgagatgaatcaacacata"
"CP068268_39050443_39150442",6,74183,74351,"-",11.6959064327485,-1,169,"171_1",-1,"caaaatagtttcacagatagcttctttctagtttttatctggatatattcagtttttccccaaggcctcaacgggctccaaaatgtttctttgcatattctccaaaaagagtgtttccaacctgatgaatgaaaataagttttaagtctgtgagaagaatccacacatc"
"CP068268_39050443_39150442",6,74352,74523,"-",17.5438596491228,-1,172,"171_1",-1,"aacaaagcagtttctcagttagcttcttgttgtttttatctggggataatttgtatttccccttaggcctcaatttgaccaaaaatgtttcttcacagattctacaaaaagagtgtttccaaactgctaaaccaaaagaaagtttaattctgtgagatggatccccacatca"
"CP068268_39050443_39150442",6,74524,74693,"-",14.0350877192982,-1,170,"171_1",-1,"caaaccagtttcacatatagcttctttctagtttttatctgggaatgtttagttttcctccatatgcctccatgggctcccaaatatctcctcacagattctccaaaaaaagtgtttataaactggtgaatccaaagaaaggtttaattccatgagatgaatccacacaa"
"CP068268_39050443_39150442",6,74694,74866,"-",20.4678362573099,-1,173,"171_1",-1,"caagtcagtttgacacatagatatttttcaagttcttatttggggatattttgtttttcctgattggcctcaatttgctcacaaaagtccctttgcagattcttcaaaaaacatgtttctgatgtgctgaatcaaaataaaggtttatctctgtgaaatgaatcaacacataa"
"CP068268_39050443_39150442",6,74867,75040,"-",15.2046783625731,-1,174,"171_1",-1,"acaatgcagattcagagatagcttctttctagtttttaatcattgattattcatttttttaccataggcctcaattggctgccaaatgtccctttggatattctccaaaaagagtttttctaacctgctgaatcaagtcaaaggtttaacactctgagatgaatccacacatta"
"CP068268_39050443_39150442",6,75041,75212,"-",12.280701754386,-1,172,"171_1",-1,"atgaagcagtttctcagatagcttctttgtaatttttatctgggaatatttcatttttccccttaggcctcaatttgctctcaaatgtttcttcacagattctacaaaaataatgtttccaacatgctgaatcaaaagaaaggtttaattctgtgagatgaatccacacatc"
"CP068268_39050443_39150442",6,75213,75383,"-",16.9590643274854,-1,171,"171_1",-1,"caaaggagtttcacagatagcttctttctaatttttatctggggacattatatttttccacaaaggtgtccatgggctttaaaatgtccctttgcagattttccaagaagagtgtttatgacctgctgaatctaaagaaaggtttaattctttgcaatgaatccacccgta"
"CP068268_39050443_39150442",6,75384,75555,"-",13.4502923976608,-1,172,"171_1",-1,"caaggcagtttcacagatagcttctttctagttttcatctgggggtatttcgtgtttccccataggcctcaatggcctccaaaatgtcagttcacagattctccaaaaagagtgtttccaacctgatgtatcaaaatacagttttacctctgtgagatgaattcatatataa"
"CP068268_39050443_39150442",6,75556,75728,"-",19.2982456140351,-1,173,"171_1",-1,"acaaagcagtttcacagagggcttctttctaatttttatcttgatttatttggtatttctccataggtctaaatgagctctgaaatatccttttacagattctctaaaaagaatgtttaaaacctgctgaatcaatagaaacttttaactttgtgagctgaatgcacacacca"
"CP068268_39050443_39150442",6,75729,75897,"-",19.2982456140351,-1,169,"171_1",-1,"cagttgtttcacagagagcttccttcctgttttcatctgaggatatttactttcttctcataggcctcaacaggcagccaaatgttcatttgcagattctacaaaaggtgtgctttcaacctgctggatcaaaagaaaagtttaactctgtgggatcaatccacacatc"
"CP068268_39050443_39150442",6,75898,76068,"-",18.1286549707602,-1,171,"171_1",-1,"aaaatcagtttcatggataccttcattctagcttttatctcgagagattagatttttaattatagacctcagtgggctctgaaatttccattcgcaggttcaccaaaaacattgttcccaacctgctgaatcaaaacaaagtttaactctgtgagatgaatccacacatat"
"CP068268_39050443_39150442",6,76069,76237,"-",16.374269005848,-1,169,"171_1",-1,"caaaactgtttcacatatagcgactttctagtttttatgtggggtatttcgtttttccccataggtctcaatgaactcccaaatgtccctttgcagattgtctaaaaagagtgttccacctgctgaatcaaaagaaagttttatctctgtaacagggatccccagatca"
"CP068268_39050443_39150442",6,76238,76409,"-",17.5438596491228,-1,172,"171_1",-1,"aaagtagtttcacagagagcttctttccagtttctacctggggatattcagtttttttcccaaaggccccaatgagcaccaaaatgtcttttctccaattctacagaaagagtgtttccaacctgctggatcaaaagaatggtttaaatctctgagatgagtccacatgtca"
"CP068268_39050443_39150442",6,76410,76583,"-",14.0350877192982,-1,174,"171_1",-1,"acaaagcagtttcacagatagtttctttctagtttttatctgcatatattctgtttttcttcataggcctaaatgggctctaaaatgtcccttggcggattctttaaatagagtgtttccaacctgttggatcaaaaggaatttttaactctgtgagatgaatccaggccacac"
"CP068268_39050443_39150442",6,76584,76753,"-",19.2982456140351,-1,170,"171_1",-1,"caagcagtttcacatttaggttgtttctagtttttatctggaaatattcagtttattcccataagcatctatggaatcccaaatgtttccttgcatgttctacaaaaagagtgtttccaacttgtggaataaaaataaagttttccctctgtgagaagaatcttcacatc"
"CP068268_39050443_39150442",6,76754,76929,"-",19.2982456140351,-1,176,"171_1",-1,"acaaagcagtttcacaggtaagatatcttgtttgtagcttttatgtgtggataatttgttttccccatagccttcaatggtttcccaaatgtcccttcacacattctccaaaacagtgtttccaacctgctgaatcaaaacaaagtttaactttgtgagatgaattgaaccattac"
"CP068268_39050443_39150442",6,76930,77101,"-",14.0350877192982,4.9e-24,172,"171_1",-1,"ccaaagcagtttcatagataacgtctttgcagtttttatatggggatattcagtttttcctcacaggactcaatgggctcccaaatgtccctttatgtatttttgaaaaagagtgtttccaacctgctgaatgaaaggaaaggtttaactttgtgagttgaattcacacatc"
"CP068268_39050443_39150442",6,77102,77271,"-",19.2982456140351,2.8e-16,170,"171_1",-1,"acaaagcagttgcacagatattttttcaattttttccctaaaaaatattccttttttttccttaggcctcatgggctcccaaatgtctttttgcatattctttgaaaagagtattttcaacctgctgaatcagaagaagggtttaagtctgtgagatgaattcacacatc"
"CP068268_39050443_39150442",6,77272,77442,"-",14.6198830409357,2.7e-21,171,"171_1",-1,"acaaagcagtttgacagatagtttctttctagtgtttatcttggaatattcagttttactcatagtcctcaatgggcttccaaatgtcccttcacagatacttcaaatagagtgtttccacattactgaatcaaaagaatagcttaactgtgggagatgaagccacacatc"
"CP068268_39050443_39150442",6,77443,77614,"-",15.2046783625731,1.6e-19,172,"171_1",-1,"acaaagcagttttacagataccttctttccagtttttctctggggatattcgatttatccccatagatcccaaagggctcccaaaagtctcttcatagttactccaaaaacactatttctaacctgctttatcaaaataaatgtttaactctgtgagatgaatccacacatc"
"CP068268_39050443_39150442",6,77615,77789,"-",22.8070175438596,1.9e-12,175,"171_1",-1,"acaatacaaagcagtttcaaagatagcttctgtttagtttttcttgtgggttatcaatttttatttataggccttaatcggctccaaagtgtcaatccacacattctacaaaaatatatttccaaactagtgtatcaaaagaaaggtttatctctgttagatgaatccatacatc"
"CP068268_39050443_39150442",6,77790,77978,"-",28.6549707602339,3.3e-20,189,"171_1",-1,"acaaaacaatttcacagatatcttctctctagtttgtatctggggatattcagttttcacttataggactcaatgggcttccaaatgtccctttgcagatactccaacaaaagcatttccagcctcctgaatcagaagggtggtttaactggatcaaaagaaatctttaactttgtgagactaacccgg"
"CP068268_39050443_39150442",6,77979,78149,"-",8.7719298245614,4.1e-28,171,"171_1",-1,"acaaagaagtatcacagatagcttctttctagtttttctctggggatatccagtttttccccatagtcctcaatgggctcacaaatgtcccttgtcagattctcaaaaagagtgttttcaacctgctggatcaaaagaaaggtttaactatttgagatgaattcacacatc"
"CP068268_39050443_39150442",6,78150,78320,"-",18.1286549707602,1.2e-16,171,"171_1",-1,"acaaagtattttcactgatagcttctttctaggttttatctgggaatattcagtttttacttataggcatcagttggctcccaaatatctctttgcagattctacaaatgattgtttctaatctgttgaatgaacagagatatttaattatgtgaaatgaatccatacatc"
"CP068268_39050443_39150442",6,78321,78380,"-",67.2514619883041,-1,60,"171_1",-1,"agaaagcagtttcagtcttgaaaaagaaagatttaactttgtgggctgaatccacacatc"
"CP068268_39050443_39150442",6,78381,78552,"-",17.5438596491228,-1,172,"171_1",-1,"aaaatgcagtttcaaagatagcttctttctagtttttatctggggatacttgggtttttcccaaagttttcaatgggttctcaaatatttctttgcaaattctcccaaaagagtatttccagtcttctgaatcaaaagaaatgtttaactctatgagatgcactcacaaatc"
"CP068268_39050443_39150442",6,78553,78699,"-",29.2397660818713,-1,147,"171_1",-1,"atatgaaatatgtaaatcacatattcagcttttcctggtaggcctccaagagcatctaaatgtccctttgcagattctccaaaaagagagtttaaaacctgctggatcaaaagacaggtttaactctgtgagatgaatccatacaac"
"CP068268_39050443_39150442",6,78700,78831,"+",35.0877192982456,-1,132,"171_1",0.350877192982456,"tgggatattcccttttgccccatagacctcaataggctcacaaatatcccttcacatctgttccaaaaaagagtgtttccaacctgctgattcaaatgaaaagtttaactgtgtgagatgaaactgcacatc"
"CP068268_39050443_39150442",6,78832,79003,"+",16.374269005848,-1,172,"171_1",-1,"acaaagcaggttcacagaaagcttctttctagttttcttctggcaatactgggtttttccccataagcctcagtgggcccccaaatatctcttcacagataatataaaaagagtgtttccaccctgttgaatcataagaaagattttactctgtgaaataaatccacatatc"
"CP068268_39050443_39150442",6,79004,79175,"+",17.5438596491228,-1,172,"171_1",-1,"aaaaagcagtttcaaagaaagcttcttttaaaatttttaatggagatattctgtttttcccaacagtcctcaataggttaccataagtcccttcacagattctccaaaatgagtgtttccaactggctgaaataaaagaaaggtttaatcttgtgcaatgaatccacacatc"
"CP068268_39050443_39150442",6,79176,79347,"+",14.6198830409357,4e-22,172,"171_1",-1,"acaaaacaagtttatagatagcttctttctagtattcatctggctatattcgatctttctctctaggcctcaatgagctcccaactatgccttctcagattctcctaaaagagtgtttgcaacctggtgaatcaaaagaaagatttaattctgtgagatgaatccacacatc"
"CP068268_39050443_39150442",6,79348,79517,"+",14.0350877192982,4.7e-22,170,"171_1",-1,"acaaaacatttgcatagatagcttctttctagtttttatctggggatattctgtttatttctattggcctcaagaggcttccaaatgtctcttcacagattcttcaaaaagtgtttcaaatctgctcaatcaaaagaatggtttaactgtgtgagatgaatccacacatt"
"CP068268_39050443_39150442",6,79518,79689,"+",11.1111111111111,5.8e-25,172,"171_1",-1,"acaaagcagtttcacagatagcttctttctagtttttctctagagatattcaatttatccccataggaccctgtgggctcccaaatgtcctttcacagattctccagaaagagtgtttccaacctggtgtatcaaaacgaaagtttaactgtgtgtgatgaatccacacatc"
"CP068268_39050443_39150442",6,79690,79859,"+",14.6198830409357,4.9e-21,170,"171_1",-1,"acaaagctttttcacacacagcttctttctatatttatctggggatattttttttcctccataggccaaaatgggttcccaaatgtccctttgaaaattctccaaaaagagtgttttcacccttctgaatcaaaagaaaggtttaattctgtgatataaattcagacatc"
"CP068268_39050443_39150442",6,79860,80030,"+",10.5263157894737,-1,171,"171_1",-1,"acaaagcagtttcacagatagcttctttctagtttttatatggggaatttctgttttgccttataggactcaaagagctttcaaatgtccctttgcagatgctccaaaaagagtgtttcgaacctgctaaatcaaaagaatggtttaactctgtgagatgaatccacatat"
"CP068268_39050443_39150442",6,80031,80202,"+",12.8654970760234,-1,172,"171_1",-1,"cacaaatccatttcacagatagcgtctttcctgtttttatctggggatatttgattttcccccataggcctcaatagactcccaaatgtcccttcacaggttctccaaatagagtgatttctatctgctgaataaaaagaaaggtttaactctgtgagataaatccacacat"
"CP068268_39050443_39150442",6,80203,80373,"+",11.1111111111111,-1,171,"171_1",-1,"caaaaggcagtttcacagatagcttctttctcgtttttatctggggatattcactttttccccacaggccccagtgggctccaaaatgtccctttgctgatactccaaatagagtgtttccaaactgcgaatcaaaagaaggtttcaactctgtgagattaatccacaaat"
"CP068268_39050443_39150442",6,80374,80549,"+",19.2982456140351,-1,176,"171_1",-1,"caaaaggcatttcacagatagcttctttctagtttctatctgctctatctggggatattcagctcttccacattggccttaatgggctccaaaatgtttcattgcagattctctaaaaagtctttcaaacctgttgaatcaaaataaggtttaactctgtgagatgacccacacat"
"CP068268_39050443_39150442",6,80550,80718,"+",19.8830409356725,-1,169,"171_1",-1,"cacaagtggttttaagagaccttctttgtactttttatcagggaatactcggttttgcccataggcttcagtgtgctccaaatgtgcattcgtagattttcaaaatagatggtttccaaactgctgaatcaaatgaaagctttaagtctgtgagatggatccacacatc"
"CP068268_39050443_39150442",6,80719,80891,"+",14.0350877192982,6.9e-22,173,"171_1",-1,"acaaagcaatttcacagatagcttctttctagtttttatctggggacattcggattatttccattggcctcaagtggctcctaaatattccttcacagattctccaaaaagagtatttttaaaactgctgtaacaaaataaatgtttaactctgtgagatgaatccacacatc"
"CP068268_39050443_39150442",6,80892,81063,"+",14.6198830409357,3.9e-21,172,"171_1",-1,"acaaaggagtttcaaagatagtttctttctagtttttatcttgggatattacgtttttccccataggcatcaaagggctcaaaaatgtccctttgcaaattatctaaaaaaagcgtttccaacctgctgaaacaaaataaagtttttattatatgagatgattccacacatc"
"CP068268_39050443_39150442",6,81064,81221,"+",23.9766081871345,-1,158,"171_1",-1,"acagagcagttttacagaaagcctctttctagtttctatccagggatattcaatttttccccataagtttcaatggtctctcaaatgtcagagcgagtgtttccaacctgcttaatgaaaagaaaaattaaactctgtgagatgaattgacatatcac"
"CP068268_39050443_39150442",6,81222,81378,"+",22.2222222222222,-1,157,"171_1",-1,"aaatctgtttcacacaaacatttatctggtgatatactgtttttcccctaggcttcaatgggctcccaaatatctctttgcaaattctccaaaaagagtgctttcaaccttttgaatcaaagaaaaggtaaaaatccgtgagatgaatccacacatc"
"CP068268_39050443_39150442",6,81379,81545,"+",17.5438596491228,1.6e-17,167,"171_1",-1,"aattagcagtttcactgataacttatttgtagtttttatctaggaatagtttttcccttaggcctgaataagctccagaatgtcccttcacagattttccaaaaagagtgtttccaatctgctggatcaatggaaatgtttaattcttgcagatgaatccacacatc"
"CP068268_39050443_39150442",6,81546,81716,"+",10.5263157894737,2.3e-26,171,"171_1",-1,"acaaagcagtttcacacatagcttctttctaggttttatatggggatgttcattttttccccataggacttaatgggatcacaaagatccctttgcagatgctccaaaaaaggtgtttccaacctgctgaatcaaagaaagatttaactctgtgagatgaatccacacatc"
"CP068268_39050443_39150442",6,81717,81889,"+",12.280701754386,3.8e-24,173,"171_1",-1,"acagaacagtttcacagatagcttcattctacttttttatctggtgatattcacttcttccccacagtcctcactgggctctaaaatgttccttcgtagagtctccaaatagagtgtttccaaactgctgaatcaaaagaaagttttaactctgtgagattaatccacacatc"
"CP068268_39050443_39150442",6,81890,82059,"+",15.7894736842105,-1,170,"171_1",-1,"acagagcagtttcacagatacgttctttctagtttctatatagcgatatttgccttttacacttaggacttaatgggctcccaaatgtttcatcgcagattctccaaaaagagtgtttccaacctgttgaatcaaaataagctttacctctgtgagatgacccacacatc"
"CP068268_39050443_39150442",6,82060,82238,"+",20.4678362573099,-1,179,"171_1",-1,"acaagcagtttcaagatatcttctttgtactttttataagacaataatcgtttttaccccatagacctctgtgggctcccatttgggatatttatcccttagcagactctcaaaaaagactgtttccaacttgctgaatcagaagaaagatttaactctgtgagatgaatctacacatt"
"CP068268_39050443_39150442",6,82239,82410,"+",15.7894736842105,-1,172,"171_1",-1,"ataaagcaagttcacagataacttctatctagttttcctctggaaatatttggtttgccagaaaggcctcaatgggcttccaaatgtcccttcacagattctctcaaaagagtgtttccaacctgaagaatcaaaagaaagctttaagtctgtgagatgaatccacaaatca"
"CP068268_39050443_39150442",6,82411,82581,"+",15.2046783625731,-1,171,"171_1",-1,"caaagcagtatcacaaatagcttctttctcattttcatctggggatattctatttgccccacaggtctcaatgggctcccaaatatccctttgcagctgctccagaaaaaactgtttccaacctgccaattcaaaagaaagtgttatctctgtgagatgaatccacacatc"
"CP068268_39050443_39150442",6,82582,82753,"+",14.6198830409357,1.2e-24,172,"171_1",-1,"atgaagaagtttcacagatagtttcctgctagtttttttctggggatattcggttttggcccataggcctaaaggggctccaaaatgtctttttgtagattctgtaaaaacagtgtctccaaactgttgaatcaaaagaaaggtttaaatctgtgagatgaatccacacatc"
"CP068268_39050443_39150442",6,82754,82925,"+",15.2046783625731,5.8e-21,172,"171_1",-1,"aaaaaccagtttcacagatagcttctttctaatttttaactgaatatattcagttttgccccataggactcaacaggctcagaaatgccccttcacagacacttgaaaaagagtcttttaaacctggtgaatcaaaagaaagatttaagtctgtgagatgaatccacacatc"
"CP068268_39050443_39150442",6,82926,83099,"+",15.7894736842105,-1,174,"171_1",-1,"acaaagaatttccacggacagacagctcctttctagtttttatctggggatatccagtttatttccattggcctcaagagactctcaaatgtccatttgcagattcttcaaaaagagggtttcaaacctgctcaatcaaaagaatggtttaactgtgtgagatgaatccacaca"
"CP068268_39050443_39150442",6,83100,83272,"+",18.7134502923977,-1,173,"171_1",-1,"ttagagtgcagtttcacatatagcttctttctagtttttctctagagatatttgatttatccccataggcccctgtgggctcccaaatgtcctttcgcaggttctccagaaagtgtttccaaactgtagtagcaaaagaaaggtttatctctgtgtgatgactccacaaatca"
"CP068268_39050443_39150442",6,83273,83444,"+",16.9590643274854,-1,172,"171_1",-1,"caaagatgtttcacacagagattctttcttgtttttatctgcagataattcatttttccctgtacacatcaatgggctcccaaatgtcccttcacagattctgcaaaaagagtgttttcaacttcctgcatcaaaagaaaggtttgtctcagtgagatgaatccacatctca"
"CP068268_39050443_39150442",6,83445,83616,"+",16.9590643274854,-1,172,"171_1",-1,"cggagtaattttacagatagcttctttctagttttgatctgaggatattgtgttttttgctactggcctcaatgagctcccgaatgtccctttgcagattctctaaaaagagtgtttccaacctgttgagtcaaatgaaagatttacctctgtgaaatgaatccccacctca"
"CP068268_39050443_39150442",6,83617,83788,"+",15.7894736842105,-1,172,"171_1",-1,"aaaagcagtttttccaatagcttctttctatttttttatctggggatattctgtttttttccactggcctcaatgagctccccagtgtccctttgcagattctctacagagagtgtttccaacctggtgagtcaaacgaaaggtttaactccatggcatgaatccacacatg"
"CP068268_39050443_39150442",6,83789,83964,"+",22.8070175438596,-1,176,"171_1",-1,"acaaagcagtttcacagatagcatctttctagttttgttctggggatattggttttgttgttgttgttgttaggtttcaatggcttccaaactgtcctttcagtgattctacaagagtgtttcctacctgctggatcaaaagaaagttttaactctgtgtgatgagtccaagcaac"
"CP068268_39050443_39150442",6,83965,84137,"+",21.6374269005848,-1,173,"171_1",-1,"ataaagcagtttcagagttatcttctttatagtgcttgtctgatgattacctgtttttacttataggccttaatgggctcccaaatatctttttgcagttcccacaaaaggagtgtttccaactttctgtatgaaaagaaagttttaactctgtgagttcaatccaaatatca"
"CP068268_39050443_39150442",6,84138,84308,"+",17.5438596491228,-1,171,"171_1",-1,"caaagcagttttacagacagcttctttcaccttttatatggggatattcactttatccccacagacctcaatgggctcccaaatgtcttttcagaggttctagaaaaaagagtatttccaacctgcagaatcaaaagaaatgttgaaatttgtgagatgcatccacgtgta"
"CP068268_39050443_39150442",6,84309,84479,"+",11.1111111111111,-1,171,"171_1",-1,"acaaagcagtttaacagataacttcattctactttttatctggggatattcagtttttctgctaggcatcaatgggctccaaaatgtacattcacagatcctacaaaaaaagtgtttccaacctgctggatcaaaagaaaggtgtaaatctgtgagatgaatccacacatc"
"CP068268_39050443_39150442",6,84480,84648,"+",15.7894736842105,5.5e-18,169,"171_1",-1,"acaaaccagtttcacaaacttatttcagttttcatctggggatattcaatttttccttataggcttcaatggacttccaattatcccttcacagattatacaaagagagtgatttgaacctgctgaatcaaaaataaaagtttaactctgtgagatgaatcctcacatt"
"CP068268_39050443_39150442",6,84649,84820,"+",15.7894736842105,-1,172,"171_1",-1,"gcaaaacagtttcacagataccttctttctagtttttatctagggatattcaattttcttcctaggcctcaatgggctccaagacgtcacttcatagattctccaaaaagagtttttccaacctgctgaattaattaaaatgattaactctgtaagatgaatccagctatca"
"CP068268_39050443_39150442",6,84821,84990,"+",14.6198830409357,-1,170,"171_1",-1,"taaagcagtttcacaggtagcttttttctagtatttacctggggatatttgttttttcccagtggcccaaatgggatctcaaatgtcccttcacagattctacaaaaacagtgttttcaatctgctgcatcaaaacaaaggtttaacactttgagatgaatccacacatc"
"CP068268_39050443_39150442",6,84991,85139,"+",26.3157894736842,-1,149,"171_1",-1,"aaaaaacattttcaccaatagcatctttctaggtttttccccttagggctcaattgtctacaaaacgtccttttgctgattgtctagaaagagtgtttccaccctgctaattaaaagaagctttaactctgtgagataaatccacacat"
"CP068268_39050443_39150442",6,85140,85310,"+",14.6198830409357,-1,171,"171_1",-1,"acaaagcggtttcacaaaacgcatctttctagtttttacttggggatattcaatttttctccataggcctcaatgggctcccaaatgtcccttcacaggttctagaaaaagagtgttttgaacctgctgaattgaaagaaaattttaattctgtgattgaatttacacatc"
"CP068268_39050443_39150442",6,85311,85481,"+",15.7894736842105,-1,171,"171_1",-1,"acaaagcagtttcacaggtagctactttctagtttttatcttgggatattcaattttccccctatgcatcaataggttccaaaatgtctctttgcagattctccaaaaagagtttttccaacctttggaatcaatacaaacatttaacactgtaagataaatctgcacatc"
"CP068268_39050443_39150442",6,85482,85652,"+",15.7894736842105,-1,171,"171_1",-1,"acaaagaagtttcacagattgcttctatataggttttatctgaggatgttaggtttttcctcatgggcctcaatgggctctcgaatatccctttgcagattcttcaaaaagagtgtttccaaagtgctgtacaataaaacgttttaactctttgagatgaatccaaacatc"
"CP068268_39050443_39150442",6,85653,85825,"+",16.9590643274854,-1,173,"171_1",-1,"acaaagcagtttcacagatatctactttctaggttttctctgggaatatttggttttgttccatagtcctcatccactacaaaatgtcccttcgctgattctacaaaaagaatgtttccaacctgctgaatcaaaagaaaggtttaaacttgttagatgaatttacaaatcac"
"CP068268_39050443_39150442",6,69784,69842,"-",67.8362573099415,-1,59,"171_1",-1,"ttttaatctgtggatattcaacttttttgcataggcctcaatgggctcccaaatgtctc"
"CP068268_39050443_39150442",7,86077,86246,"-",16.374269005848,-1,170,"171_1",-1,"aaaaagcagtttcatagatagcttatttctagtttttatctcgggatattcagtttttccctcataggactcaaagggctctcaaatatttctttgactattctccaaaaagagcactcccaacatgctgaatcaaaagaaaagttaaactctgtgaaatgaatcacctt"
"CP068268_39050443_39150442",7,86247,86418,"-",11.1111111111111,-1,172,"171_1",-1,"acaaagcagtttcacagattgcttatttctagtttttatctgggaatattctgtttttcttcataggcctcaataagctcccacaagtcccttcacagattctagaaaaagagtgtttccaaccagctggatcaatagaaaggtttaactctgtgagatgaatctagaaatc"
"CP068268_39050443_39150442",7,86419,86588,"-",16.374269005848,-1,170,"171_1",-1,"caacgcactttcacagataactttattccggtttttatctgggatactaagtttttccccaaaggtttcaatgggttctccaatgtcccttctcagattctttaaaaatattgttttcaaactgctgaatcaaaacgaagttttaactctgtgagatgaatccacgcata"
"CP068268_39050443_39150442",7,86589,86761,"-",18.7134502923977,-1,173,"171_1",-1,"accaagcagtttgatggatacctactttctagtttttatcttgggatattccttttttccccataggcttccattggctccaaaatgtctctatgcagattccctaaaaatagtgtttacaaaatgctgaatcaaaagaaaggtttaactctgtcagataagttcacaagtga"
"CP068268_39050443_39150442",7,86762,86931,"-",19.8830409356725,1.1e-13,170,"171_1",-1,"gtaaatcagtttatcagataacttctttctagtttttatctggggatattcagttttaccctctaggcctcaaatgccttcaaaatattattttccatattctaaaaaaagtttttccaacctgctcaacctaaagaatgtttgaactatgtgagataaatccacaaatc"
"CP068268_39050443_39150442",7,86932,87103,"-",13.4502923976608,7.2e-23,172,"171_1",-1,"acaaagctgtttcacagatagcttcttcctatgttttatctggcaatatttggtttttcccagtaggcatcactgggtttccaaatgttcctacacagattctctaaaaaggtactttccaacatgctgaatcaaaagaaagttttaactctgtgagatgaatccacacatc"
"CP068268_39050443_39150442",7,87104,87281,"-",14.0350877192982,1.6e-24,178,"171_1",-1,"tagtttcacagatagtttcacagatagcttctttctagttttttccctcaggatattcagtttttccccataggcctcgatgggctcaaaaatgtcccctcacagattctccaaaacagtgtttccaacctcctgaatcaaaagaaaggtttaattctgtaagatgcatccacacatc"
"CP068268_39050443_39150442",7,87282,87480,"-",33.3333333333333,3.4e-16,199,"171_1",-1,"acaaagcagttttacttatggcttttttatagtttttatctggggatattttgtttttccctataggactcagtgggctcttaaataccctttcttatattctccaaaaagagggtttaccacgtgctgaaacaaaacaatggtttaactctcttaaatgaatccacacatcacagatgtttcacaaataactcctttc"
"CP068268_39050443_39150442",7,87481,87651,"-",15.7894736842105,2.8e-18,171,"171_1",-1,"acaaatcagttttcagagatagcttctttctagtttttatttggggatattccacttttcctcataggccttgatgtactccaaatgtttattcacagattctccagaaagactgtttccaacctgctgaataaaaaaaaggcttaacactgttagataaatgcacacgtc"
"CP068268_39050443_39150442",7,87652,87823,"-",14.6198830409357,5.1e-21,172,"171_1",-1,"atgaggcagtttcacagatagcttctttctactttctatcttgggatatagtgtttttacctataaacctcaacgtgctcccaaatgtcccttcacagattatccaaatagagtgtttcctacatgccaaatcaaaagaaaggtgtaactctgtgtgatgaatacacacatc"
"CP068268_39050443_39150442",7,87824,87993,"-",10.5263157894737,2e-24,170,"171_1",-1,"acaaagcactttaacagatagattctttctagtttttatctggggatattcagctttttcctgtaggcctcaatgctcccaaatgtccccccacagattctgcagaaagagtgattccaacctgctgaatcaaaacaaaggtttaactctctgagaggaatccacacatc"
"CP068268_39050443_39150442",7,87994,88164,"-",14.0350877192982,6.7e-21,171,"171_1",-1,"acaaagaagtttcaagatcgcttctttctaatttttatctgggtatattttgtttttccctataatccacaatgggctcccaaatatcacttcacaggttcaacaaaaagagtgtttccaacctgatgaatgaaaagaaagtattagctctgtgagataaatccacacata"
"CP068268_39050443_39150442",7,88165,88336,"-",18.1286549707602,9.9e-18,172,"171_1",-1,"acaaagcagtttcacagatagctttttttctagtttttatttaagtatgttaggcttttaacctaggcgtcagtgggctcctaaatgtcccatcagagattctcaaaaaaaaagtgttccaaattgctgaagcaaaagaatgctttaacactatgagatgaatgcacacatc"
"CP068268_39050443_39150442",7,88337,88507,"-",17.5438596491228,1.3e-20,171,"171_1",-1,"atgaaggactttcacagatagcttctttctagtttttatctagggatatttgatatttccctatagggttcgatgggcttccaaatgtcacttagcagattctctgaaaggtgtgtttccaccctgttgaatcaaaggaagttataactctgtgagaataatccacacatc"
"CP068268_39050443_39150442",7,88508,88674,"-",15.2046783625731,-1,167,"171_1",-1,"tatgcagtttcatggatagctactttctagtgttgatctggggatattcagcttttctccataggcctcaatgggctccaaaatgtcccttagcagattctccaagagtgtttccaagctactaaatttaaaaaaagctttaattctttgagatgaacccacacatc"
"CP068268_39050443_39150442",7,88675,88848,"-",14.0350877192982,-1,174,"171_1",-1,"acaaggaagtttcacagatagcttatatctagtttttatctgggtatactccttttctccctttaggtttcaacgggatcccaaatatctcttcacagattctccaaaaagagtgtttccaacctgctaaatcaaaagaaagttttaactctatgagatgaatccacaaatcac"
"CP068268_39050443_39150442",7,88849,89017,"-",19.2982456140351,-1,169,"171_1",-1,"aaatagttacacacatagcttcttactagtttttatctggggattgttggtttttccatttaggccaccaagggctcccaaatgtctctccgtagaatctgtaaaaacaatgtttcccaactactgaatcaatagaaaggtctatctctgtgggatgaatccgcacatc"
"CP068268_39050443_39150442",7,89018,89191,"-",14.6198830409357,-1,174,"171_1",-1,"acaaagcagtttcagagagagcttcttactatttttttctgaggatattcagttttaccccaaaggactcaatgggctccaaaatgtcccttcactgattctccaaaaagaatgtttccaaagtactgaataaaaacaaaggtttaactgtttgagatgaatccccacttcaca"
"CP068268_39050443_39150442",7,89192,89363,"-",20.4678362573099,-1,172,"171_1",-1,"aaggaaagttcatatatatcttctttctagctttttttctggggatatacagttttttcttaaacacataaatggactctcaaatgtgcgtttaaatattctccaaaaagagggtttccaacctgctgaaacaaaaaaagagttttatctctgtgagatgaatctgcacatt"
"CP068268_39050443_39150442",7,89364,89532,"-",18.1286549707602,-1,169,"171_1",-1,"acaaagcagtttcacagattgcttatttctacttttcatctcgagaaattttctctttcaccatacgtctcaatgggttcccaaatgtctcttcacagattctccaaaaggagtgtttccaacgtgctgaatcaaagaaaaagagtaactctttgaaatgagtcaatac"
"CP068268_39050443_39150442",7,89533,89703,"-",13.4502923976608,9e-24,171,"171_1",-1,"acaaagttgtttcacacatagcttctttctagcttttatctgtggatatttggtttttccccacaggactccatgggctccaaaatgtaccttcacagattctccaaaaaagtgtttccaaaatgctaaatcaaaagaaagttttatttctgtgagatgaacatacacatc"
"CP068268_39050443_39150442",7,89704,89871,"-",16.9590643274854,-1,168,"171_1",-1,"aaagcaatattacatatatgtctttctagtttttatctggggttatccaatttttacgcatatacttcagtcagctacaaaatgtccattcacataatctccaaaaacagtgtttccaactgctgaatcaaaagaaaggttgaattctgtgagataaatccacacatc"
"CP068268_39050443_39150442",7,89872,90038,"-",19.8830409356725,-1,167,"171_1",-1,"atcaatttcaaagatagcttctttttattttctatctgggaatatttggttatcatccatagtctttaataggctcccaaatgttccttcacagattctccaaaaagattgttttcaaccagctgagtaaaaaaatattaactctgtgagatgaatatacacatcac"
"CP068268_39050443_39150442",7,90039,90202,"-",18.1286549707602,-1,164,"171_1",-1,"acaaagcaatttcacgaatgacttctttctggtttttatctggggatattcagtttttctccagaggcttcacaaatgtcccttcatagttctacaaaaagagggttttcagcctgctgaatcaaaagaaaagtttgactctttgagatgaatccacatatcac"
"CP068268_39050443_39150442",7,90203,90374,"-",15.2046783625731,1.5e-22,172,"171_1",-1,"tcaaagcagtttcacagatagctactttctaggttatctctggggtcacttggtttttctgcagagtcctcaatgggctcccatatgtcccttcgcagtttctccaaaaagaatgtttcaaatctcctgaatcaaaacaaaggtttaactgtgtaagaggaatgcacacatc"
"CP068268_39050443_39150442",7,90375,90545,"-",10.5263157894737,2.2e-23,171,"171_1",-1,"acaaagaagtttcacagataacttctttttagtttttatctgggaatattcagtttttccccataggcatcaatgggctttcaaaggtccgtttgcaaattctccaaaaatatgtttccaaactgctgaatcaaaagaaaagttaaactctgtgagatgaatccacacatc"
"CP068268_39050443_39150442",7,90546,90711,"-",14.6198830409357,5.4e-21,166,"171_1",-1,"acaaatcgtttcacagatagcttctttctagtttttatctgcggatttttttccccattggcctaaattggctcccaaatgtccctttgcagattcttcagaaaaagcatttccaatgtggtgaatcaaaaaaaatgtttagctctgtgagatgaatccacacatc"
"CP068268_39050443_39150442",7,90712,90882,"-",15.7894736842105,-1,171,"171_1",-1,"cagagagcagtttcacagatagcttcattccagtttttatctggataatcggtttttccccataggcctcaatgggctcttacatgtctcttcacagaatatccaaaaacagtgtttccaacctgatgtattaaaaggcagttttacttgtatgagagaaatccacacatc"
"CP068268_39050443_39150442",7,90883,91064,"-",26.9005847953216,-1,182,"171_1",-1,"acaaggcagttttacagatagcttccttctattttttgtctgcagatatttggtttctacccagaggcccaaatgggttcccaaatgtcctgtcacagattttccaaaatggatatggaaatttaatttcctacctatgaaattaaaaaaatgtttcaacaatgtgagatgaatttacacct"
"CP068268_39050443_39150442",7,91065,91234,"-",16.374269005848,3.9e-17,170,"171_1",-1,"acaaagagctttcatagatagcttctttaaatttttatcttaggattctcagtttttcaccatttgcctcaatgggctccaaaatgtcctttgtagattctccaaaaatagtgtttcttacctgctgaataaaaagaaagttttaactctgggagttgaatgtacacatc"
"CP068268_39050443_39150442",7,91235,91407,"-",12.280701754386,3.6e-23,173,"171_1",-1,"agaaagtagtttcacagatagcttctttctagtttttatctggggatatttcgcttttccccataggcctcaatgggctcttaaaagtccattcacagattctccaaaatgatgtgcttccaacgtgctgaatcaaaagaaatgttgtattctgtatgatgaattcacacatc"
"CP068268_39050443_39150442",7,91408,91580,"-",10.5263157894737,9.3e-25,173,"171_1",-1,"acaaagaagtttcacagatagcttctttctagtatttatctggggattttcactttttccccaaaggcctcaatgggctttcaagtgtccctttacagattctccaaatagatgtgtttccaacctcctgagtcaaaagaaagggttaaatctgtgagatgaattgacacatc"
"CP068268_39050443_39150442",7,91581,91751,"-",16.9590643274854,-1,171,"171_1",-1,"tcacataagtttcacacataggttctttctaatttccatctggtaatattcattgttccccatagccctcaatgggctttcaaatgacccttcgcacatacttcaaaaagagtgtttccaacctgctgaaccaaaaggaatttttgaaactgtgagatgaatccacacttc"
"CP068268_39050443_39150442",7,91752,91928,"-",15.2046783625731,-1,177,"171_1",-1,"acaaaatattttcacagatatcttctttctattttttttatctggagacattctgtttttccccataggcctcaatgggcttttaaatgtcccttcacagattcgccaaaatgagtgtttccaaccaggtgaatcataagaaagttttaactctatgatgtgaatccacacatcaca"
"CP068268_39050443_39150442",7,91929,92097,"-",16.9590643274854,-1,169,"171_1",-1,"tatcagtttctcacgtagcttctttgagtttctatcttgggatattagatttttccctgtaagcctcaatgggctcccaaatattccatcacagattcactaaaaagagtgtctttaacctgctgaatcaaaggaattggtttatctctgtaagatgaatccacacatc"
"CP068268_39050443_39150442",7,92098,92268,"-",13.4502923976608,-1,171,"171_1",-1,"gcaaagcagtttcagatagattctttctagtttttatctgtggatattcggctgttccccatagccctcaatgggctccaaagtttcctattgcagattctccaaaaagagtgcttccaatttgctgaatcaaaagaatgttttaactctgtgagatgaatccacacacca"
"CP068268_39050443_39150442",7,92269,92441,"-",12.8654970760234,8.3e-23,173,"171_1",-1,"acaaagttgtttcagaggtagcttctttctagtttttagctggggatattcaattttttcccataggcctcaatgggctcccaaatgtcccttctcagatcctccaaaaagaaatgtttccatcctgttgaatcaaaagaaaattttaaatctgaaagatgtttccacaaatc"
"CP068268_39050443_39150442",7,92442,92609,"-",15.2046783625731,-1,168,"171_1",-1,"ctgaaaagcagtttcacagatagcttctttctaatttttacctggggattttttttcccatagtcctccatgagctcctaaatatcccttcacagattctccaaaaagaatatttccaactgctgagtcacaagactgttttaactctgtgataagagtccacacatc"
"CP068268_39050443_39150442",7,92610,92781,"-",19.8830409356725,-1,172,"171_1",-1,"acaaaatagtttcacagctagcttctttggagtgtttatcaggatatattcgttttttttgccctaggcctcaatgggctgcaaaatattcctttgcagattttctgaagagtgtttacatcctgctgaatcaaaagaaagttttaactctatgagatgtatccacaaatca"
"CP068268_39050443_39150442",7,92782,92952,"-",14.0350877192982,-1,171,"171_1",-1,"acaaaacagtttcacagatagtttctttgtagattttatctggggatattcgggtttttttccataggccaaaatgggctcccaaatgtcccttcgtagatactccaaaaagtgtttccaacctgctgattcaaaagcatggtttagctatctgagctaaatccacacatc"
"CP068268_39050443_39150442",7,92953,93120,"-",17.5438596491228,-1,168,"171_1",-1,"atcagtttcacacatagcttctttcaattttctaccttaggatattctatttttccacataggcctcaatgggctcccaaatattttttcacagattctctaaaaggagtgttttcaactagctgagtcaaaagtaacgtttaactctgtgagatgaatgcatgcaac"
"CP068268_39050443_39150442",7,93121,93291,"-",14.6198830409357,-1,171,"171_1",-1,"caaagaaatttcacagataatttctttctagtttttatctgggtatactttgttttgtcccatagacctcaatgggttgccaattgtccattcacaaattttccaaaaagtgtttccaacctgctgaaccaaaagaaaggcttaactctgtgaaatgaatccacacgtcgc"
"CP068268_39050443_39150442",7,93292,93465,"-",15.7894736842105,-1,174,"171_1",-1,"aaaaagcagtttcacagatagcttctttctagtttttctctgggagtattcagttttgtcccatagacctaattgggctcccaaatatttctttgcatgttctccaaaaagatgtgtttcaaacctgctgaatgaaaagaagggattaacactgtaagatgcatccacccatca"
"CP068268_39050443_39150442",7,93466,93591,"-",35.0877192982456,-1,126,"171_1",-1,"tattgtatttttccacataggcaacaaaggggtccaaaatgtccattcacagattctccaaaaacagtgttttcaacttcctgaatcaaaaaaaagtcttaactctctgagatgaatccacacatc"
"CP068268_39050443_39150442",7,93592,93765,"-",17.5438596491228,-1,174,"171_1",-1,"acaaagcagtttcacaaatagttctttctagtttttatctgtggatattccatttttccccataggcctcaatgggatccaaaattttccttcacacattttgcaaagacaatgttcccaaccaactgagtctaaaggaagatttaattctctgacatgaatccaaacatcaca"
"CP068268_39050443_39150442",7,93766,93935,"-",18.1286549707602,5.3e-17,170,"171_1",-1,"ataaagtagtttcacagttagcgtctttctagtttttttatgaggatatttggtttttccccataggctacaaggtgttccaaaatgtctatttgcagattctccaaaaagagttttcaacctgctgaatcaaaagaaatgtttatctcaaagagatcaacccaaacttc"
"CP068268_39050443_39150442",7,93936,94096,"-",20.4678362573099,-1,161,"171_1",-1,"taaagcactttcacggatagctatggtgatctgggaatattcagcttttcactgtaggttatattggctcctaaatgtcccttaacagattctccaaaaagaatgtttctaaccttctgaatcaataaaagctttaactctgtgagatgaatgtacacatt"
"CP068268_39050443_39150442",7,94097,94268,"-",12.8654970760234,-1,172,"171_1",-1,"acaaaagagttccacagattgtttctttctactttttatctggggatactcagtttttcccatgggcctaaatgaactcccaaatgtcccttcacagtttctcctaaaacagtgtttccaacctgctgaatcaaaagaaagttttaattctgagagatgagtccacacctca"
"CP068268_39050443_39150442",7,94269,94440,"-",18.7134502923977,2.2e-16,172,"171_1",-1,"acaaagcagtttcaccgatggcatctttcttgtttgtacctggtgatattgggtttttcacataagcctaaataaactcccaaatatctattctcagattcttcaaaaaaatatgtttccaacctgttgaatcaaagggaaattttaacttggtgagatgaatccacacatc"
"CP068268_39050443_39150442",7,94441,94612,"-",11.1111111111111,2.7e-24,172,"171_1",-1,"tctaagcagtttcacaaatagcttcttcctagtttttatctggggatattccgttttgccccatagacctaaaagggctcttaaatgtcccatcacagattttccacaaagactgtttccaacctgcagtatcaaaagaaatgtttaactctgcgagatgaatccacacatc"
"CP068268_39050443_39150442",7,94613,94746,"-",30.9941520467836,-1,134,"171_1",-1,"caaaacattttcagtatttccccataggcctcaatggcttttcaaatgtccctttgcagattctccaaatagaagtgtttctaacctcctgagtcaaaagaaagggtaaattctgtgagatgaatccacatatc"
"CP068268_39050443_39150442",7,94747,94918,"-",13.4502923976608,-1,172,"171_1",-1,"accaagcagttacacagatagcttctttgtagttttttttctgggcatattcgttttccttccataggctaaaatgggctcccaaatatcccttcatatattctcaaaaaagtgtctccaacctgctgaatcaaaggaaaggtttaactctgtgagatgaatccacatatca"
"CP068268_39050443_39150442",7,94919,95090,"-",16.374269005848,-1,172,"171_1",-1,"acaaagcagttttaaaggtggtttctttccagtttttatctgaaaatattcggcttctccttataggcctcaatgggctcccaaatgttccttcacaaatattaccaaaagaatgtttccaatctgttgaatcaaaagaaaggtttaactctgagagataaattcacagatc"
"CP068268_39050443_39150442",7,95091,95264,"-",16.9590643274854,9.9e-17,174,"171_1",-1,"acaaagtagtttcacagatagcttctttcaagtttttatctgagaaaattcagttttttttccattaggcttcattagactcaaaaatatcatttcacagattctatgaataaagtgtttccaacctgctgaatcaatagaaagttttaattctgtgagctgaatccgcacatc"
"CP068268_39050443_39150442",7,95265,95436,"-",16.374269005848,1e-18,172,"171_1",-1,"ataaatcagcttcacagatagattctttctagtttttatctggggataattgttttttttttccataggttacaatgggttcaaaaatatcccttcgtatattctccaaaaagggtttccaacctgctaagtcaaaagaatggtttaactctctgagatgaatccacacatc"
"CP068268_39050443_39150442",7,95437,95609,"-",11.1111111111111,5.8e-26,173,"171_1",-1,"acaaacaagttttgcagatggcttctttctagttttcatctggagatattcagtttttccaagtaggcctcagtgggcttccaaatgtccactcacagattctccaaaaaagagtatttccaaactgctgaatcaaaagaatggtttaactctgtgagatgaatccacacatc"
"CP068268_39050443_39150442",7,95610,95779,"-",12.8654970760234,1.5e-22,170,"171_1",-1,"acaaagcagtttaacagatggcttcttttcagtttttttctggggatattgattttccccatagtcctcaaagtcctcccatatgtccctttgtagattctccacaaagagtgtttccaacatgctgaatcaaaagcaaggtttagctctgtgagacgaatccacacatc"
"CP068268_39050443_39150442",7,95780,95950,"-",20.4678362573099,4.4e-13,171,"171_1",-1,"ataaagcagtttcacagagaccttctttcttgtttttatctgaggatattcattttttcgatataggccctatgagttcccatatgtcactttgtagattctagaagaagcatgtttcaaacctgcagaataaaaagacacatttaataccgtgaggttaatccacacatc"
"CP068268_39050443_39150442",7,95951,96084,"-",30.4093567251462,2.5e-12,134,"171_1",-1,"acaaagaagattcacagatgtcttctttctagttttatctggggatattctgtttttcaacataggcctcaatgggctactacaacctcctgaacagaagaaaattttaagtctgtgaaaagaatccacacatc"
"CP068268_39050443_39150442",7,96085,96256,"-",15.2046783625731,1.8e-19,172,"171_1",-1,"accaagcaatttcacagatagcttctttctaatttttatctgaggatatttgatctatccttgtagtcaactatgagttcccaactgtaccttttcagattctccaaaaagagtgtttccaacctgctaaatcaaaacaaaggtttaactctgtaagatgaatccacacatc"
"CP068268_39050443_39150442",7,96257,96426,"-",18.7134502923977,2.9e-16,170,"171_1",-1,"acaaaccaatttcacagatagcttccttctagttttctctgggggtattctatttttcctctaagcctcagtgggctccctcatgttcctttgcatgttctacaaaaagagtctttccaacctgctgagttaaaaataatatttaactttgcaagatgaatccacacatt"
"CP068268_39050443_39150442",7,96427,96597,"-",14.0350877192982,2.4e-21,171,"171_1",-1,"acaaagcagtttctcagataatctctttctactttttctctggggatattctgtttttccccataggcctcaatgagattccaagtgtacctttgagattctagtaaaatagtgtctccaacctgctgattcaaaagaaagttttaactctgtgagatgaatccagacatc"
"CP068268_39050443_39150442",7,96598,96769,"-",15.2046783625731,9.7e-21,172,"171_1",-1,"acaagaaagtttcacagacagcttgtttctagtttatatctggggatattcagtttttccccatagatctcaaagggctccaaaatgtcccttctcagattctccagaaagagcctttccaacttgttgaatgaaatgaaatatttaattctgtgtgatacatctacacatc"
"CP068268_39050443_39150442",7,96770,96940,"-",14.0350877192982,1.4e-21,171,"171_1",-1,"acaaagcactttcacagatagcttcgttctagtgtttatctggggatatttggtttttcctcataggcctcaatgggctacaaactgtccttttgctgatgttccaacaagaatgtttctaacctgctaaatcatagaaaggtttaattctgtaagatgaatccacacatc"
"CP068268_39050443_39150442",7,96941,97109,"-",16.9590643274854,5.2e-21,169,"171_1",-1,"acaaagccatttcacagataatttctttataggttttaccagggatatttgcttttttctcatagacctcaatgggctcctaactgtcccttcgcatattctccgaagagtatttccaaactgttgaatcaaaagaaagtcttaagtctgtgagatgaatccacacatc"
"CP068268_39050443_39150442",7,97110,97279,"-",5.84795321637427,-1,170,"171_1",-1,"caaaccagtttcaaagatagcttctttctagtttttatctggagatattcagttttccccataggcctcaatgggctcccaaatgtcccttcacagattttccaaaaacagtatttccaacctgctgaatcaaaagaaaagtttaattctgttagatgaatccacacatc"
"CP068268_39050443_39150442",7,97280,97448,"-",23.3918128654971,-1,169,"171_1",-1,"acaaatgagttgcacagataggtactctctagttttcatctaggggtattcgatttttccaacaggcctcaatgggattgaaaacatcttttgcagattctctaaaaaagcatatccaacctgctgaatcgaaagaaagggtaaccctctgagatgaatcttcccatga"
"CP068268_39050443_39150442",7,97449,97620,"-",18.1286549707602,-1,172,"171_1",-1,"cacaaaccagtttcactggtagcttgttgttattttttatctagggatattcactttttactcataagcctcaatgactcccaaaagtttccttgcagattcttcaaaatgtctgtttccaacctcctgaatcaaaacaaagttttacgtctgtgtgatgaatccacacatc"
"CP068268_39050443_39150442",7,97621,97796,"-",20.4678362573099,-1,176,"171_1",-1,"acagagcagttcccagatagatgctttctagtttctacctggggatattctgttttacctcatgggactcaaagggctcccaaatatcccttcaataattatccaaaaaaaaaaaaagtgtttccaactagctgaatcacaagaaagatttaaatctatgagatgaatccaaacaa"
"CP068268_39050443_39150442",7,97797,97968,"-",20.4678362573099,3.2e-16,172,"171_1",-1,"acaaagcagtttctcagattgttcctttgtatttttcatctggaaatattcggtttttacatataggccacgacaggctccaaattaccccttagaagattctgcaaaataagagtttccaacctgcttgatgaaaagaaagtttgaactctgtgagataaatccacacatc"
"CP068268_39050443_39150442",7,97969,98139,"-",16.374269005848,3.2e-19,171,"171_1",-1,"tcaaagcagtttcacagatagcttctttcttttattaatctggtgatatttggtttttacccatcagccttaatgagatcacatgtgtccctttgcaaattctccaaaagagagttttcaacttgaggaatcaaaagaaagatttaactctgtgagatgaatccacacata"
"CP068268_39050443_39150442",7,98140,98307,"-",18.1286549707602,-1,168,"171_1",-1,"aagaagtttcacagatacctttgttctagttttcatctgggggtattcgattttaacttataggatttaatcatctcccaaatgtctttttgcaaactctccaaaaaagtgtttccaacctgctgaatcaaaagaaaggtttaattatgagagatgaatccacacagc"
"CP068268_39050443_39150442",7,98308,98481,"-",14.6198830409357,-1,174,"171_1",-1,"agaaagcagtttcacagatagcttttttctagtttttatctggggatatttgtttttaattatagatgtcaatgggctcccgaatgtcccttcacagattctacaaaaattatgtttccaatctgctggatcaaaacaaaggtttaactcttttgagaggaatccacacattca"
"CP068268_39050443_39150442",7,98482,98652,"-",12.280701754386,-1,171,"171_1",-1,"acaaagcagtttcacagacagattctttctaggttttacctgtaaatatttgatttttccccataggcctcaatggagtctcaaatgtcccttcgcagattctccaaaaagagtgattccaacctgctgaatcaaaagaaaatttaaatctgtgagacgaatcaacacatc"
