read_id	length_bp	gc_bin_5pct	max_purine_pyrimidine_bin_5pct	any_alignment_span_bp	primary_span_bp	primary_mapq20_span_bp	primary_organelle_span_bp	primary_other_reference_span_bp	primary_rows	secondary_rows	organelle_primary_rows	primary_compartment_overlap_bp
SRR25241090.1000919	13972	10	10	13972	13972	13972	0	13972	1	0	0	0
SRR25241090.1001366	20922	9	10	20922	20922	20922	0	20922	1	0	0	0
SRR25241090.1001995	14812	9	10	14812	14812	14812	0	14812	1	0	0	0
SRR25241090.10031	27573	7	10	27573	27573	27573	0	27573	1	0	0	0
SRR25241090.1003266	28460	8	10	28460	28460	28460	0	28460	1	0	0	0
SRR25241090.100641	22234	7	10	22234	22234	22234	0	22234	1	0	0	0
SRR25241090.1007658	33400	8	10	33400	33400	33400	0	33400	1	0	0	0
SRR25241090.1009448	14984	8	10	14984	14984	0	0	14984	1	4	0	0
SRR25241090.1012334	14231	8	10	14231	14231	14231	0	14231	1	0	0	0
SRR25241090.1016704	13479	8	10	13479	13479	13479	0	13479	1	0	0	0
SRR25241090.1017682	23645	7	10	23645	23645	23645	0	23645	1	0	0	0
SRR25241090.1024313	20314	8	10	20314	20314	20314	0	20314	1	0	0	0
SRR25241090.1027767	20141	9	10	20141	20141	20141	0	20141	1	0	0	0
SRR25241090.1029264	16892	8	10	16892	16892	16892	0	16892	1	0	0	0
SRR25241090.1029535	18376	8	10	18376	18376	18376	0	18376	1	0	0	0
SRR25241090.103235	13387	8	10	13387	13387	13387	0	13387	1	0	0	0
SRR25241090.1033551	20756	8	10	20756	20756	20756	0	20756	1	0	0	0
SRR25241090.1033988	14113	8	10	14113	14113	14113	0	14113	1	0	0	0
SRR25241090.1034292	12213	8	10	12213	12213	12213	0	12213	1	0	0	0
SRR25241090.1035519	19866	9	10	19866	19866	19866	0	19866	1	0	0	0
SRR25241090.1035560	11931	8	10	11925	11925	11925	0	11925	1	0	0	0
SRR25241090.1036627	18308	8	10	18308	18308	18308	0	18308	1	0	0	0
SRR25241090.1036677	14584	7	10	14579	14579	14579	0	14579	1	0	0	0
SRR25241090.1044222	18795	8	10	18795	18795	18795	0	18795	1	0	0	0
SRR25241090.1052718	21037	8	10	21037	21037	21037	0	21037	1	0	0	0
SRR25241090.1054990	22319	9	10	22319	22319	22319	0	22319	1	0	0	0
SRR25241090.1055025	13135	9	10	13133	13133	13133	0	13133	1	0	0	0
SRR25241090.1058246	17568	8	10	17568	17568	17568	0	17568	1	0	0	0
SRR25241090.1061868	27847	9	10	27847	27847	27847	0	27847	1	0	0	0
SRR25241090.1062641	4739	9	10	4739	4739	4739	0	4739	1	0	0	0
SRR25241090.106305	15525	9	10	15525	15525	15525	0	15525	1	0	0	0
SRR25241090.1069606	16392	8	10	16392	16392	16392	0	16392	1	0	0	0
SRR25241090.1070504	11875	8	10	11875	11875	11875	0	11875	1	0	0	0
SRR25241090.107125	18972	9	10	18972	18972	18972	0	18972	1	0	0	0
SRR25241090.1071367	16432	8	10	16432	16432	16432	0	16432	1	0	0	0
SRR25241090.1077660	22460	8	10	22460	22460	22460	0	22460	1	0	0	0
SRR25241090.1078457	29649	7	10	29649	29649	29649	0	29649	1	0	0	0
SRR25241090.1081773	32874	8	10	32867	32867	32867	0	32867	1	0	0	0
SRR25241090.1083999	27889	9	10	27889	27889	27889	0	27889	1	0	0	0
SRR25241090.1086657	14370	8	10	14370	14370	14370	0	14370	1	0	0	0
SRR25241090.1091661	15445	8	10	15445	15445	15445	0	15445	1	0	0	0
SRR25241090.109199	17583	8	10	17583	17583	17583	0	17583	1	0	0	0
SRR25241090.1096714	12832	8	10	12832	12832	12832	0	12832	1	0	0	0
SRR25241090.1097024	20324	8	10	19654	19654	3845	0	19654	2	2	0	0
SRR25241090.1102542	16002	10	10	16002	16002	16002	0	16002	1	0	0	0
SRR25241090.1102890	12856	7	10	12856	12856	12856	0	12856	1	0	0	0
SRR25241090.1104894	13756	8	10	13747	13747	13747	0	13747	1	0	0	0
SRR25241090.11049	5293	9	10	5289	5289	5289	0	5289	1	0	0	0
SRR25241090.1105675	15383	9	10	15383	15383	15383	0	15383	1	0	0	0
SRR25241090.1111721	18813	8	10	18813	18813	18813	0	18813	1	0	0	0
SRR25241090.1112015	11817	7	10	11817	11817	11817	0	11817	1	0	0	0
SRR25241090.111251	17279	8	10	17279	17279	17279	0	17279	1	0	0	0
SRR25241090.1116524	13089	8	10	13076	13076	13076	0	13076	1	0	0	0
SRR25241090.111746	27838	8	10	27838	27838	27838	0	27838	1	0	0	0
SRR25241090.1125132	30490	8	10	30490	30490	30490	0	30490	1	0	0	0
SRR25241090.113429	12459	9	10	12459	12459	12459	0	12459	1	0	0	0
SRR25241090.1135145	13117	7	10	13117	13117	13117	0	13117	1	0	0	0
SRR25241090.1137249	18934	8	10	18934	18934	18934	0	18934	1	0	0	0
SRR25241090.1139912	17332	7	10	17332	17332	17332	0	17332	1	0	0	0
SRR25241090.1140373	21440	8	10	21420	21420	21420	0	21420	1	0	0	0
SRR25241090.1141608	11821	8	10	11821	11821	11821	0	11821	1	0	0	0
SRR25241090.114314	12457	8	10	12457	12457	12457	0	12457	1	0	0	0
SRR25241090.1144679	15973	8	10	15973	15973	15973	0	15973	1	0	0	0
SRR25241090.1149197	20900	9	10	20900	20900	20900	0	20900	1	0	0	0
SRR25241090.1151912	24730	7	10	24730	24730	24730	0	24730	1	0	0	0
SRR25241090.1153462	25975	9	10	25975	25975	25975	0	25975	1	0	0	0
SRR25241090.1155576	17212	8	10	17212	17212	17212	0	17212	1	0	0	0
SRR25241090.1159443	31714	8	10	31714	31714	31714	0	31714	1	0	0	0
SRR25241090.116160	14823	9	10	14823	14823	14823	0	14823	1	0	0	0
SRR25241090.1162135	20032	8	10	20028	20028	20028	0	20028	1	0	0	0
SRR25241090.1164711	12137	8	10	12137	12137	12137	0	12137	1	0	0	0
SRR25241090.117168	17462	8	10	17462	17462	17462	0	17462	1	0	0	0
SRR25241090.1178574	12508	7	10	12508	12508	12508	0	12508	1	0	0	0
SRR25241090.1179938	30026	10	10	30026	30026	30026	0	30026	1	0	0	0
SRR25241090.1188723	15966	8	10	15966	15966	15966	0	15966	1	0	0	0
SRR25241090.1196405	22687	9	10	22687	22687	22687	0	22687	1	0	0	0
SRR25241090.1196962	16910	8	10	16910	16910	16910	0	16910	1	0	0	0
SRR25241090.1197366	14865	8	10	14865	14865	14865	0	14865	1	0	0	0
SRR25241090.1198379	18319	7	10	18319	18319	18319	0	18319	1	0	0	0
SRR25241090.1198397	4562	8	10	4562	4562	4562	0	4562	1	0	0	0
SRR25241090.1200512	21683	9	10	21683	21683	21683	0	21683	1	0	0	0
SRR25241090.1205050	17094	8	10	17094	17094	17094	0	17094	1	0	0	0
SRR25241090.1210873	28963	8	10	28954	28954	28954	0	28954	1	0	0	0
SRR25241090.1213628	22910	8	10	22910	22910	22910	0	22910	1	0	0	0
SRR25241090.1213839	5081	8	10	5081	5081	5081	0	5081	1	0	0	0
SRR25241090.1214247	18423	7	10	18423	18423	18423	0	18423	1	0	0	0
SRR25241090.1216212	18102	8	10	18094	18094	18094	0	18094	1	0	0	0
SRR25241090.1220373	24481	7	10	24481	24481	24481	0	24481	1	0	0	0
SRR25241090.1222205	35881	8	10	35881	35881	35881	0	35881	1	0	0	0
SRR25241090.1230200	14147	9	10	14147	14147	14147	0	14147	1	0	0	0
SRR25241090.1232440	19096	7	10	19096	19096	19096	0	19096	1	0	0	0
SRR25241090.1235019	22690	7	10	22690	22690	22690	0	22690	1	0	0	0
SRR25241090.1237154	14811	8	10	14809	14809	14809	0	14809	1	0	0	0
SRR25241090.1238402	14024	8	10	14019	14019	14019	0	14019	1	0	0	0
SRR25241090.1241283	21802	9	10	21802	21802	21802	0	21802	1	0	0	0
SRR25241090.1242492	12330	8	10	12330	12330	12330	0	12330	1	0	0	0
SRR25241090.1243391	13365	7	10	13365	13365	13365	0	13365	1	0	0	0
SRR25241090.1247474	12240	10	10	12240	12240	12240	0	12240	1	0	0	0
SRR25241090.1252658	11844	8	10	11844	11844	11844	0	11844	1	0	0	0
SRR25241090.1258513	17387	10	10	17387	17387	17387	0	17387	1	0	0	0
SRR25241090.1261945	12760	8	10	12760	12760	12760	0	12760	1	0	0	0
SRR25241090.1263912	18706	7	10	18706	18706	18706	0	18706	1	0	0	0
SRR25241090.1264461	24572	8	10	24572	24572	24572	0	24572	1	0	0	0
SRR25241090.1269996	15727	8	10	15727	15727	15727	0	15727	1	0	0	0
SRR25241090.1270268	25231	7	10	25231	25231	25231	0	25231	1	0	0	0
SRR25241090.127206	24975	8	10	24975	24975	24975	0	24975	1	0	0	0
SRR25241090.1275952	11328	8	10	11327	11327	11327	0	11327	1	0	0	0
SRR25241090.128279	25860	9	10	25860	25860	25860	0	25860	1	0	0	0
SRR25241090.1287135	25817	7	10	25817	25817	25817	0	25817	1	0	0	0
SRR25241090.1290261	16263	9	10	16263	16263	16263	0	16263	1	0	0	0
SRR25241090.1290832	21151	7	10	21151	21151	21151	0	21151	1	0	0	0
SRR25241090.1291303	27793	8	10	27793	27793	27793	0	27793	1	0	0	0
SRR25241090.1292519	12011	10	10	12011	12011	12011	0	12011	1	0	0	0
SRR25241090.1294820	14727	10	10	14727	14727	14727	0	14727	1	0	0	0
SRR25241090.1296170	20476	9	10	20476	20476	20476	0	20476	1	0	0	0
SRR25241090.1297233	15323	7	10	15323	15323	15323	0	15323	1	0	0	0
SRR25241090.129936	12917	9	10	12917	12917	12917	0	12917	1	0	0	0
SRR25241090.1300463	3965	10	10	3965	3965	3965	0	3965	1	0	0	0
SRR25241090.1302936	18283	8	10	18283	18283	18283	0	18283	1	0	0	0
SRR25241090.1305348	17323	8	10	17323	17323	17323	0	17323	1	0	0	0
SRR25241090.1305502	15623	9	10	15623	15623	15623	0	15623	1	0	0	0
SRR25241090.1307017	16565	8	10	16564	16564	16564	0	16564	1	0	0	0
SRR25241090.130847	11706	8	10	11706	11706	11706	0	11706	1	0	0	0
SRR25241090.1308500	13633	8	10	13629	13629	13629	0	13629	1	0	0	0
SRR25241090.1308771	25529	10	10	25529	25529	25529	0	25529	1	0	0	0
SRR25241090.1309968	21898	9	10	21895	21895	21895	0	21895	1	0	0	0
SRR25241090.1311114	19644	8	10	19644	19644	19644	0	19644	1	0	0	0
SRR25241090.1312019	18668	8	10	18667	18667	18667	0	18667	1	0	0	0
SRR25241090.131512	11705	9	10	11705	11705	11705	0	11705	1	0	0	0
SRR25241090.1317912	21437	9	10	21437	21437	21437	0	21437	1	0	0	0
SRR25241090.1321144	22818	7	10	22818	22818	22818	0	22818	1	0	0	0
SRR25241090.1321949	25510	9	10	25510	25510	25510	0	25510	1	0	0	0
SRR25241090.1325744	19744	8	10	19744	19744	19744	0	19744	1	0	0	0
SRR25241090.1329998	12856	8	10	12856	12856	12856	0	12856	1	0	0	0
SRR25241090.1330801	19003	8	10	19003	19003	19003	0	19003	1	0	0	0
SRR25241090.1332954	18701	9	10	18697	18697	18697	0	18697	1	0	0	0
SRR25241090.1336415	19184	8	10	19184	19184	19184	0	19184	1	0	0	0
SRR25241090.1337560	19001	8	10	19001	19001	19001	0	19001	1	0	0	0
SRR25241090.1339020	21348	7	10	21348	21348	21348	0	21348	1	0	0	0
SRR25241090.1339827	19419	9	10	19415	19415	19415	0	19415	1	0	0	0
SRR25241090.135265	16752	9	10	16752	16752	16752	0	16752	1	0	0	0
SRR25241090.1352671	16868	9	10	16868	16868	16868	0	16868	1	0	0	0
SRR25241090.135654	23801	8	10	23801	23801	23801	0	23801	1	0	0	0
SRR25241090.1362373	33626	9	10	33626	33626	33626	0	33626	1	0	0	0
SRR25241090.1362901	15399	8	10	15399	15399	15399	0	15399	1	0	0	0
SRR25241090.1364833	15466	7	10	15466	15466	15466	0	15466	1	0	0	0
SRR25241090.1369578	15073	8	10	15073	15073	15073	0	15073	1	0	0	0
SRR25241090.1373132	21850	8	10	21850	21850	21850	0	21850	1	0	0	0
SRR25241090.1375027	15137	8	10	15137	15137	15137	0	15137	1	0	0	0
SRR25241090.1378298	16249	8	10	16249	16249	16249	0	16249	1	0	0	0
SRR25241090.1384285	10834	9	10	10834	10834	10834	0	10834	1	0	0	0
SRR25241090.1385021	12402	10	10	12402	12402	12402	0	12402	1	0	0	0
SRR25241090.1389221	17401	9	10	17401	17401	17401	0	17401	1	0	0	0
SRR25241090.1390070	11704	8	10	11704	11704	11704	0	11704	1	0	0	0
SRR25241090.1391599	14280	8	10	14280	14280	14280	0	14280	1	0	0	0
SRR25241090.1393657	16695	9	10	16695	16695	16695	0	16695	1	0	0	0
SRR25241090.1395963	23280	8	10	23280	23280	23280	0	23280	1	0	0	0
SRR25241090.1397855	19677	9	10	19677	19677	19677	0	19677	1	0	0	0
SRR25241090.140086	16914	9	10	16914	16914	16914	0	16914	1	0	0	0
SRR25241090.1403683	20941	9	10	20941	20941	20941	0	20941	1	0	0	0
SRR25241090.1407921	14336	9	10	14336	14336	14336	0	14336	1	0	0	0
SRR25241090.1409808	17771	8	10	17771	17771	17771	0	17771	1	0	0	0
SRR25241090.141151	21717	8	10	21717	21717	21717	0	21717	1	0	0	0
SRR25241090.1413078	13745	10	10	13745	13745	13745	0	13745	1	0	0	0
SRR25241090.1419685	13142	8	10	13142	13142	13142	0	13142	1	0	0	0
SRR25241090.1423885	12072	10	10	12072	12072	12072	0	12072	1	0	0	0
SRR25241090.1424608	23379	7	10	23379	23379	23379	0	23379	1	0	0	0
SRR25241090.1432674	13712	8	10	13712	13712	13712	0	13712	1	0	0	0
SRR25241090.1434636	13707	8	10	13701	13701	13701	0	13701	1	0	0	0
SRR25241090.1436042	15724	9	10	15724	15724	15724	0	15724	1	0	0	0
SRR25241090.1438106	14583	7	10	14583	14583	14583	0	14583	1	0	0	0
SRR25241090.1443330	10976	10	10	10976	10976	10976	0	10976	1	0	0	0
SRR25241090.1449289	16815	8	10	16815	16815	16815	0	16815	1	0	0	0
SRR25241090.1451950	18933	8	10	18933	18933	18933	0	18933	1	0	0	0
SRR25241090.1456488	15912	8	10	15912	15912	0	0	15912	1	2	0	0
SRR25241090.145683	17819	8	10	17819	17819	17819	0	17819	1	0	0	0
SRR25241090.1458006	13258	8	10	13258	13258	13258	0	13258	1	0	0	0
SRR25241090.146051	16144	8	10	16144	16144	16144	0	16144	1	0	0	0
SRR25241090.1464015	17645	8	10	17645	17645	17645	0	17645	1	0	0	0
SRR25241090.1464570	12418	9	10	12418	12418	12418	0	12418	1	0	0	0
SRR25241090.1474203	20449	8	10	20449	20449	20449	0	20449	1	0	0	0
SRR25241090.1475168	16615	8	10	16615	16615	16615	0	16615	1	0	0	0
SRR25241090.1475676	14235	8	10	14235	14235	14235	0	14235	1	0	0	0
SRR25241090.1484218	14332	10	10	14332	14332	14332	0	14332	1	0	0	0
SRR25241090.1487151	14101	7	10	14101	14101	14101	0	14101	1	0	0	0
SRR25241090.1488892	17176	7	10	17176	17176	17176	0	17176	1	0	0	0
SRR25241090.1493123	26543	8	10	26543	26543	26543	0	26543	1	0	0	0
SRR25241090.1493911	14739	8	10	7285	7285	7285	0	7285	8	0	0	0
SRR25241090.14978	10966	8	10	10961	10961	10961	0	10961	1	0	0	0
SRR25241090.149946	18187	8	10	18187	18187	18187	0	18187	1	0	0	0
SRR25241090.1500360	11908	8	10	11908	11908	11908	0	11908	1	0	0	0
SRR25241090.1509283	13671	9	10	13671	13671	13671	0	13671	1	0	0	0
SRR25241090.1511406	26255	8	10	26255	26255	26255	0	26255	1	0	0	0
SRR25241090.1511588	24706	8	10	24706	24706	24706	0	24706	1	0	0	0
SRR25241090.1512855	12603	8	10	12599	12599	12599	0	12599	1	0	0	0
SRR25241090.1513700	15192	10	10	15192	15192	15192	0	15192	1	0	0	0
SRR25241090.1514861	12250	9	10	12250	12250	12250	0	12250	1	0	0	0
SRR25241090.152648	9716	9	10	9716	9716	9716	0	9716	1	0	0	0
SRR25241090.1530186	15851	8	10	15851	15851	15851	0	15851	1	0	0	0
SRR25241090.1532093	20491	8	10	20491	20491	20491	0	20491	1	0	0	0
SRR25241090.1536088	16139	10	10	16139	16139	16139	0	16139	1	0	0	0
SRR25241090.1541575	38588	8	10	38588	38588	38588	0	38588	1	0	0	0
SRR25241090.1542630	14138	9	10	14138	14138	14138	0	14138	1	0	0	0
SRR25241090.1543410	12454	8	10	12454	12454	12454	0	12454	1	0	0	0
SRR25241090.154662	22233	8	10	22233	22233	22233	0	22233	1	0	0	0
SRR25241090.1554833	18126	8	10	18126	18126	18126	0	18126	1	0	0	0
SRR25241090.1555555	12838	7	10	12838	12838	12838	0	12838	1	0	0	0
SRR25241090.1561661	33261	8	10	33261	33261	33261	0	33261	1	0	0	0
SRR25241090.1567787	16034	8	10	16034	16034	16034	0	16034	1	0	0	0
SRR25241090.1567901	18338	9	10	18338	18338	18338	0	18338	1	0	0	0
SRR25241090.1568053	24039	8	10	24039	24039	24039	0	24039	1	0	0	0
SRR25241090.1575109	12444	7	10	12444	12444	12444	0	12444	1	0	0	0
SRR25241090.1575561	18671	8	10	18671	18671	18671	0	18671	1	0	0	0
SRR25241090.1579048	15733	7	10	15733	15733	15733	0	15733	1	0	0	0
SRR25241090.158426	12160	8	10	12160	12160	12160	0	12160	1	0	0	0
SRR25241090.1585980	14797	8	10	14797	14797	14797	0	14797	1	0	0	0
SRR25241090.1587512	16368	8	10	16355	16355	16355	0	16355	1	1	0	0
SRR25241090.1591450	13864	8	10	13864	13864	13864	0	13864	1	0	0	0
SRR25241090.1592578	20085	7	10	20085	20085	20085	0	20085	1	0	0	0
SRR25241090.1592914	18177	9	10	18177	18177	18177	0	18177	1	0	0	0
SRR25241090.1596168	18010	7	10	18010	18010	18010	0	18010	1	0	0	0
SRR25241090.1596988	16714	8	10	16714	16714	16714	0	16714	1	0	0	0
SRR25241090.1605087	14424	9	10	14424	14424	14424	0	14424	1	0	0	0
SRR25241090.1608520	16284	9	10	16284	16284	16284	0	16284	1	0	0	0
SRR25241090.1616949	14800	7	10	14790	14790	14790	0	14790	1	2	0	0
SRR25241090.1620237	13126	8	10	13126	13126	13126	0	13126	1	0	0	0
SRR25241090.1620293	13531	8	10	13531	13531	13531	0	13531	1	0	0	0
SRR25241090.1621427	29442	8	10	29442	29442	29442	0	29442	1	0	0	0
SRR25241090.1621839	13944	8	10	13944	13944	0	0	13944	1	4	0	0
SRR25241090.1622314	17226	8	10	17226	17226	17226	0	17226	1	0	0	0
SRR25241090.1625325	21685	9	10	21682	21682	21682	0	21682	1	0	0	0
SRR25241090.1628651	20212	8	10	20212	20212	20212	0	20212	1	0	0	0
SRR25241090.1629912	16572	12	10	16572	16572	0	0	16572	1	5	0	0
SRR25241090.1630097	11458	9	10	11458	11458	11458	0	11458	1	0	0	0
SRR25241090.163045	17204	8	10	17204	17204	17204	0	17204	1	0	0	0
SRR25241090.1631629	15057	8	10	15052	15052	15052	0	15052	1	0	0	0
SRR25241090.1632544	19951	7	10	19951	19951	19951	0	19951	1	0	0	0
SRR25241090.1634181	24791	8	10	24791	24791	24791	0	24791	1	0	0	0
SRR25241090.1635003	15321	7	10	15321	15321	15321	0	15321	1	0	0	0
SRR25241090.1641491	16459	8	10	16441	16441	16441	0	16441	1	0	0	0
SRR25241090.1644134	25048	9	10	25048	25048	25048	0	25048	1	0	0	0
SRR25241090.1651673	17628	7	10	17628	17628	17628	0	17628	1	0	0	0
SRR25241090.1652527	19583	8	10	19583	19583	19583	0	19583	1	0	0	0
SRR25241090.1652830	16679	7	10	16679	16679	16679	0	16679	1	0	0	0
SRR25241090.1652988	14812	9	10	14812	14812	14812	0	14812	1	0	0	0
SRR25241090.1656748	19793	8	10	19793	19793	19793	0	19793	1	0	0	0
SRR25241090.1657083	15011	8	10	15011	15011	15011	0	15011	1	0	0	0
SRR25241090.1661639	13414	7	10	13414	13414	13414	0	13414	1	0	0	0
SRR25241090.166574	14194	7	10	14194	14194	14194	0	14194	1	0	0	0
SRR25241090.1673619	23916	8	10	23916	23916	23916	0	23916	1	0	0	0
SRR25241090.1674076	21424	9	11	21424	21424	21424	0	21424	2	5	0	0
SRR25241090.1674787	21335	8	10	21334	21334	21334	0	21334	1	0	0	0
SRR25241090.1676431	28963	7	10	28963	28963	28963	0	28963	1	0	0	0
SRR25241090.1677797	21872	8	10	21872	21872	21872	0	21872	1	0	0	0
SRR25241090.1678498	12370	8	10	12370	12370	12370	0	12370	1	0	0	0
SRR25241090.1686	17832	8	10	17832	17832	17832	0	17832	1	0	0	0
SRR25241090.1688121	18709	9	10	18709	18709	18709	0	18709	1	0	0	0
SRR25241090.1693946	12253	8	10	12253	12253	12253	0	12253	1	0	0	0
SRR25241090.1695711	17460	7	10	17460	17460	17460	0	17460	1	0	0	0
SRR25241090.1702019	27622	8	10	27622	27622	27622	0	27622	1	0	0	0
SRR25241090.1702252	22324	8	10	22324	22324	22324	0	22324	1	0	0	0
SRR25241090.1703749	21974	9	10	21974	21974	21974	0	21974	1	0	0	0
SRR25241090.1704635	12227	8	10	12227	12227	12227	0	12227	1	0	0	0
SRR25241090.1705803	20912	9	10	20912	20912	20912	0	20912	1	0	0	0
SRR25241090.1707829	13684	7	10	13684	13684	13684	0	13684	1	0	0	0
SRR25241090.1709001	12390	8	10	12390	12390	12390	0	12390	1	0	0	0
SRR25241090.1713155	14144	8	10	14144	14144	14144	0	14144	1	0	0	0
SRR25241090.1716168	33789	9	10	33783	33783	33783	0	33783	1	0	0	0
SRR25241090.1716418	24216	8	10	24216	24216	24216	0	24216	1	0	0	0
SRR25241090.1717946	24103	8	10	24103	24103	24103	0	24103	1	0	0	0
SRR25241090.1730615	13017	9	10	13017	13017	13017	0	13017	1	0	0	0
SRR25241090.1731323	18644	8	10	18644	18644	18644	0	18644	1	0	0	0
SRR25241090.1734047	15483	9	10	15483	15483	15483	0	15483	1	0	0	0
SRR25241090.1734393	12395	7	10	12395	12395	12395	0	12395	1	0	0	0
SRR25241090.1738633	16560	8	10	16560	16560	16560	0	16560	1	0	0	0
SRR25241090.1741153	18370	8	10	18370	18370	18370	0	18370	1	0	0	0
SRR25241090.1744619	17206	8	10	17206	17206	17206	0	17206	1	0	0	0
SRR25241090.1747581	11586	8	10	11586	11586	11586	0	11586	1	0	0	0
SRR25241090.1749017	25212	7	10	25212	25212	25212	0	25212	1	0	0	0
SRR25241090.1758703	16933	9	10	16926	16926	16926	0	16926	1	0	0	0
SRR25241090.1759139	33626	8	10	33626	33626	33626	0	33626	1	0	0	0
SRR25241090.1761495	18264	9	10	18264	18264	18264	0	18264	1	0	0	0
SRR25241090.1763249	30752	8	10	30747	30747	30747	0	30747	1	0	0	0
SRR25241090.1767439	12618	9	10	12618	12618	12618	0	12618	1	0	0	0
SRR25241090.1768021	14393	7	10	14393	14393	14393	0	14393	1	0	0	0
SRR25241090.1768315	12876	8	10	12876	12876	12876	0	12876	1	0	0	0
SRR25241090.1771754	20032	8	10	20032	20032	20032	0	20032	1	0	0	0
SRR25241090.1774531	24854	8	10	24854	24854	24854	0	24854	1	0	0	0
SRR25241090.1775231	18863	8	10	18860	18860	18860	0	18860	1	0	0	0
SRR25241090.1777748	14544	8	10	14544	14544	14544	0	14544	1	0	0	0
SRR25241090.1779597	31708	8	10	31708	31708	31708	0	31708	1	0	0	0
SRR25241090.1785114	18466	8	10	18466	18466	18466	0	18466	1	0	0	0
SRR25241090.1785599	27146	7	10	27146	27146	27146	0	27146	1	0	0	0
SRR25241090.178603	17648	8	10	17640	17640	17640	0	17640	1	0	0	0
SRR25241090.179075	13188	10	10	13188	13188	13188	0	13188	1	0	0	0
SRR25241090.181978	14840	9	10	14840	14840	14840	0	14840	1	0	0	0
SRR25241090.183743	21593	9	10	21593	21593	21593	0	21593	1	0	0	0
SRR25241090.189193	22530	8	10	22530	22530	22530	0	22530	1	0	0	0
SRR25241090.198388	23997	7	10	23997	23997	23997	0	23997	1	0	0	0
SRR25241090.201268	13079	8	10	13079	13079	13079	0	13079	1	0	0	0
SRR25241090.202272	18941	8	10	18941	18941	18941	0	18941	1	0	0	0
SRR25241090.202690	25540	9	10	25540	25540	25540	0	25540	1	0	0	0
SRR25241090.20666	15836	9	10	15836	15836	15836	0	15836	1	0	0	0
SRR25241090.207119	17077	8	10	17077	17077	17077	0	17077	1	0	0	0
SRR25241090.208434	27255	9	10	27255	27255	27255	0	27255	1	0	0	0
SRR25241090.209510	30684	9	10	30682	30682	30682	0	30682	1	0	0	0
SRR25241090.210222	20687	9	10	20687	20687	20687	0	20687	1	0	0	0
SRR25241090.211872	14050	8	10	14050	14050	14050	0	14050	1	0	0	0
SRR25241090.211958	18245	7	10	18245	18245	18245	0	18245	1	0	0	0
SRR25241090.21456	15930	7	10	15930	15930	15930	0	15930	1	0	0	0
SRR25241090.216644	32371	8	10	32371	32371	32371	0	32371	1	0	0	0
SRR25241090.217845	13235	9	10	13235	13235	13235	0	13235	1	0	0	0
SRR25241090.218559	15348	8	10	15348	15348	15348	0	15348	1	0	0	0
SRR25241090.219750	21584	9	10	21526	21526	21526	0	21526	1	0	0	0
SRR25241090.22148	18998	9	10	18993	18993	18993	0	18993	1	0	0	0
SRR25241090.221787	18677	11	10	18677	18677	18677	0	18677	1	0	0	0
SRR25241090.222139	15699	9	10	15699	15699	15699	0	15699	1	0	0	0
SRR25241090.222421	13277	7	10	13277	13277	13277	0	13277	1	0	0	0
SRR25241090.227606	30009	9	10	30009	30009	30009	0	30009	1	0	0	0
SRR25241090.237417	17073	7	10	17073	17073	17073	0	17073	1	0	0	0
SRR25241090.239248	27847	8	10	27847	27847	27847	0	27847	1	0	0	0
SRR25241090.240025	18753	10	10	18753	18753	18753	0	18753	1	0	0	0
SRR25241090.242561	16141	9	10	16141	16141	16141	0	16141	1	0	0	0
SRR25241090.244707	21571	8	10	21571	21571	21571	0	21571	1	0	0	0
SRR25241090.247346	13781	9	10	13781	13781	13781	0	13781	1	0	0	0
SRR25241090.250284	12770	10	10	12770	12770	12770	0	12770	1	0	0	0
SRR25241090.256293	13353	9	10	13353	13353	13353	0	13353	1	0	0	0
SRR25241090.257697	24261	8	10	24261	24261	24261	0	24261	1	0	0	0
SRR25241090.259106	12005	8	10	12005	12005	12005	0	12005	1	0	0	0
SRR25241090.260	20895	9	10	20895	20895	20895	0	20895	1	0	0	0
SRR25241090.262329	15941	8	10	15941	15941	15941	0	15941	1	0	0	0
SRR25241090.262740	12559	8	10	12559	12559	12559	0	12559	1	0	0	0
SRR25241090.265172	16158	9	10	16158	16158	16158	0	16158	1	0	0	0
SRR25241090.269547	13157	8	10	13157	13157	13157	0	13157	1	0	0	0
SRR25241090.27399	20448	8	10	20448	20448	20448	0	20448	1	0	0	0
SRR25241090.274192	12912	8	10	12912	12912	12912	0	12912	1	0	0	0
SRR25241090.275642	15493	7	10	15493	15493	15493	0	15493	1	0	0	0
SRR25241090.27649	22735	7	10	22735	22735	22735	0	22735	1	0	0	0
SRR25241090.276542	24268	8	10	24260	24260	24260	0	24260	1	0	0	0
SRR25241090.2766	28635	8	10	28635	28635	28635	0	28635	1	0	0	0
SRR25241090.276819	14425	10	10	14425	14425	14425	0	14425	1	0	0	0
SRR25241090.278653	19278	8	10	19278	19278	19278	0	19278	1	0	0	0
SRR25241090.279387	11522	7	10	11517	11517	11517	0	11517	1	0	0	0
SRR25241090.281229	23829	7	10	23829	23829	23829	0	23829	1	0	0	0
SRR25241090.283430	20747	7	10	20747	20747	0	0	20747	1	2	0	0
SRR25241090.285961	10350	8	10	10350	10350	10350	0	10350	1	1	0	0
SRR25241090.286514	15928	8	10	15928	15928	15928	0	15928	1	0	0	0
SRR25241090.288414	16340	8	10	16340	16340	16340	0	16340	1	0	0	0
SRR25241090.294244	19313	9	10	19312	19312	19312	0	19312	1	0	0	0
SRR25241090.296351	12901	7	10	12901	12901	12901	0	12901	1	0	0	0
SRR25241090.297493	12428	9	10	12428	12428	12428	0	12428	1	0	0	0
SRR25241090.298633	16070	8	10	16070	16070	16070	0	16070	1	0	0	0
SRR25241090.29865	16022	8	10	16022	16022	16022	0	16022	1	0	0	0
SRR25241090.301396	16387	9	10	16387	16387	16387	0	16387	1	0	0	0
SRR25241090.309860	2449	7	10	2449	2449	2449	0	2449	1	0	0	0
SRR25241090.311678	21123	9	10	21123	21123	21123	0	21123	1	0	0	0
SRR25241090.312065	14365	8	10	14365	14365	14365	0	14365	1	0	0	0
SRR25241090.314520	31271	8	10	31271	31271	31271	0	31271	1	0	0	0
SRR25241090.321933	10951	7	10	10951	10951	0	0	10951	1	1	0	0
SRR25241090.324360	15231	8	10	15231	15231	15231	0	15231	1	0	0	0
SRR25241090.326241	20517	9	10	20517	20517	20517	0	20517	1	0	0	0
SRR25241090.326385	23203	9	10	23203	23203	23203	0	23203	1	0	0	0
SRR25241090.328580	15224	8	10	15218	15218	15218	0	15218	1	0	0	0
SRR25241090.329406	17881	8	10	17881	17881	17881	0	17881	1	0	0	0
SRR25241090.332604	25715	7	10	25715	25715	25715	0	25715	1	0	0	0
SRR25241090.33847	14586	8	10	14584	14584	14584	0	14584	1	0	0	0
SRR25241090.339528	24851	7	10	24851	24851	24851	0	24851	1	0	0	0
SRR25241090.340699	7549	7	10	7549	7549	7549	0	7549	1	0	0	0
SRR25241090.341806	23804	8	10	23804	23804	23804	0	23804	1	0	0	0
SRR25241090.345140	15122	7	10	15121	15121	15121	0	15121	1	0	0	0
SRR25241090.345661	26181	9	10	26181	26181	26181	0	26181	1	0	0	0
SRR25241090.345745	18918	8	10	18918	18918	18918	0	18918	1	0	0	0
SRR25241090.349766	11564	8	10	11564	11564	11564	0	11564	1	0	0	0
SRR25241090.351128	27946	8	10	27946	27946	27946	0	27946	1	0	0	0
SRR25241090.356435	19060	8	10	19060	19060	19060	0	19060	1	0	0	0
SRR25241090.357328	12030	7	10	12030	12030	12030	0	12030	1	0	0	0
SRR25241090.359556	25657	8	10	25657	25657	25657	0	25657	1	0	0	0
SRR25241090.360634	16121	7	10	16121	16121	16121	0	16121	1	0	0	0
SRR25241090.36068	14673	9	10	14673	14673	14673	0	14673	1	0	0	0
SRR25241090.363093	11173	8	10	11173	11173	11173	0	11173	1	0	0	0
SRR25241090.366809	17455	8	10	17455	17455	17455	0	17455	1	0	0	0
SRR25241090.370017	12621	8	10	12621	12621	12621	0	12621	1	0	0	0
SRR25241090.370337	16296	8	10	16296	16296	16296	0	16296	1	0	0	0
SRR25241090.370859	36608	9	10	36608	36608	36608	0	36608	1	0	0	0
SRR25241090.373362	35357	8	10	35357	35357	35357	0	35357	1	0	0	0
SRR25241090.37363	24573	8	10	24573	24573	24573	0	24573	1	0	0	0
SRR25241090.379151	23184	9	10	23184	23184	23184	0	23184	1	0	0	0
SRR25241090.379611	16499	10	10	16499	16499	0	0	16499	1	5	0	0
SRR25241090.379945	13475	10	10	13475	13475	13475	0	13475	1	0	0	0
SRR25241090.37999	16814	8	10	16814	16814	16814	0	16814	1	0	0	0
SRR25241090.381314	15721	7	10	15721	15721	15721	0	15721	1	0	0	0
SRR25241090.385121	22294	8	10	22294	22294	22294	0	22294	1	0	0	0
SRR25241090.387943	15477	9	10	15477	15477	15477	0	15477	1	0	0	0
SRR25241090.390046	17556	8	10	17556	17556	17556	0	17556	1	0	0	0
SRR25241090.393124	18490	8	10	18490	18490	18490	0	18490	1	0	0	0
SRR25241090.394944	12963	8	10	12963	12963	12963	0	12963	1	0	0	0
SRR25241090.395224	13779	9	10	13779	13779	13779	0	13779	1	0	0	0
SRR25241090.40015	39133	9	10	39133	39133	39133	0	39133	1	0	0	0
SRR25241090.402090	13612	7	10	13612	13612	13612	0	13612	1	0	0	0
SRR25241090.403064	14444	7	10	14444	14444	14444	0	14444	1	0	0	0
SRR25241090.403152	17255	8	10	17255	17255	17255	0	17255	1	0	0	0
SRR25241090.404231	14241	8	10	14232	14232	14232	0	14232	1	0	0	0
SRR25241090.432476	19280	8	10	19280	19280	19280	0	19280	1	0	0	0
SRR25241090.433857	21419	8	10	21419	21419	21419	0	21419	1	0	0	0
SRR25241090.438240	18847	9	10	18847	18847	18847	0	18847	1	0	0	0
SRR25241090.43854	20772	8	10	20760	20760	20760	0	20760	1	0	0	0
SRR25241090.44296	17443	8	10	17443	17443	17443	0	17443	1	0	0	0
SRR25241090.45166	16631	8	10	16631	16631	16631	0	16631	1	0	0	0
SRR25241090.452214	15914	7	10	15914	15914	0	0	15914	1	1	0	0
SRR25241090.452560	28173	8	10	28173	28173	28173	0	28173	1	0	0	0
SRR25241090.453973	31875	8	10	31870	31870	31870	0	31870	2	1	0	0
SRR25241090.454179	15171	8	10	15171	15171	15171	0	15171	1	0	0	0
SRR25241090.455084	17698	8	10	17698	17698	17698	0	17698	1	0	0	0
SRR25241090.455536	13008	8	10	13008	13008	13008	0	13008	1	0	0	0
SRR25241090.455942	12043	9	10	12043	12043	12043	0	12043	1	0	0	0
SRR25241090.457057	11924	7	10	11924	11924	11924	0	11924	1	0	0	0
SRR25241090.461099	12529	8	10	12529	12529	12529	0	12529	1	0	0	0
SRR25241090.473010	21763	9	10	21762	21762	21762	0	21762	1	0	0	0
SRR25241090.473614	19971	7	10	19968	19968	19968	0	19968	1	0	0	0
SRR25241090.479532	32080	8	10	32080	32080	32080	0	32080	2	0	0	0
SRR25241090.48298	29176	9	10	29176	29176	29176	0	29176	1	0	0	0
SRR25241090.484111	30388	8	10	30388	30388	30388	0	30388	1	0	0	0
SRR25241090.484414	33337	7	10	33337	33337	33337	0	33337	1	0	0	0
SRR25241090.486201	12631	7	10	12631	12631	12631	0	12631	1	0	0	0
SRR25241090.493130	17638	8	10	17638	17638	17638	0	17638	1	0	0	0
SRR25241090.493609	16590	8	10	16590	16590	16590	0	16590	1	0	0	0
SRR25241090.500662	17125	8	10	17125	17125	17125	0	17125	1	0	0	0
SRR25241090.502050	13063	8	10	13063	13063	13063	0	13063	1	0	0	0
SRR25241090.502985	11293	8	10	11293	11293	11293	0	11293	1	0	0	0
SRR25241090.506466	29748	8	10	29748	29748	29748	0	29748	1	0	0	0
SRR25241090.508545	24817	8	10	24817	24817	24817	0	24817	1	0	0	0
SRR25241090.508678	13244	9	10	13244	13244	13244	0	13244	1	0	0	0
SRR25241090.511623	20182	8	10	20182	20182	20182	0	20182	1	0	0	0
SRR25241090.512211	10395	9	10	10394	10394	10394	0	10394	1	0	0	0
SRR25241090.514531	17806	8	10	17806	17806	17806	0	17806	1	0	0	0
SRR25241090.515027	21858	9	10	21858	21858	21858	0	21858	1	0	0	0
SRR25241090.515984	18764	9	10	18764	18764	18764	0	18764	1	0	0	0
SRR25241090.521678	16432	8	10	16432	16432	16432	0	16432	1	0	0	0
SRR25241090.52517	14695	8	10	14695	14695	14695	0	14695	1	0	0	0
SRR25241090.525756	11633	9	10	11633	11633	11633	0	11633	1	0	0	0
SRR25241090.526426	17564	7	10	17564	17564	17564	0	17564	1	0	0	0
SRR25241090.534463	19070	7	10	19070	19070	19070	0	19070	1	0	0	0
SRR25241090.541179	15610	8	10	15610	15610	0	0	15610	1	4	0	0
SRR25241090.54603	17879	8	10	17879	17879	17879	0	17879	1	0	0	0
SRR25241090.548637	26855	12	10	26855	26855	0	0	26855	1	5	0	0
SRR25241090.548812	16963	8	10	16963	16963	16963	0	16963	1	0	0	0
SRR25241090.551269	18931	9	10	18931	18931	18931	0	18931	1	0	0	0
SRR25241090.554095	20063	8	10	20063	20063	20063	0	20063	1	0	0	0
SRR25241090.554195	3493	6	11	3493	3493	0	0	3493	1	5	0	0
SRR25241090.555230	17648	9	10	17648	17648	17648	0	17648	1	0	0	0
SRR25241090.557315	15920	8	10	14882	14882	14882	0	14882	3	0	0	0
SRR25241090.558229	20320	8	10	20320	20320	20320	0	20320	1	0	0	0
SRR25241090.55856	34511	8	10	34511	34511	34511	0	34511	1	0	0	0
SRR25241090.562209	16421	8	10	16421	16421	16421	0	16421	1	0	0	0
SRR25241090.563344	15268	8	10	15264	15264	15264	0	15264	1	0	0	0
SRR25241090.567996	13608	9	10	13608	13608	13608	0	13608	1	0	0	0
SRR25241090.572341	22274	7	10	22274	22274	22274	0	22274	1	0	0	0
SRR25241090.573843	18603	9	10	18603	18603	18603	0	18603	1	0	0	0
SRR25241090.574745	22199	8	10	22199	22199	22199	0	22199	1	0	0	0
SRR25241090.574753	16724	11	10	16721	16721	16721	0	16721	1	0	0	0
SRR25241090.575439	24267	8	10	24263	24263	24263	0	24263	1	0	0	0
SRR25241090.576990	12379	9	10	12379	12379	12379	0	12379	1	0	0	0
SRR25241090.579977	17217	11	10	17217	17217	17217	0	17217	1	0	0	0
SRR25241090.580159	12605	8	10	12605	12605	12605	0	12605	1	0	0	0
SRR25241090.582656	17492	8	10	17492	17492	17492	0	17492	1	0	0	0
SRR25241090.585991	17547	9	10	17547	17547	17547	0	17547	1	0	0	0
SRR25241090.586809	7673	7	10	7673	7673	0	0	7673	1	3	0	0
SRR25241090.587868	13546	8	10	13546	13546	13546	0	13546	1	0	0	0
SRR25241090.589324	14578	8	10	14571	14571	14571	0	14571	1	0	0	0
SRR25241090.594547	15019	9	10	15019	15019	15019	0	15019	1	0	0	0
SRR25241090.597366	18647	8	10	18647	18647	18647	0	18647	1	0	0	0
SRR25241090.597368	18416	8	10	18416	18416	18416	0	18416	1	0	0	0
SRR25241090.598280	15426	7	10	15426	15426	15426	0	15426	1	0	0	0
SRR25241090.602544	12779	7	11	12779	12779	12779	0	12779	1	0	0	0
SRR25241090.608468	25215	7	10	25215	25215	25215	0	25215	1	0	0	0
SRR25241090.609205	19853	9	10	19853	19853	19853	0	19853	1	0	0	0
SRR25241090.610680	15393	7	10	15393	15393	15393	0	15393	1	0	0	0
SRR25241090.610831	28124	9	10	28124	28124	28124	0	28124	1	0	0	0
SRR25241090.611962	18125	8	10	18125	18125	18125	0	18125	1	0	0	0
SRR25241090.612889	16984	7	10	16984	16984	16984	0	16984	1	0	0	0
SRR25241090.612912	12339	7	10	12339	12339	12339	0	12339	1	0	0	0
SRR25241090.612968	13627	8	10	13627	13627	13627	0	13627	1	0	0	0
SRR25241090.614131	20693	8	10	20693	20693	20693	0	20693	1	0	0	0
SRR25241090.617596	14710	8	10	14702	14702	14702	0	14702	1	0	0	0
SRR25241090.622174	5834	9	10	5834	5834	5834	0	5834	1	0	0	0
SRR25241090.623202	19020	9	10	19020	19020	19020	0	19020	1	0	0	0
SRR25241090.626545	24582	9	10	24582	24582	24582	0	24582	1	0	0	0
SRR25241090.627560	10313	8	10	10313	10313	10313	0	10313	1	0	0	0
SRR25241090.628362	21229	12	10	21229	21229	0	0	21229	1	5	0	0
SRR25241090.628882	12605	8	10	12605	12605	12605	0	12605	1	0	0	0
SRR25241090.629336	20974	8	10	20974	20974	20974	0	20974	1	0	0	0
SRR25241090.633002	15519	8	10	15519	15519	15519	0	15519	1	0	0	0
SRR25241090.633407	13769	8	10	13769	13769	13769	0	13769	1	0	0	0
SRR25241090.636091	21515	10	10	21515	21515	21515	0	21515	1	0	0	0
SRR25241090.640094	19583	7	10	19583	19583	19583	0	19583	1	0	0	0
SRR25241090.644146	11356	8	10	11356	11356	11356	0	11356	1	0	0	0
SRR25241090.644992	12640	9	10	12640	12640	12640	0	12640	1	0	0	0
SRR25241090.650170	19110	10	10	19110	19110	19110	0	19110	1	0	0	0
SRR25241090.650732	15733	8	10	15733	15733	15733	0	15733	1	0	0	0
SRR25241090.659300	25509	8	10	25509	25509	25509	0	25509	1	0	0	0
SRR25241090.659699	25817	9	10	25817	25817	25817	0	25817	1	0	0	0
SRR25241090.66226	24670	8	10	24670	24670	24670	0	24670	1	0	0	0
SRR25241090.662414	17983	8	10	17983	17983	17983	0	17983	1	0	0	0
SRR25241090.662897	16952	6	10	16952	16952	16952	0	16952	1	0	0	0
SRR25241090.667840	21356	8	10	21356	21356	21356	0	21356	1	0	0	0
SRR25241090.669448	30676	8	10	30676	30676	30676	0	30676	1	0	0	0
SRR25241090.67295	19921	8	10	19921	19921	19921	0	19921	1	0	0	0
SRR25241090.67378	11608	8	10	11608	11608	11608	0	11608	1	0	0	0
SRR25241090.675568	12055	7	11	12055	12055	12055	0	12055	1	0	0	0
SRR25241090.686423	28685	8	10	28685	28685	28685	0	28685	1	0	0	0
SRR25241090.689370	21289	8	10	21288	21288	21288	0	21288	1	0	0	0
SRR25241090.692702	18985	9	10	18985	18985	18985	0	18985	1	0	0	0
SRR25241090.693870	19182	8	10	19182	19182	19182	0	19182	1	0	0	0
SRR25241090.696803	24760	9	10	24759	24759	24759	0	24759	1	0	0	0
SRR25241090.699598	17033	7	10	17033	17033	17033	0	17033	1	0	0	0
SRR25241090.701600	19856	9	10	19856	19856	19856	0	19856	1	0	0	0
SRR25241090.70553	16151	8	10	16151	16151	16151	0	16151	1	0	0	0
SRR25241090.707411	18060	9	10	18060	18060	18060	0	18060	1	0	0	0
SRR25241090.714775	13286	8	10	13286	13286	13286	0	13286	1	0	0	0
SRR25241090.715644	15479	8	10	15479	15479	15479	0	15479	1	0	0	0
SRR25241090.716333	24533	8	10	24533	24533	24533	0	24533	1	0	0	0
SRR25241090.722083	15822	8	10	15822	15822	15822	0	15822	1	0	0	0
SRR25241090.72391	20712	9	10	20712	20712	20712	0	20712	1	0	0	0
SRR25241090.729842	20275	8	10	20275	20275	20275	0	20275	1	0	0	0
SRR25241090.731123	22964	8	10	22964	22964	22964	0	22964	1	0	0	0
SRR25241090.731773	12777	9	10	12777	12777	12777	0	12777	1	0	0	0
SRR25241090.732809	14336	9	10	14330	14330	14330	0	14330	1	0	0	0
SRR25241090.737116	16093	7	10	16093	16093	16093	0	16093	1	0	0	0
SRR25241090.737270	10491	8	10	10491	10491	10491	0	10491	1	0	0	0
SRR25241090.737474	12928	9	10	12928	12928	12928	0	12928	1	0	0	0
SRR25241090.737780	11698	10	10	11698	11698	11698	0	11698	1	0	0	0
SRR25241090.740849	18735	8	10	18735	18735	18735	0	18735	1	0	0	0
SRR25241090.743604	13527	8	10	13527	13527	13527	0	13527	1	0	0	0
SRR25241090.744709	29290	8	10	29290	29290	29290	0	29290	1	0	0	0
SRR25241090.745602	17137	8	10	17137	17137	17137	0	17137	1	0	0	0
SRR25241090.748126	12652	7	10	12652	12652	12652	0	12652	1	0	0	0
SRR25241090.752052	14246	8	10	14246	14246	14246	0	14246	1	0	0	0
SRR25241090.757727	12630	9	10	12630	12630	12630	0	12630	1	0	0	0
SRR25241090.762647	16685	8	10	16685	16685	16685	0	16685	1	0	0	0
SRR25241090.765707	17032	8	10	17032	17032	17032	0	17032	1	0	0	0
SRR25241090.766322	11303	7	10	11294	11294	11294	0	11294	1	0	0	0
SRR25241090.767988	31212	8	10	31212	31212	31212	0	31212	1	0	0	0
SRR25241090.768433	20680	11	10	20680	20680	20680	0	20680	1	0	0	0
SRR25241090.773290	12394	12	10	12394	12394	0	0	12394	1	5	0	0
SRR25241090.775709	30502	8	10	30502	30502	30502	0	30502	1	0	0	0
SRR25241090.78238	16966	9	10	16966	16966	16966	0	16966	1	0	0	0
SRR25241090.782817	25643	8	10	25643	25643	25643	0	25643	1	0	0	0
SRR25241090.787016	22552	8	10	22551	22551	22551	0	22551	1	0	0	0
SRR25241090.787798	34970	8	10	34970	34970	34970	0	34970	1	0	0	0
SRR25241090.787960	24992	9	10	24992	24992	24992	0	24992	1	0	0	0
SRR25241090.788974	29434	8	10	29430	29430	29430	0	29430	1	0	0	0
SRR25241090.792661	12598	9	10	12593	12593	12593	0	12593	1	0	0	0
SRR25241090.793647	34093	8	10	34093	34093	34093	0	34093	1	0	0	0
SRR25241090.7984	19114	11	10	19114	19114	19114	0	19114	1	0	0	0
SRR25241090.801286	17915	7	10	17915	17915	17915	0	17915	1	0	0	0
SRR25241090.808088	15666	8	10	15666	15666	15666	0	15666	1	0	0	0
SRR25241090.815531	7763	7	10	7763	7763	7763	0	7763	1	0	0	0
SRR25241090.815895	19983	9	10	19983	19983	19983	0	19983	1	0	0	0
SRR25241090.819867	24651	8	10	24651	24651	24651	0	24651	1	0	0	0
SRR25241090.820244	30936	8	10	30936	30936	30936	0	30936	1	0	0	0
SRR25241090.821153	17644	7	10	17644	17644	17644	0	17644	1	0	0	0
SRR25241090.821448	16739	8	10	16739	16739	16739	0	16739	1	0	0	0
SRR25241090.822641	12633	8	10	12630	12630	12630	0	12630	1	0	0	0
SRR25241090.824604	19092	9	10	19092	19092	19092	0	19092	1	0	0	0
SRR25241090.827102	22807	7	10	22799	22799	22799	0	22799	1	0	0	0
SRR25241090.837646	8722	8	10	8722	8722	8722	0	8722	1	0	0	0
SRR25241090.840039	19685	8	10	19685	19685	19685	0	19685	1	0	0	0
SRR25241090.843295	16377	7	10	16377	16377	16377	0	16377	1	0	0	0
SRR25241090.844202	19783	8	10	19783	19783	19783	0	19783	1	0	0	0
SRR25241090.845907	24376	7	10	24370	24370	24370	0	24370	1	0	0	0
SRR25241090.846289	17695	8	10	17695	17695	17695	0	17695	1	0	0	0
SRR25241090.84820	18870	8	10	18870	18870	18870	0	18870	1	0	0	0
SRR25241090.84838	15819	9	10	15811	15811	15811	0	15811	1	0	0	0
SRR25241090.850892	14654	7	10	14654	14654	14654	0	14654	1	0	0	0
SRR25241090.852378	20854	8	10	20854	20854	20854	0	20854	1	0	0	0
SRR25241090.853170	15872	8	10	15872	15872	15872	0	15872	1	0	0	0
SRR25241090.855489	14486	9	10	14486	14486	14486	0	14486	1	0	0	0
SRR25241090.857924	19575	7	10	19575	19575	19575	0	19575	1	0	0	0
SRR25241090.861039	13175	8	10	13175	13175	13175	0	13175	1	0	0	0
SRR25241090.87081	21480	9	10	21480	21480	21480	0	21480	1	0	0	0
SRR25241090.873657	12013	7	10	12013	12013	12013	0	12013	1	0	0	0
SRR25241090.876859	13456	8	10	13456	13456	13456	0	13456	1	0	0	0
SRR25241090.886724	27544	7	10	27544	27544	27544	0	27544	1	0	0	0
SRR25241090.887973	17203	8	10	17198	17198	17198	0	17198	1	0	0	0
SRR25241090.88811	27007	8	10	27007	27007	27007	0	27007	1	0	0	0
SRR25241090.888496	16485	8	10	16485	16485	16485	0	16485	1	0	0	0
SRR25241090.894745	12697	9	10	12697	12697	12697	0	12697	1	0	0	0
SRR25241090.897400	21163	7	10	21163	21163	21163	0	21163	1	0	0	0
SRR25241090.900918	19565	8	10	19565	19565	19565	0	19565	1	0	0	0
SRR25241090.901947	14441	7	10	14441	14441	14441	0	14441	1	0	0	0
SRR25241090.902168	22018	8	10	22000	22000	22000	0	22000	1	0	0	0
SRR25241090.902898	11643	9	10	11643	11643	11643	0	11643	1	0	0	0
SRR25241090.903033	20122	8	10	20122	20122	20122	0	20122	1	0	0	0
SRR25241090.903335	25744	8	10	25744	25744	25744	0	25744	1	0	0	0
SRR25241090.904535	11660	8	10	11660	11660	11660	0	11660	1	0	0	0
SRR25241090.906830	12756	7	10	12756	12756	12756	0	12756	1	0	0	0
SRR25241090.908626	29789	7	10	29789	29789	29789	0	29789	1	0	0	0
SRR25241090.911513	19345	8	10	19345	19345	19345	0	19345	1	0	0	0
SRR25241090.919754	17444	10	10	17444	17444	17444	0	17444	1	0	0	0
SRR25241090.921861	13978	8	10	13978	13978	13978	0	13978	1	0	0	0
SRR25241090.922990	24100	8	10	24100	24100	24100	0	24100	1	0	0	0
SRR25241090.928662	14036	10	10	14036	14036	14036	0	14036	1	0	0	0
SRR25241090.934044	11377	7	10	11377	11377	11377	0	11377	1	0	0	0
SRR25241090.934880	17494	9	10	17494	17494	17494	0	17494	1	0	0	0
SRR25241090.935337	16157	8	10	16157	16157	16157	0	16157	1	0	0	0
SRR25241090.935956	17276	9	10	17276	17276	17276	0	17276	1	0	0	0
SRR25241090.938074	25841	8	10	25841	25841	25841	0	25841	1	0	0	0
SRR25241090.938944	17963	8	10	17963	17963	17963	0	17963	1	0	0	0
SRR25241090.940799	16295	9	10	16292	16292	0	0	16292	1	3	0	0
SRR25241090.94188	15343	9	10	15339	15339	15339	0	15339	1	0	0	0
SRR25241090.942494	15241	8	10	15221	15221	15221	0	15221	1	0	0	0
SRR25241090.946422	24758	8	10	24758	24758	24758	0	24758	1	0	0	0
SRR25241090.947727	17826	8	10	17826	17826	17826	0	17826	1	0	0	0
SRR25241090.952815	16098	9	10	16098	16098	16098	0	16098	1	0	0	0
SRR25241090.955347	12230	7	10	12230	12230	12230	0	12230	1	0	0	0
SRR25241090.959826	19657	8	10	19657	19657	19657	0	19657	1	0	0	0
SRR25241090.960194	15191	7	10	15191	15191	15191	0	15191	1	0	0	0
SRR25241090.96672	16773	8	10	16772	16772	16772	0	16772	1	0	0	0
SRR25241090.968667	20806	8	10	20806	20806	20806	0	20806	1	0	0	0
SRR25241090.969521	12965	8	10	12965	12965	12965	0	12965	1	0	0	0
SRR25241090.98136	12146	7	10	12146	12146	12146	0	12146	1	0	0	0
SRR25241090.982276	19368	8	10	19368	19368	19368	0	19368	1	0	0	0
SRR25241090.992648	12352	8	10	12352	12352	12352	0	12352	1	0	0	0
SRR25241090.993646	22405	8	10	22405	22405	22405	0	22405	1	0	0	0
SRR25241090.995757	21134	10	10	21134	21134	21134	0	21134	1	0	0	0
SRR25241090.996635	18932	8	10	18932	18932	18932	0	18932	1	0	0	0
