run_id	material	tool	read_count	total_bases	input_Gb	runtime_seconds	peak_rss_mib	throughput_Mbp_per_second	runtime_ratio_to_trf	rss_ratio_to_trf	observed_in_scope_calls	observed_call_density_per_Mbp	observed_positive_read_fraction	observed_union_base_fraction
ChineseSpring_random_12Mb_v1_20260906	Chinese Spring	tandemx	765	12698239	0.012698239	13.409682375146076	97.078125	0.9469455461178791	0.40784773620112363	0.49450811843361986	876	68.9859436414766	0.5738562091503268	0.034008967700166925
ChineseSpring_random_12Mb_v1_20260906	Chinese Spring	trf	765	12698239	0.012698239	32.87913891603239	196.3125	0.3862095972899137	1.0	1.0	1100	86.62618493792722	0.5071895424836601	0.030607393670886177
ChineseSpring_random_12Mb_v1_20260906	Chinese Spring	tidehunter	765	12698239	0.012698239	4.537300624884665	150.953125	2.79863294275829	0.13799937511965088	0.768943011779688	1204	94.81629696842217	0.5986928104575163	0.043298129764292516
ChineseSpring_random_126Mb_v1_20260906	Chinese Spring	tandemx	7633	126730796	0.126730796	139.52895791595802	223.828125	0.9082759442404301	0.4199044297121139	0.7175415748347025	8607	67.91561539627669	0.5894143849076379	0.0385097320780657
ChineseSpring_random_126Mb_v1_20260906	Chinese Spring	trf	7633	126730796	0.126730796	332.2874159999192	311.9375	0.38138909238750957	1.0	1.0	10674	84.22577887067008	0.5252194418970261	0.033617053900616235
ChineseSpring_random_126Mb_v1_20260906	Chinese Spring	tidehunter	7633	126730796	0.126730796	48.22982741612941	413.5	2.6276435722350864	0.14514491098315063	1.3255860548988179	11889	93.8130302598273	0.6077557971963842	0.045542726647120564
Lo7_random_11Mb_v1_20260906	Lo7	tandemx	693	11639976	0.011639976	13.159110458102077	106.640625	0.8845564475699994	0.4069708208776657	0.6383874286783275	671	57.646166968041854	0.5714285714285714	0.07926683010342976
Lo7_random_11Mb_v1_20260906	Lo7	trf	693	11639976	0.011639976	32.334284875076264	167.046875	0.3599886635801945	1.0	1.0	818	70.27505898637591	0.4733044733044733	0.07512369441311563
Lo7_random_11Mb_v1_20260906	Lo7	tidehunter	693	11639976	0.011639976	4.498090249951929	277.140625	2.587759549761012	0.1391120993499727	1.6590590216069592	884	75.94517377011773	0.5945165945165946	0.08555481557693934
Morex_random_12Mb_v1_20260906	Morex	tandemx	572	12542086	0.012542086	22.14313541701995	127.8125	0.5664096689017101	0.8106283348819469	0.7474415204678363	795	63.386584974780114	0.6818181818181818	0.03584172521221749
Morex_random_12Mb_v1_20260906	Morex	trf	572	12542086	0.012542086	27.316014582989737	171.0	0.4591477267628281	1.0	1.0	1088	86.74793012900726	0.5856643356643356	0.03333855309236438
Morex_random_12Mb_v1_20260906	Morex	tidehunter	572	12542086	0.012542086	6.455658708000556	257.640625	1.9428049974910353	0.2363323788829953	1.5066703216374269	1595	127.17182771669721	0.7027972027972028	0.04795980509143375
Morex_random_115Mb_v1_20260906	Morex	tandemx	5294	115272341	0.115272341	159.5995080000721	173.03125	0.7222600022046931	0.5813219827055008	0.9666550279329609	7094	61.541215685035844	0.6703815640347563	0.03623483277744832
Morex_random_115Mb_v1_20260906	Morex	trf	5294	115272341	0.115272341	274.5457986248657	179.0	0.4198656165105116	1.0	1.0	9217	79.95846982928889	0.5774461654703438	0.03213014473263799
Morex_random_115Mb_v1_20260906	Morex	tidehunter	5294	115272341	0.115272341	60.409408500185236	489.8125	1.9081852291211647	0.22003399360966922	2.736382681564246	12740	110.5208750813866	0.690970910464677	0.046921221110621844
Morex_random_1169Mb_v1_20260906	Morex	tandemx	53715	1169928427	1.169928427	1909.5252394999843	913.890625	0.6126802635540706	0.7926152388210196	3.1935025935025934	72595	62.050804412157426	0.675584101275249	0.036962476508830056
Morex_random_1169Mb_v1_20260906	Morex	trf	53715	1169928427	1.169928427	2409.1452522920445	286.171875	0.48561971341783483	1.0	1.0	92920	79.4236620425328	0.5841385087964256	0.033389152787891015
Morex_random_1169Mb_v1_20260906	Morex	tidehunter	53715	1169928427	1.169928427	566.1962161248084	580.375	2.0662950293226774	0.23501954296285504	2.028064428064428	127539	109.01436109817682	0.6880945732104626	0.04786887104162997
Nipponbare_random_11Mb_v1_20260906	Nipponbare	tandemx	626	11418016	0.011418016	10.910205458058044	106.53125	1.046544544362077	0.656079753169518	0.5295533980582524	808	70.76535888546663	0.6980830670926518	0.028144556812672184
Nipponbare_random_11Mb_v1_20260906	Nipponbare	trf	626	11418016	0.011418016	16.629389042034745	201.171875	0.6866166863459772	1.0	1.0	1003	87.84363237886512	0.6006389776357828	0.025468172404032364
Nipponbare_random_11Mb_v1_20260906	Nipponbare	tidehunter	626	11418016	0.011418016	4.372156375087798	168.234375	2.6115296481752015	0.2629174387607464	0.8362718446601942	979	85.74169102583146	0.6309904153354633	0.03388609719937334
Nipponbare_random_114Mb_v1_20260906	Nipponbare	tandemx	6141	113627173	0.113627173	104.78418533410877	212.75	1.0843923883904332	0.7433743995035093	0.6372443487621098	8353	73.51234550207458	0.6914183357759323	0.03416092205338946
Nipponbare_random_114Mb_v1_20260906	Nipponbare	trf	6141	113627173	0.113627173	140.9574844171293	333.859375	0.8061095405459144	1.0	1.0	10760	94.69565875761073	0.6176518482331868	0.03278678771670224
Nipponbare_random_114Mb_v1_20260906	Nipponbare	tidehunter	6141	113627173	0.113627173	46.330491750035435	450.640625	2.4525354406563813	0.3286841556630767	1.349791734918332	10249	90.19849503780227	0.6585246702491451	0.03977112059278286
Victoria_random_11Mb_v1_20260906	Victoria	tandemx	615	11361028	0.011361028	16.82708033407107	122.96875	0.6751633542151969	0.37395804424051543	0.7417530631479736	779	68.56773876448504	0.5463414634146342	0.09166089547530382
Victoria_random_11Mb_v1_20260906	Victoria	trf	615	11361028	0.011361028	44.99724125000648	165.78125	0.2524827674851814	1.0	1.0	1743	153.41921523298774	0.4959349593495935	0.09139313801532749
Victoria_random_11Mb_v1_20260906	Victoria	tidehunter	615	11361028	0.011361028	11.096758082974702	257.203125	1.0238150561676889	0.24660974261334528	1.5514608859566448	2553	224.7155803154433	0.5951219512195122	0.10029426914536255
Victoria_random_110Mb_v1_20260906	Victoria	tandemx	5972	110202741	0.110202741	164.73829754185863	250.453125	0.6689564153836081	0.4542136340565085	1.4172413793103449	6906	62.6663178913127	0.5311453449430676	0.0823757822865767
Victoria_random_110Mb_v1_20260906	Victoria	trf	5972	110202741	0.110202741	362.6890194171574	176.71875	0.30384912445680384	1.0	1.0	15575	141.33042298829935	0.4835900870730074	0.08146325507457206
Victoria_random_110Mb_v1_20260906	Victoria	tidehunter	5972	110202741	0.110202741	81.98184545896947	621.453125	1.3442334748996911	0.22603895091920512	3.5166224580017684	20492	185.94818798563276	0.5917615539182853	0.08925983973483927
