seed	unit_substitution_rate	array_fragments	fragment_gap_bp	locate_identity_model	locate_min_identity	assembly_fraction	family_id	true_assembly_bp	predicted_assembly_bp	overlap_bp	base_recall	base_precision	fragments	truth_fragments
5301	0.01	1	500	iid_base	0.9	1	f1	1220	1205	1204	0.9868852459016394	0.9991701244813278	1	1
5301	0.01	1	500	iid_base	0.9	1	f2	13680	13681	13680	1.0	0.9999269059279292	1	1
5301	0.01	1	500	iid_base	0.9	1	f3	84200	84198	84198	0.9999762470308788	1.0	1	1
5301	0.01	1	500	iid_base	0.9	0.75	f1	915	916	915	1.0	0.9989082969432315	1	1
5301	0.01	1	500	iid_base	0.9	0.75	f2	10260	10261	10260	1.0	0.9999025436117337	1	1
5301	0.01	1	500	iid_base	0.9	0.75	f3	63150	63148	63148	0.9999683293745052	1.0	1	1
5301	0.01	1	500	iid_base	0.9	0.5	f1	610	611	610	1.0	0.9983633387888707	1	1
5301	0.01	1	500	iid_base	0.9	0.5	f2	6840	6841	6840	1.0	0.9998538225405642	1	1
5301	0.01	1	500	iid_base	0.9	0.5	f3	42100	42098	42098	0.9999524940617577	1.0	1	1
5301	0.01	1	500	iid_base	0.9	0.25	f1	305	279	278	0.9114754098360656	0.996415770609319	1	1
5301	0.01	1	500	iid_base	0.9	0.25	f2	3420	3421	3420	1.0	0.9997076878105817	1	1
5301	0.01	1	500	iid_base	0.9	0.25	f3	21050	21040	21040	0.9995249406175772	1.0	1	1
5301	0.01	1	500	iid_base	0.9	0	f1	0	0	0	NA	NA	0	0
5301	0.01	1	500	iid_base	0.9	0	f2	0	0	0	NA	NA	0	0
5301	0.01	1	500	iid_base	0.9	0	f3	0	0	0	NA	NA	0	0
5301	0.01	3	500	iid_base	0.9	1	f1	1220	1205	1204	0.9868852459016394	0.9991701244813278	3	3
5301	0.01	3	500	iid_base	0.9	1	f2	13680	13683	13680	1.0	0.9997807498355624	3	3
5301	0.01	3	500	iid_base	0.9	1	f3	84200	84199	84198	0.9999762470308788	0.9999881233743869	3	3
5301	0.01	3	500	iid_base	0.9	0.75	f1	915	882	881	0.9628415300546448	0.9988662131519275	3	3
5301	0.01	3	500	iid_base	0.9	0.75	f2	10260	10260	10257	0.9997076023391813	0.9997076023391813	3	3
5301	0.01	3	500	iid_base	0.9	0.75	f3	63150	63138	63137	0.9997941409342834	0.9999841616775951	3	3
5301	0.01	3	500	iid_base	0.9	0.5	f1	610	607	606	0.9934426229508196	0.9983525535420099	3	3
5301	0.01	3	500	iid_base	0.9	0.5	f2	6840	6843	6840	1.0	0.9995615957913196	3	3
5301	0.01	3	500	iid_base	0.9	0.5	f3	42100	42080	42079	0.9995011876484561	0.9999762357414449	3	3
5301	0.01	3	500	iid_base	0.9	0.25	f1	305	245	244	0.8	0.9959183673469387	2	3
5301	0.01	3	500	iid_base	0.9	0.25	f2	3420	3423	3420	1.0	0.9991235758106923	3	3
5301	0.01	3	500	iid_base	0.9	0.25	f3	21050	21021	21021	0.9986223277909738	1.0	3	3
5301	0.01	3	500	iid_base	0.9	0	f1	0	0	0	NA	NA	0	0
5301	0.01	3	500	iid_base	0.9	0	f2	0	0	0	NA	NA	0	0
5301	0.01	3	500	iid_base	0.9	0	f3	0	0	0	NA	NA	0	0
5301	0.03	1	500	iid_base	0.9	1	f1	1220	1212	1211	0.9926229508196721	0.9991749174917491	1	1
5301	0.03	1	500	iid_base	0.9	1	f2	13680	13681	13680	1.0	0.9999269059279292	1	1
5301	0.03	1	500	iid_base	0.9	1	f3	84200	84147	84147	0.9993705463182898	1.0	1	1
5301	0.03	1	500	iid_base	0.9	0.75	f1	915	895	894	0.9770491803278688	0.9988826815642458	1	1
5301	0.03	1	500	iid_base	0.9	0.75	f2	10260	10261	10260	1.0	0.9999025436117337	1	1
5301	0.03	1	500	iid_base	0.9	0.75	f3	63150	63134	63134	0.9997466349960412	1.0	1	1
5301	0.03	1	500	iid_base	0.9	0.5	f1	610	606	605	0.9918032786885246	0.9983498349834984	1	1
5301	0.03	1	500	iid_base	0.9	0.5	f2	6840	6830	6829	0.998391812865497	0.9998535871156662	1	1
5301	0.03	1	500	iid_base	0.9	0.5	f3	42100	42082	42082	0.9995724465558194	1.0	1	1
5301	0.03	1	500	iid_base	0.9	0.25	f1	305	273	272	0.8918032786885246	0.9963369963369964	1	1
5301	0.03	1	500	iid_base	0.9	0.25	f2	3420	3403	3402	0.9947368421052631	0.9997061416397296	1	1
5301	0.03	1	500	iid_base	0.9	0.25	f3	21050	21034	21034	0.9992399049881235	1.0	1	1
5301	0.03	1	500	iid_base	0.9	0	f1	0	0	0	NA	NA	0	0
5301	0.03	1	500	iid_base	0.9	0	f2	0	0	0	NA	NA	0	0
5301	0.03	1	500	iid_base	0.9	0	f3	0	0	0	NA	NA	0	0
5301	0.03	3	500	iid_base	0.9	1	f1	1220	1193	1192	0.9770491803278688	0.9991617770326907	3	3
5301	0.03	3	500	iid_base	0.9	1	f2	13680	13660	13658	0.998391812865497	0.9998535871156662	3	3
5301	0.03	3	500	iid_base	0.9	1	f3	84200	84146	84145	0.9993467933491686	0.9999881158938037	3	3
5301	0.03	3	500	iid_base	0.9	0.75	f1	915	857	856	0.9355191256830601	0.9988331388564761	3	3
5301	0.03	3	500	iid_base	0.9	0.75	f2	10260	10227	10225	0.996588693957115	0.9998044392294906	3	3
5301	0.03	3	500	iid_base	0.9	0.75	f3	63150	63097	63097	0.9991607284243864	1.0	3	3
5301	0.03	3	500	iid_base	0.9	0.5	f1	610	592	591	0.9688524590163935	0.9983108108108109	3	3
5301	0.03	3	500	iid_base	0.9	0.5	f2	6840	6819	6817	0.9966374269005848	0.9997067018624431	3	3
5301	0.03	3	500	iid_base	0.9	0.5	f3	42100	42047	42047	0.9987410926365796	1.0	3	3
5301	0.03	3	500	iid_base	0.9	0.25	f1	305	242	241	0.7901639344262295	0.9958677685950413	2	3
5301	0.03	3	500	iid_base	0.9	0.25	f2	3420	3366	3364	0.9836257309941521	0.9994058229352347	3	3
5301	0.03	3	500	iid_base	0.9	0.25	f3	21050	21001	21001	0.9976722090261283	1.0	3	3
5301	0.03	3	500	iid_base	0.9	0	f1	0	0	0	NA	NA	0	0
5301	0.03	3	500	iid_base	0.9	0	f2	0	0	0	NA	NA	0	0
5301	0.03	3	500	iid_base	0.9	0	f3	0	0	0	NA	NA	0	0
5301	0.05	1	500	iid_base	0.9	1	f1	1220	1109	1108	0.9081967213114754	0.9990982867448152	2	1
5301	0.05	1	500	iid_base	0.9	1	f2	13680	13672	13671	0.9993421052631579	0.9999268578115857	1	1
5301	0.05	1	500	iid_base	0.9	1	f3	84200	84163	84163	0.9995605700712589	1.0	1	1
5301	0.05	1	500	iid_base	0.9	0.75	f1	915	815	814	0.8896174863387978	0.9987730061349693	2	1
5301	0.05	1	500	iid_base	0.9	0.75	f2	10260	10245	10244	0.9984405458089669	0.9999023914104441	1	1
5301	0.05	1	500	iid_base	0.9	0.75	f3	63150	63110	63110	0.9993665874901029	1.0	1	1
5301	0.05	1	500	iid_base	0.9	0.5	f1	610	603	602	0.9868852459016394	0.9983416252072969	1	1
5301	0.05	1	500	iid_base	0.9	0.5	f2	6840	6822	6821	0.9972222222222222	0.9998534154206977	1	1
5301	0.05	1	500	iid_base	0.9	0.5	f3	42100	42084	42084	0.9996199524940618	1.0	1	1
5301	0.05	1	500	iid_base	0.9	0.25	f1	305	281	280	0.9180327868852459	0.99644128113879	1	1
5301	0.05	1	500	iid_base	0.9	0.25	f2	3420	3403	3402	0.9947368421052631	0.9997061416397296	1	1
5301	0.05	1	500	iid_base	0.9	0.25	f3	21050	21007	21007	0.997957244655582	1.0	1	1
5301	0.05	1	500	iid_base	0.9	0	f1	0	0	0	NA	NA	0	0
5301	0.05	1	500	iid_base	0.9	0	f2	0	0	0	NA	NA	0	0
5301	0.05	1	500	iid_base	0.9	0	f3	0	0	0	NA	NA	0	0
5301	0.05	3	500	iid_base	0.9	1	f1	1220	1081	1080	0.8852459016393442	0.9990749306197965	4	3
5301	0.05	3	500	iid_base	0.9	1	f2	13680	13547	13546	0.9902046783625731	0.9999261829187274	3	3
5301	0.05	3	500	iid_base	0.9	1	f3	84200	84067	84067	0.9984204275534442	1.0	3	3
5301	0.05	3	500	iid_base	0.9	0.75	f1	915	722	721	0.7879781420765027	0.9986149584487535	3	3
5301	0.05	3	500	iid_base	0.9	0.75	f2	10260	10209	10207	0.9948343079922027	0.9998040944264864	3	3
5301	0.05	3	500	iid_base	0.9	0.75	f3	63150	63027	63026	0.9980364212193191	0.9999841337839339	3	3
5301	0.05	3	500	iid_base	0.9	0.5	f1	610	594	593	0.9721311475409836	0.9983164983164983	3	3
5301	0.05	3	500	iid_base	0.9	0.5	f2	6840	6648	6647	0.9717836257309942	0.9998495788206979	3	3
5301	0.05	3	500	iid_base	0.9	0.5	f3	42100	41977	41976	0.9970546318289786	0.9999761774304976	3	3
5301	0.05	3	500	iid_base	0.9	0.25	f1	305	180	179	0.5868852459016394	0.9944444444444445	2	3
5301	0.05	3	500	iid_base	0.9	0.25	f2	3420	3278	3277	0.958187134502924	0.9996949359365467	3	3
5301	0.05	3	500	iid_base	0.9	0.25	f3	21050	20835	20835	0.9897862232779098	1.0	3	3
5301	0.05	3	500	iid_base	0.9	0	f1	0	0	0	NA	NA	0	0
5301	0.05	3	500	iid_base	0.9	0	f2	0	0	0	NA	NA	0	0
5301	0.05	3	500	iid_base	0.9	0	f3	0	0	0	NA	NA	0	0
5302	0.01	1	500	iid_base	0.9	1	f1	1220	1220	1220	1.0	1.0	1	1
5302	0.01	1	500	iid_base	0.9	1	f2	13680	13664	13664	0.9988304093567252	1.0	1	1
5302	0.01	1	500	iid_base	0.9	1	f3	84200	84200	84200	1.0	1.0	1	1
5302	0.01	1	500	iid_base	0.9	0.75	f1	915	915	915	1.0	1.0	1	1
5302	0.01	1	500	iid_base	0.9	0.75	f2	10260	10244	10244	0.9984405458089669	1.0	1	1
5302	0.01	1	500	iid_base	0.9	0.75	f3	63150	63150	63150	1.0	1.0	1	1
5302	0.01	1	500	iid_base	0.9	0.5	f1	610	610	610	1.0	1.0	1	1
5302	0.01	1	500	iid_base	0.9	0.5	f2	6840	6824	6824	0.9976608187134502	1.0	1	1
5302	0.01	1	500	iid_base	0.9	0.5	f3	42100	42096	42096	0.9999049881235155	1.0	1	1
5302	0.01	1	500	iid_base	0.9	0.25	f1	305	305	305	1.0	1.0	1	1
5302	0.01	1	500	iid_base	0.9	0.25	f2	3420	3404	3404	0.9953216374269006	1.0	1	1
5302	0.01	1	500	iid_base	0.9	0.25	f3	21050	21050	21050	1.0	1.0	1	1
5302	0.01	1	500	iid_base	0.9	0	f1	0	0	0	NA	NA	0	0
5302	0.01	1	500	iid_base	0.9	0	f2	0	0	0	NA	NA	0	0
5302	0.01	1	500	iid_base	0.9	0	f3	0	0	0	NA	NA	0	0
5302	0.01	3	500	iid_base	0.9	1	f1	1220	1171	1169	0.9581967213114754	0.9982920580700256	3	3
5302	0.01	3	500	iid_base	0.9	1	f2	13680	13669	13664	0.9988304093567252	0.9996342087936206	3	3
5302	0.01	3	500	iid_base	0.9	1	f3	84200	84186	84184	0.9998099762470308	0.9999762430807972	3	3
5302	0.01	3	500	iid_base	0.9	0.75	f1	915	903	902	0.985792349726776	0.9988925802879292	3	3
5302	0.01	3	500	iid_base	0.9	0.75	f2	10260	10249	10244	0.9984405458089669	0.999512147526588	3	3
5302	0.01	3	500	iid_base	0.9	0.75	f3	63150	63131	63130	0.9996832937450515	0.9999841599214332	3	3
5302	0.01	3	500	iid_base	0.9	0.5	f1	610	576	574	0.940983606557377	0.9965277777777778	3	3
5302	0.01	3	500	iid_base	0.9	0.5	f2	6840	6800	6798	0.993859649122807	0.9997058823529412	3	3
5302	0.01	3	500	iid_base	0.9	0.5	f3	42100	42083	42080	0.9995249406175772	0.9999287123066322	3	3
5302	0.01	3	500	iid_base	0.9	0.25	f1	305	307	305	1.0	0.993485342019544	3	3
5302	0.01	3	500	iid_base	0.9	0.25	f2	3420	3381	3378	0.987719298245614	0.9991126885536823	3	3
5302	0.01	3	500	iid_base	0.9	0.25	f3	21050	21054	21050	1.0	0.9998100123491973	3	3
5302	0.01	3	500	iid_base	0.9	0	f1	0	0	0	NA	NA	0	0
5302	0.01	3	500	iid_base	0.9	0	f2	0	0	0	NA	NA	0	0
5302	0.01	3	500	iid_base	0.9	0	f3	0	0	0	NA	NA	0	0
5302	0.03	1	500	iid_base	0.9	1	f1	1220	1067	1067	0.8745901639344262	1.0	3	1
5302	0.03	1	500	iid_base	0.9	1	f2	13680	13653	13653	0.9980263157894737	1.0	1	1
5302	0.03	1	500	iid_base	0.9	1	f3	84200	84200	84200	1.0	1.0	1	1
5302	0.03	1	500	iid_base	0.9	0.75	f1	915	762	762	0.8327868852459016	1.0	3	1
5302	0.03	1	500	iid_base	0.9	0.75	f2	10260	10244	10244	0.9984405458089669	1.0	1	1
5302	0.03	1	500	iid_base	0.9	0.75	f3	63150	63135	63135	0.9997624703087886	1.0	1	1
5302	0.03	1	500	iid_base	0.9	0.5	f1	610	485	485	0.7950819672131147	1.0	2	1
5302	0.03	1	500	iid_base	0.9	0.5	f2	6840	6824	6824	0.9976608187134502	1.0	1	1
5302	0.03	1	500	iid_base	0.9	0.5	f3	42100	42100	42100	1.0	1.0	1	1
5302	0.03	1	500	iid_base	0.9	0.25	f1	305	305	305	1.0	1.0	1	1
5302	0.03	1	500	iid_base	0.9	0.25	f2	3420	3374	3374	0.9865497076023392	1.0	1	1
5302	0.03	1	500	iid_base	0.9	0.25	f3	21050	21050	21050	1.0	1.0	1	1
5302	0.03	1	500	iid_base	0.9	0	f1	0	0	0	NA	NA	0	0
5302	0.03	1	500	iid_base	0.9	0	f2	0	0	0	NA	NA	0	0
5302	0.03	1	500	iid_base	0.9	0	f3	0	0	0	NA	NA	0	0
5302	0.03	3	500	iid_base	0.9	1	f1	1220	1054	1054	0.8639344262295082	1.0	4	3
5302	0.03	3	500	iid_base	0.9	1	f2	13680	13642	13637	0.9968567251461988	0.9996334848262718	3	3
5302	0.03	3	500	iid_base	0.9	1	f3	84200	84198	84194	0.9999287410926366	0.9999524929333238	3	3
5302	0.03	3	500	iid_base	0.9	0.75	f1	915	753	753	0.8229508196721311	1.0	4	3
5302	0.03	3	500	iid_base	0.9	0.75	f2	10260	10196	10194	0.9935672514619883	0.9998038446449589	3	3
5302	0.03	3	500	iid_base	0.9	0.75	f3	63150	63122	63121	0.9995407759303246	0.9999841576629385	3	3
5302	0.03	3	500	iid_base	0.9	0.5	f1	610	486	485	0.7950819672131147	0.9979423868312757	3	3
5302	0.03	3	500	iid_base	0.9	0.5	f2	6840	6761	6761	0.9884502923976608	1.0	3	3
5302	0.03	3	500	iid_base	0.9	0.5	f3	42100	42093	42090	0.9997624703087886	0.9999287292423918	3	3
5302	0.03	3	500	iid_base	0.9	0.25	f1	305	262	261	0.8557377049180328	0.9961832061068703	3	3
5302	0.03	3	500	iid_base	0.9	0.25	f2	3420	3327	3322	0.9713450292397661	0.998497144574692	3	3
5302	0.03	3	500	iid_base	0.9	0.25	f3	21050	21047	21044	0.9997149643705463	0.9998574618710505	3	3
5302	0.03	3	500	iid_base	0.9	0	f1	0	0	0	NA	NA	0	0
5302	0.03	3	500	iid_base	0.9	0	f2	0	0	0	NA	NA	0	0
5302	0.03	3	500	iid_base	0.9	0	f3	0	0	0	NA	NA	0	0
5302	0.05	1	500	iid_base	0.9	1	f1	1220	1057	1057	0.8663934426229508	1.0	3	1
5302	0.05	1	500	iid_base	0.9	1	f2	13680	13575	13575	0.9923245614035088	1.0	1	1
5302	0.05	1	500	iid_base	0.9	1	f3	84200	84200	84200	1.0	1.0	1	1
5302	0.05	1	500	iid_base	0.9	0.75	f1	915	765	765	0.8360655737704918	1.0	3	1
5302	0.05	1	500	iid_base	0.9	0.75	f2	10260	10167	10167	0.9909356725146199	1.0	1	1
5302	0.05	1	500	iid_base	0.9	0.75	f3	63150	63150	63150	1.0	1.0	1	1
5302	0.05	1	500	iid_base	0.9	0.5	f1	610	543	543	0.8901639344262295	1.0	1	1
5302	0.05	1	500	iid_base	0.9	0.5	f2	6840	6721	6721	0.9826023391812866	1.0	1	1
5302	0.05	1	500	iid_base	0.9	0.5	f3	42100	42100	42100	1.0	1.0	1	1
5302	0.05	1	500	iid_base	0.9	0.25	f1	305	281	281	0.921311475409836	1.0	1	1
5302	0.05	1	500	iid_base	0.9	0.25	f2	3420	3290	3290	0.9619883040935673	1.0	1	1
5302	0.05	1	500	iid_base	0.9	0.25	f3	21050	21050	21050	1.0	1.0	1	1
5302	0.05	1	500	iid_base	0.9	0	f1	0	0	0	NA	NA	0	0
5302	0.05	1	500	iid_base	0.9	0	f2	0	0	0	NA	NA	0	0
5302	0.05	1	500	iid_base	0.9	0	f3	0	0	0	NA	NA	0	0
5302	0.05	3	500	iid_base	0.9	1	f1	1220	910	909	0.7450819672131147	0.9989010989010989	4	3
5302	0.05	3	500	iid_base	0.9	1	f2	13680	13508	13508	0.9874269005847953	1.0	3	3
5302	0.05	3	500	iid_base	0.9	1	f3	84200	84187	84184	0.9998099762470308	0.9999643650444843	3	3
5302	0.05	3	500	iid_base	0.9	0.75	f1	915	758	758	0.8284153005464481	1.0	4	3
5302	0.05	3	500	iid_base	0.9	0.75	f2	10260	10107	10104	0.9847953216374269	0.9997031760166222	3	3
5302	0.05	3	500	iid_base	0.9	0.75	f3	63150	63123	63120	0.9995249406175772	0.9999524737417423	3	3
5302	0.05	3	500	iid_base	0.9	0.5	f1	610	430	429	0.7032786885245902	0.9976744186046511	3	3
5302	0.05	3	500	iid_base	0.9	0.5	f2	6840	6652	6652	0.9725146198830409	1.0	3	3
5302	0.05	3	500	iid_base	0.9	0.5	f3	42100	42068	42065	0.9991686460807601	0.9999286868878958	3	3
5302	0.05	3	500	iid_base	0.9	0.25	f1	305	199	198	0.6491803278688525	0.9949748743718593	3	3
5302	0.05	3	500	iid_base	0.9	0.25	f2	3420	3212	3212	0.9391812865497076	1.0	3	3
5302	0.05	3	500	iid_base	0.9	0.25	f3	21050	20985	20982	0.996769596199525	0.9998570407433881	3	3
5302	0.05	3	500	iid_base	0.9	0	f1	0	0	0	NA	NA	0	0
5302	0.05	3	500	iid_base	0.9	0	f2	0	0	0	NA	NA	0	0
5302	0.05	3	500	iid_base	0.9	0	f3	0	0	0	NA	NA	0	0
5303	0.01	1	500	iid_base	0.9	1	f1	1220	1220	1220	1.0	1.0	1	1
5303	0.01	1	500	iid_base	0.9	1	f2	13680	13680	13680	1.0	1.0	1	1
5303	0.01	1	500	iid_base	0.9	1	f3	84200	84200	84200	1.0	1.0	1	1
5303	0.01	1	500	iid_base	0.9	0.75	f1	915	915	915	1.0	1.0	1	1
5303	0.01	1	500	iid_base	0.9	0.75	f2	10260	10260	10260	1.0	1.0	1	1
5303	0.01	1	500	iid_base	0.9	0.75	f3	63150	63150	63150	1.0	1.0	1	1
5303	0.01	1	500	iid_base	0.9	0.5	f1	610	610	610	1.0	1.0	1	1
5303	0.01	1	500	iid_base	0.9	0.5	f2	6840	6840	6840	1.0	1.0	1	1
5303	0.01	1	500	iid_base	0.9	0.5	f3	42100	42100	42100	1.0	1.0	1	1
5303	0.01	1	500	iid_base	0.9	0.25	f1	305	305	305	1.0	1.0	1	1
5303	0.01	1	500	iid_base	0.9	0.25	f2	3420	3416	3416	0.9988304093567252	1.0	1	1
5303	0.01	1	500	iid_base	0.9	0.25	f3	21050	21038	21038	0.9994299287410926	1.0	1	1
5303	0.01	1	500	iid_base	0.9	0	f1	0	0	0	NA	NA	0	0
5303	0.01	1	500	iid_base	0.9	0	f2	0	0	0	NA	NA	0	0
5303	0.01	1	500	iid_base	0.9	0	f3	0	0	0	NA	NA	0	0
5303	0.01	3	500	iid_base	0.9	1	f1	1220	1223	1220	1.0	0.9975470155355682	3	3
5303	0.01	3	500	iid_base	0.9	1	f2	13680	13681	13678	0.9998538011695907	0.9997807177837877	3	3
5303	0.01	3	500	iid_base	0.9	1	f3	84200	84198	84198	0.9999762470308788	1.0	3	3
5303	0.01	3	500	iid_base	0.9	0.75	f1	915	918	915	1.0	0.9967320261437909	3	3
5303	0.01	3	500	iid_base	0.9	0.75	f2	10260	10259	10256	0.9996101364522417	0.999707573837606	3	3
5303	0.01	3	500	iid_base	0.9	0.75	f3	63150	63121	63121	0.9995407759303246	1.0	3	3
5303	0.01	3	500	iid_base	0.9	0.5	f1	610	613	610	1.0	0.9951060358890701	3	3
5303	0.01	3	500	iid_base	0.9	0.5	f2	6840	6831	6830	0.9985380116959064	0.9998536085492608	3	3
5303	0.01	3	500	iid_base	0.9	0.5	f3	42100	42086	42086	0.9996674584323041	1.0	3	3
5303	0.01	3	500	iid_base	0.9	0.25	f1	305	308	305	1.0	0.9902597402597403	3	3
5303	0.01	3	500	iid_base	0.9	0.25	f2	3420	3408	3407	0.9961988304093568	0.999706572769953	3	3
5303	0.01	3	500	iid_base	0.9	0.25	f3	21050	21010	21010	0.9980997624703087	1.0	3	3
5303	0.01	3	500	iid_base	0.9	0	f1	0	0	0	NA	NA	0	0
5303	0.01	3	500	iid_base	0.9	0	f2	0	0	0	NA	NA	0	0
5303	0.01	3	500	iid_base	0.9	0	f3	0	0	0	NA	NA	0	0
5303	0.03	1	500	iid_base	0.9	1	f1	1220	1200	1200	0.9836065573770492	1.0	1	1
5303	0.03	1	500	iid_base	0.9	1	f2	13680	13634	13634	0.9966374269005848	1.0	1	1
5303	0.03	1	500	iid_base	0.9	1	f3	84200	84200	84200	1.0	1.0	1	1
5303	0.03	1	500	iid_base	0.9	0.75	f1	915	851	851	0.9300546448087431	1.0	1	1
5303	0.03	1	500	iid_base	0.9	0.75	f2	10260	10227	10227	0.9967836257309941	1.0	1	1
5303	0.03	1	500	iid_base	0.9	0.75	f3	63150	63129	63129	0.9996674584323041	1.0	1	1
5303	0.03	1	500	iid_base	0.9	0.5	f1	610	578	578	0.9475409836065574	1.0	1	1
5303	0.03	1	500	iid_base	0.9	0.5	f2	6840	6816	6816	0.9964912280701754	1.0	1	1
5303	0.03	1	500	iid_base	0.9	0.5	f3	42100	42091	42091	0.9997862232779098	1.0	1	1
5303	0.03	1	500	iid_base	0.9	0.25	f1	305	277	277	0.9081967213114754	1.0	1	1
5303	0.03	1	500	iid_base	0.9	0.25	f2	3420	3395	3395	0.9926900584795322	1.0	1	1
5303	0.03	1	500	iid_base	0.9	0.25	f3	21050	21023	21023	0.9987173396674585	1.0	1	1
5303	0.03	1	500	iid_base	0.9	0	f1	0	0	0	NA	NA	0	0
5303	0.03	1	500	iid_base	0.9	0	f2	0	0	0	NA	NA	0	0
5303	0.03	1	500	iid_base	0.9	0	f3	0	0	0	NA	NA	0	0
5303	0.03	3	500	iid_base	0.9	1	f1	1220	1143	1141	0.9352459016393443	0.9982502187226596	3	3
5303	0.03	3	500	iid_base	0.9	1	f2	13680	13574	13571	0.9920321637426901	0.9997789892441432	3	3
5303	0.03	3	500	iid_base	0.9	1	f3	84200	84166	84166	0.9995961995249406	1.0	3	3
5303	0.03	3	500	iid_base	0.9	0.75	f1	915	822	822	0.898360655737705	1.0	3	3
5303	0.03	3	500	iid_base	0.9	0.75	f2	10260	10229	10226	0.9966861598440546	0.999706716199042	3	3
5303	0.03	3	500	iid_base	0.9	0.75	f3	63150	63068	63068	0.9987015043547111	1.0	3	3
5303	0.03	3	500	iid_base	0.9	0.5	f1	610	545	545	0.8934426229508197	1.0	3	3
5303	0.03	3	500	iid_base	0.9	0.5	f2	6840	6754	6753	0.987280701754386	0.9998519395913533	3	3
5303	0.03	3	500	iid_base	0.9	0.5	f3	42100	42041	42041	0.9985985748218528	1.0	3	3
5303	0.03	3	500	iid_base	0.9	0.25	f1	305	231	230	0.7540983606557377	0.9956709956709957	3	3
5303	0.03	3	500	iid_base	0.9	0.25	f2	3420	3351	3349	0.9792397660818714	0.9994031632348552	3	3
5303	0.03	3	500	iid_base	0.9	0.25	f3	21050	20973	20973	0.9963420427553444	1.0	3	3
5303	0.03	3	500	iid_base	0.9	0	f1	0	0	0	NA	NA	0	0
5303	0.03	3	500	iid_base	0.9	0	f2	0	0	0	NA	NA	0	0
5303	0.03	3	500	iid_base	0.9	0	f3	0	0	0	NA	NA	0	0
5303	0.05	1	500	iid_base	0.9	1	f1	1220	1125	1125	0.9221311475409836	1.0	2	1
5303	0.05	1	500	iid_base	0.9	1	f2	13680	13630	13630	0.9963450292397661	1.0	1	1
5303	0.05	1	500	iid_base	0.9	1	f3	84200	84151	84151	0.999418052256532	1.0	1	1
5303	0.05	1	500	iid_base	0.9	0.75	f1	915	820	820	0.8961748633879781	1.0	2	1
5303	0.05	1	500	iid_base	0.9	0.75	f2	10260	10180	10180	0.9922027290448343	1.0	1	1
5303	0.05	1	500	iid_base	0.9	0.75	f3	63150	63084	63084	0.9989548693586698	1.0	1	1
5303	0.05	1	500	iid_base	0.9	0.5	f1	610	493	493	0.8081967213114755	1.0	2	1
5303	0.05	1	500	iid_base	0.9	0.5	f2	6840	6803	6803	0.9945906432748538	1.0	1	1
5303	0.05	1	500	iid_base	0.9	0.5	f3	42100	42046	42046	0.9987173396674585	1.0	1	1
5303	0.05	1	500	iid_base	0.9	0.25	f1	305	290	290	0.9508196721311475	1.0	1	1
5303	0.05	1	500	iid_base	0.9	0.25	f2	3420	3380	3380	0.9883040935672515	1.0	1	1
5303	0.05	1	500	iid_base	0.9	0.25	f3	21050	20914	20914	0.9935391923990499	1.0	1	1
5303	0.05	1	500	iid_base	0.9	0	f1	0	0	0	NA	NA	0	0
5303	0.05	1	500	iid_base	0.9	0	f2	0	0	0	NA	NA	0	0
5303	0.05	1	500	iid_base	0.9	0	f3	0	0	0	NA	NA	0	0
5303	0.05	3	500	iid_base	0.9	1	f1	1220	1067	1067	0.8745901639344262	1.0	3	3
5303	0.05	3	500	iid_base	0.9	1	f2	13680	13557	13557	0.9910087719298246	1.0	3	3
5303	0.05	3	500	iid_base	0.9	1	f3	84200	83978	83978	0.9973634204275534	1.0	3	3
5303	0.05	3	500	iid_base	0.9	0.75	f1	915	772	772	0.8437158469945355	1.0	3	3
5303	0.05	3	500	iid_base	0.9	0.75	f2	10260	10163	10161	0.9903508771929824	0.9998032077142576	3	3
5303	0.05	3	500	iid_base	0.9	0.75	f3	63150	62992	62992	0.9974980205859065	1.0	3	3
5303	0.05	3	500	iid_base	0.9	0.5	f1	610	449	448	0.7344262295081967	0.9977728285077951	3	3
5303	0.05	3	500	iid_base	0.9	0.5	f2	6840	6782	6780	0.9912280701754386	0.9997051017398997	3	3
5303	0.05	3	500	iid_base	0.9	0.5	f3	42100	41966	41966	0.9968171021377672	1.0	3	3
5303	0.05	3	500	iid_base	0.9	0.25	f1	305	241	240	0.7868852459016393	0.995850622406639	3	3
5303	0.05	3	500	iid_base	0.9	0.25	f2	3420	3359	3358	0.9818713450292398	0.9997022923489134	3	3
5303	0.05	3	500	iid_base	0.9	0.25	f3	21050	20904	20904	0.9930641330166271	1.0	3	3
5303	0.05	3	500	iid_base	0.9	0	f1	0	0	0	NA	NA	0	0
5303	0.05	3	500	iid_base	0.9	0	f2	0	0	0	NA	NA	0	0
5303	0.05	3	500	iid_base	0.9	0	f3	0	0	0	NA	NA	0	0
