receipt	receipt_sha256	label	runtime_seconds	peak_rss_mib	cpu_user_seconds	cpu_system_seconds	command_json
runs/s5301/scenario_001/assembly_0/locate/receipt.json	fa98c1254a4d7c54a1dce3e28cc3b79475f0ac89803d36a94810b5196ba3916a	locate	0.29387662489898503	30.65625	0.20932099999999998	0.020811	"[""/opt/homebrew/Caskroom/mambaforge/base/envs/tandemx-dev/bin/python"",""-m"",""tandemx.cli"",""locate"",""--assembly"",""/Volumes/T7/Codex/TandemX/results/abundance_localizer_development_v2_20260906/genomes/s5301/scenario_001/assembly_0.fa"",""--catalog"",""/Volumes/T7/Codex/TandemX/results/abundance_localizer_development_v2_20260906/genomes/s5301/scenario_001/catalogue.fa"",""--k"",""21"",""--identity-model"",""iid_base"",""--min-identity"",""0.9"",""--outdir"",""/Volumes/T7/Codex/TandemX/results/abundance_localizer_development_v2_20260906/runs/s5301/scenario_001/assembly_0/locate/output""]"
runs/s5301/scenario_001/assembly_1/locate/receipt.json	086f92070da75c0b640ab5cfa92304d6dbb4c15cad7944b38e9578173d68bcc4	locate	0.22224195813760161	24.515625	0.165122	0.015208	"[""/opt/homebrew/Caskroom/mambaforge/base/envs/tandemx-dev/bin/python"",""-m"",""tandemx.cli"",""locate"",""--assembly"",""/Volumes/T7/Codex/TandemX/results/abundance_localizer_development_v2_20260906/genomes/s5301/scenario_001/assembly_1.fa"",""--catalog"",""/Volumes/T7/Codex/TandemX/results/abundance_localizer_development_v2_20260906/genomes/s5301/scenario_001/catalogue.fa"",""--k"",""21"",""--identity-model"",""iid_base"",""--min-identity"",""0.9"",""--outdir"",""/Volumes/T7/Codex/TandemX/results/abundance_localizer_development_v2_20260906/runs/s5301/scenario_001/assembly_1/locate/output""]"
runs/s5301/scenario_001/assembly_2/locate/receipt.json	48e8975dc5c3a076c75cdcc2ab49675eb087702c96daff68c072122cc708a7f6	locate	0.2192391250282526	24.65625	0.147694	0.016449	"[""/opt/homebrew/Caskroom/mambaforge/base/envs/tandemx-dev/bin/python"",""-m"",""tandemx.cli"",""locate"",""--assembly"",""/Volumes/T7/Codex/TandemX/results/abundance_localizer_development_v2_20260906/genomes/s5301/scenario_001/assembly_2.fa"",""--catalog"",""/Volumes/T7/Codex/TandemX/results/abundance_localizer_development_v2_20260906/genomes/s5301/scenario_001/catalogue.fa"",""--k"",""21"",""--identity-model"",""iid_base"",""--min-identity"",""0.9"",""--outdir"",""/Volumes/T7/Codex/TandemX/results/abundance_localizer_development_v2_20260906/runs/s5301/scenario_001/assembly_2/locate/output""]"
runs/s5301/scenario_001/assembly_3/locate/receipt.json	e38aead3003432d2260af47a4d2b2d75d40780da1ca2af9f148520ea4ab67d74	locate	0.19410429219715297	24.203125	0.126159	0.0155	"[""/opt/homebrew/Caskroom/mambaforge/base/envs/tandemx-dev/bin/python"",""-m"",""tandemx.cli"",""locate"",""--assembly"",""/Volumes/T7/Codex/TandemX/results/abundance_localizer_development_v2_20260906/genomes/s5301/scenario_001/assembly_3.fa"",""--catalog"",""/Volumes/T7/Codex/TandemX/results/abundance_localizer_development_v2_20260906/genomes/s5301/scenario_001/catalogue.fa"",""--k"",""21"",""--identity-model"",""iid_base"",""--min-identity"",""0.9"",""--outdir"",""/Volumes/T7/Codex/TandemX/results/abundance_localizer_development_v2_20260906/runs/s5301/scenario_001/assembly_3/locate/output""]"
runs/s5301/scenario_001/assembly_4/locate/receipt.json	547930f21e421ed06bb8ebea4bca3bb33f37bddecea82d694d23a7df612feda6	locate	0.17579158395528793	24.0625	0.110556	0.015168999999999998	"[""/opt/homebrew/Caskroom/mambaforge/base/envs/tandemx-dev/bin/python"",""-m"",""tandemx.cli"",""locate"",""--assembly"",""/Volumes/T7/Codex/TandemX/results/abundance_localizer_development_v2_20260906/genomes/s5301/scenario_001/assembly_4.fa"",""--catalog"",""/Volumes/T7/Codex/TandemX/results/abundance_localizer_development_v2_20260906/genomes/s5301/scenario_001/catalogue.fa"",""--k"",""21"",""--identity-model"",""iid_base"",""--min-identity"",""0.9"",""--outdir"",""/Volumes/T7/Codex/TandemX/results/abundance_localizer_development_v2_20260906/runs/s5301/scenario_001/assembly_4/locate/output""]"
runs/s5301/scenario_002/assembly_0/locate/receipt.json	3dba5c3f31b220f3ad97ef132e47778682148711e5dd5907bbc562ee918b58e2	locate	0.2455391250550747	24.625	0.17713199999999998	0.014567	"[""/opt/homebrew/Caskroom/mambaforge/base/envs/tandemx-dev/bin/python"",""-m"",""tandemx.cli"",""locate"",""--assembly"",""/Volumes/T7/Codex/TandemX/results/abundance_localizer_development_v2_20260906/genomes/s5301/scenario_002/assembly_0.fa"",""--catalog"",""/Volumes/T7/Codex/TandemX/results/abundance_localizer_development_v2_20260906/genomes/s5301/scenario_002/catalogue.fa"",""--k"",""21"",""--identity-model"",""iid_base"",""--min-identity"",""0.9"",""--outdir"",""/Volumes/T7/Codex/TandemX/results/abundance_localizer_development_v2_20260906/runs/s5301/scenario_002/assembly_0/locate/output""]"
runs/s5301/scenario_002/assembly_1/locate/receipt.json	b4f1868d60985394d6c46010fdac4d31a1c22db2c0c39f8e70099b3c39e55115	locate	0.21920108306221664	24.234375	0.161068	0.014381	"[""/opt/homebrew/Caskroom/mambaforge/base/envs/tandemx-dev/bin/python"",""-m"",""tandemx.cli"",""locate"",""--assembly"",""/Volumes/T7/Codex/TandemX/results/abundance_localizer_development_v2_20260906/genomes/s5301/scenario_002/assembly_1.fa"",""--catalog"",""/Volumes/T7/Codex/TandemX/results/abundance_localizer_development_v2_20260906/genomes/s5301/scenario_002/catalogue.fa"",""--k"",""21"",""--identity-model"",""iid_base"",""--min-identity"",""0.9"",""--outdir"",""/Volumes/T7/Codex/TandemX/results/abundance_localizer_development_v2_20260906/runs/s5301/scenario_002/assembly_1/locate/output""]"
runs/s5301/scenario_002/assembly_2/locate/receipt.json	683636184a1573f20f66b14b8cc031e8fe1c56d74cf76c8c5a581030e06fa69b	locate	0.20063345786184072	23.671875	0.14499499999999999	0.014282	"[""/opt/homebrew/Caskroom/mambaforge/base/envs/tandemx-dev/bin/python"",""-m"",""tandemx.cli"",""locate"",""--assembly"",""/Volumes/T7/Codex/TandemX/results/abundance_localizer_development_v2_20260906/genomes/s5301/scenario_002/assembly_2.fa"",""--catalog"",""/Volumes/T7/Codex/TandemX/results/abundance_localizer_development_v2_20260906/genomes/s5301/scenario_002/catalogue.fa"",""--k"",""21"",""--identity-model"",""iid_base"",""--min-identity"",""0.9"",""--outdir"",""/Volumes/T7/Codex/TandemX/results/abundance_localizer_development_v2_20260906/runs/s5301/scenario_002/assembly_2/locate/output""]"
runs/s5301/scenario_002/assembly_3/locate/receipt.json	58358b767a77c95ea24d9eb37cc1c91a3fe1309f581506129c241e199b7db5fc	locate	0.19197037513367832	23.484375	0.128913	0.014645	"[""/opt/homebrew/Caskroom/mambaforge/base/envs/tandemx-dev/bin/python"",""-m"",""tandemx.cli"",""locate"",""--assembly"",""/Volumes/T7/Codex/TandemX/results/abundance_localizer_development_v2_20260906/genomes/s5301/scenario_002/assembly_3.fa"",""--catalog"",""/Volumes/T7/Codex/TandemX/results/abundance_localizer_development_v2_20260906/genomes/s5301/scenario_002/catalogue.fa"",""--k"",""21"",""--identity-model"",""iid_base"",""--min-identity"",""0.9"",""--outdir"",""/Volumes/T7/Codex/TandemX/results/abundance_localizer_development_v2_20260906/runs/s5301/scenario_002/assembly_3/locate/output""]"
runs/s5301/scenario_002/assembly_4/locate/receipt.json	47b26ee40c0ec587023a0ba482ff6132817fe3b7c33067524079758cf1cc929e	locate	0.17448700009845197	24.21875	0.11087999999999999	0.016214	"[""/opt/homebrew/Caskroom/mambaforge/base/envs/tandemx-dev/bin/python"",""-m"",""tandemx.cli"",""locate"",""--assembly"",""/Volumes/T7/Codex/TandemX/results/abundance_localizer_development_v2_20260906/genomes/s5301/scenario_002/assembly_4.fa"",""--catalog"",""/Volumes/T7/Codex/TandemX/results/abundance_localizer_development_v2_20260906/genomes/s5301/scenario_002/catalogue.fa"",""--k"",""21"",""--identity-model"",""iid_base"",""--min-identity"",""0.9"",""--outdir"",""/Volumes/T7/Codex/TandemX/results/abundance_localizer_development_v2_20260906/runs/s5301/scenario_002/assembly_4/locate/output""]"
runs/s5301/scenario_003/assembly_0/locate/receipt.json	324e024710e7fb2b2b5e4b56f0ceb52e21a9eb108de56351fc9a3bc2927c3c1b	locate	0.24640929116867483	24.171875	0.171339	0.015761999999999998	"[""/opt/homebrew/Caskroom/mambaforge/base/envs/tandemx-dev/bin/python"",""-m"",""tandemx.cli"",""locate"",""--assembly"",""/Volumes/T7/Codex/TandemX/results/abundance_localizer_development_v2_20260906/genomes/s5301/scenario_003/assembly_0.fa"",""--catalog"",""/Volumes/T7/Codex/TandemX/results/abundance_localizer_development_v2_20260906/genomes/s5301/scenario_003/catalogue.fa"",""--k"",""21"",""--identity-model"",""iid_base"",""--min-identity"",""0.9"",""--outdir"",""/Volumes/T7/Codex/TandemX/results/abundance_localizer_development_v2_20260906/runs/s5301/scenario_003/assembly_0/locate/output""]"
runs/s5301/scenario_003/assembly_1/locate/receipt.json	65802f6e89e72241a65a34995f765090fdab3ae3bea6063fa6a573332d3f4d85	locate	0.21737954090349376	23.875	0.154853	0.015165	"[""/opt/homebrew/Caskroom/mambaforge/base/envs/tandemx-dev/bin/python"",""-m"",""tandemx.cli"",""locate"",""--assembly"",""/Volumes/T7/Codex/TandemX/results/abundance_localizer_development_v2_20260906/genomes/s5301/scenario_003/assembly_1.fa"",""--catalog"",""/Volumes/T7/Codex/TandemX/results/abundance_localizer_development_v2_20260906/genomes/s5301/scenario_003/catalogue.fa"",""--k"",""21"",""--identity-model"",""iid_base"",""--min-identity"",""0.9"",""--outdir"",""/Volumes/T7/Codex/TandemX/results/abundance_localizer_development_v2_20260906/runs/s5301/scenario_003/assembly_1/locate/output""]"
runs/s5301/scenario_003/assembly_2/locate/receipt.json	b8b9b706effa4c76b0c79cfd888c5cd06ef220267e8d2c649fb2e05dc2a76673	locate	0.23276770790107548	25.078125	0.161302	0.023759	"[""/opt/homebrew/Caskroom/mambaforge/base/envs/tandemx-dev/bin/python"",""-m"",""tandemx.cli"",""locate"",""--assembly"",""/Volumes/T7/Codex/TandemX/results/abundance_localizer_development_v2_20260906/genomes/s5301/scenario_003/assembly_2.fa"",""--catalog"",""/Volumes/T7/Codex/TandemX/results/abundance_localizer_development_v2_20260906/genomes/s5301/scenario_003/catalogue.fa"",""--k"",""21"",""--identity-model"",""iid_base"",""--min-identity"",""0.9"",""--outdir"",""/Volumes/T7/Codex/TandemX/results/abundance_localizer_development_v2_20260906/runs/s5301/scenario_003/assembly_2/locate/output""]"
runs/s5301/scenario_003/assembly_3/locate/receipt.json	90bc89b563e129792a07ee34add04d7364e308b9927235a2c9b12d09b0a43c98	locate	0.19130720803514123	23.359375	0.122901	0.014752	"[""/opt/homebrew/Caskroom/mambaforge/base/envs/tandemx-dev/bin/python"",""-m"",""tandemx.cli"",""locate"",""--assembly"",""/Volumes/T7/Codex/TandemX/results/abundance_localizer_development_v2_20260906/genomes/s5301/scenario_003/assembly_3.fa"",""--catalog"",""/Volumes/T7/Codex/TandemX/results/abundance_localizer_development_v2_20260906/genomes/s5301/scenario_003/catalogue.fa"",""--k"",""21"",""--identity-model"",""iid_base"",""--min-identity"",""0.9"",""--outdir"",""/Volumes/T7/Codex/TandemX/results/abundance_localizer_development_v2_20260906/runs/s5301/scenario_003/assembly_3/locate/output""]"
runs/s5301/scenario_003/assembly_4/locate/receipt.json	c62f3aa5706213082adfceaf6f50fdfcd7ed31fa8846d55005236868d79989ba	locate	0.1747646660078317	24.3125	0.11098899999999999	0.015986	"[""/opt/homebrew/Caskroom/mambaforge/base/envs/tandemx-dev/bin/python"",""-m"",""tandemx.cli"",""locate"",""--assembly"",""/Volumes/T7/Codex/TandemX/results/abundance_localizer_development_v2_20260906/genomes/s5301/scenario_003/assembly_4.fa"",""--catalog"",""/Volumes/T7/Codex/TandemX/results/abundance_localizer_development_v2_20260906/genomes/s5301/scenario_003/catalogue.fa"",""--k"",""21"",""--identity-model"",""iid_base"",""--min-identity"",""0.9"",""--outdir"",""/Volumes/T7/Codex/TandemX/results/abundance_localizer_development_v2_20260906/runs/s5301/scenario_003/assembly_4/locate/output""]"
runs/s5301/scenario_004/assembly_0/locate/receipt.json	91f259b142551abbf30afa283a31c5d3eaa97c10f6d553e632d3a6590989daf4	locate	0.24055254203267395	24.125	0.171519	0.014884999999999999	"[""/opt/homebrew/Caskroom/mambaforge/base/envs/tandemx-dev/bin/python"",""-m"",""tandemx.cli"",""locate"",""--assembly"",""/Volumes/T7/Codex/TandemX/results/abundance_localizer_development_v2_20260906/genomes/s5301/scenario_004/assembly_0.fa"",""--catalog"",""/Volumes/T7/Codex/TandemX/results/abundance_localizer_development_v2_20260906/genomes/s5301/scenario_004/catalogue.fa"",""--k"",""21"",""--identity-model"",""iid_base"",""--min-identity"",""0.9"",""--outdir"",""/Volumes/T7/Codex/TandemX/results/abundance_localizer_development_v2_20260906/runs/s5301/scenario_004/assembly_0/locate/output""]"
runs/s5301/scenario_004/assembly_1/locate/receipt.json	744945dd27184c88ea0fef8d0e8890da8fc30fdb62d90501870ddd2d1ab866ba	locate	0.21498995809815824	24.203125	0.15881299999999998	0.014875999999999999	"[""/opt/homebrew/Caskroom/mambaforge/base/envs/tandemx-dev/bin/python"",""-m"",""tandemx.cli"",""locate"",""--assembly"",""/Volumes/T7/Codex/TandemX/results/abundance_localizer_development_v2_20260906/genomes/s5301/scenario_004/assembly_1.fa"",""--catalog"",""/Volumes/T7/Codex/TandemX/results/abundance_localizer_development_v2_20260906/genomes/s5301/scenario_004/catalogue.fa"",""--k"",""21"",""--identity-model"",""iid_base"",""--min-identity"",""0.9"",""--outdir"",""/Volumes/T7/Codex/TandemX/results/abundance_localizer_development_v2_20260906/runs/s5301/scenario_004/assembly_1/locate/output""]"
runs/s5301/scenario_004/assembly_2/locate/receipt.json	98d062d0e9bf4f93197ef472e3076578800dc7ee58e0e9e080d3afd546edf17d	locate	0.19945208285935223	24.140625	0.143518	0.015439	"[""/opt/homebrew/Caskroom/mambaforge/base/envs/tandemx-dev/bin/python"",""-m"",""tandemx.cli"",""locate"",""--assembly"",""/Volumes/T7/Codex/TandemX/results/abundance_localizer_development_v2_20260906/genomes/s5301/scenario_004/assembly_2.fa"",""--catalog"",""/Volumes/T7/Codex/TandemX/results/abundance_localizer_development_v2_20260906/genomes/s5301/scenario_004/catalogue.fa"",""--k"",""21"",""--identity-model"",""iid_base"",""--min-identity"",""0.9"",""--outdir"",""/Volumes/T7/Codex/TandemX/results/abundance_localizer_development_v2_20260906/runs/s5301/scenario_004/assembly_2/locate/output""]"
runs/s5301/scenario_004/assembly_3/locate/receipt.json	b4576f5f0a0767d8617483a9caa959d7fec364e91beb0b7517c897ff42c81d31	locate	0.19058104185387492	23.890625	0.125077	0.014877	"[""/opt/homebrew/Caskroom/mambaforge/base/envs/tandemx-dev/bin/python"",""-m"",""tandemx.cli"",""locate"",""--assembly"",""/Volumes/T7/Codex/TandemX/results/abundance_localizer_development_v2_20260906/genomes/s5301/scenario_004/assembly_3.fa"",""--catalog"",""/Volumes/T7/Codex/TandemX/results/abundance_localizer_development_v2_20260906/genomes/s5301/scenario_004/catalogue.fa"",""--k"",""21"",""--identity-model"",""iid_base"",""--min-identity"",""0.9"",""--outdir"",""/Volumes/T7/Codex/TandemX/results/abundance_localizer_development_v2_20260906/runs/s5301/scenario_004/assembly_3/locate/output""]"
runs/s5301/scenario_004/assembly_4/locate/receipt.json	55309c93ccd438e341034a6b187a2927d3db2b92c450d7f25567e17d0ed6ba4f	locate	0.17383583285845816	24.140625	0.11174999999999999	0.015403	"[""/opt/homebrew/Caskroom/mambaforge/base/envs/tandemx-dev/bin/python"",""-m"",""tandemx.cli"",""locate"",""--assembly"",""/Volumes/T7/Codex/TandemX/results/abundance_localizer_development_v2_20260906/genomes/s5301/scenario_004/assembly_4.fa"",""--catalog"",""/Volumes/T7/Codex/TandemX/results/abundance_localizer_development_v2_20260906/genomes/s5301/scenario_004/catalogue.fa"",""--k"",""21"",""--identity-model"",""iid_base"",""--min-identity"",""0.9"",""--outdir"",""/Volumes/T7/Codex/TandemX/results/abundance_localizer_development_v2_20260906/runs/s5301/scenario_004/assembly_4/locate/output""]"
runs/s5301/scenario_005/assembly_0/locate/receipt.json	ec6951e787c05e2e879da0082d3e6ad473f5fdc3ce8535d285bb2d9855377b39	locate	0.21846754220314324	24.15625	0.16615	0.014832	"[""/opt/homebrew/Caskroom/mambaforge/base/envs/tandemx-dev/bin/python"",""-m"",""tandemx.cli"",""locate"",""--assembly"",""/Volumes/T7/Codex/TandemX/results/abundance_localizer_development_v2_20260906/genomes/s5301/scenario_005/assembly_0.fa"",""--catalog"",""/Volumes/T7/Codex/TandemX/results/abundance_localizer_development_v2_20260906/genomes/s5301/scenario_005/catalogue.fa"",""--k"",""21"",""--identity-model"",""iid_base"",""--min-identity"",""0.9"",""--outdir"",""/Volumes/T7/Codex/TandemX/results/abundance_localizer_development_v2_20260906/runs/s5301/scenario_005/assembly_0/locate/output""]"
runs/s5301/scenario_005/assembly_1/locate/receipt.json	231236ca3eca0cd910351a62f3169660a007124ee5766ddf617d334187be35d7	locate	0.22780704102478921	24.4375	0.151729	0.014678	"[""/opt/homebrew/Caskroom/mambaforge/base/envs/tandemx-dev/bin/python"",""-m"",""tandemx.cli"",""locate"",""--assembly"",""/Volumes/T7/Codex/TandemX/results/abundance_localizer_development_v2_20260906/genomes/s5301/scenario_005/assembly_1.fa"",""--catalog"",""/Volumes/T7/Codex/TandemX/results/abundance_localizer_development_v2_20260906/genomes/s5301/scenario_005/catalogue.fa"",""--k"",""21"",""--identity-model"",""iid_base"",""--min-identity"",""0.9"",""--outdir"",""/Volumes/T7/Codex/TandemX/results/abundance_localizer_development_v2_20260906/runs/s5301/scenario_005/assembly_1/locate/output""]"
runs/s5301/scenario_005/assembly_2/locate/receipt.json	4b0a964c4836180311479b20470711faa7db4c5e085638c95ab1de1af2898e6c	locate	0.20096945785917342	24.21875	0.137702	0.015247	"[""/opt/homebrew/Caskroom/mambaforge/base/envs/tandemx-dev/bin/python"",""-m"",""tandemx.cli"",""locate"",""--assembly"",""/Volumes/T7/Codex/TandemX/results/abundance_localizer_development_v2_20260906/genomes/s5301/scenario_005/assembly_2.fa"",""--catalog"",""/Volumes/T7/Codex/TandemX/results/abundance_localizer_development_v2_20260906/genomes/s5301/scenario_005/catalogue.fa"",""--k"",""21"",""--identity-model"",""iid_base"",""--min-identity"",""0.9"",""--outdir"",""/Volumes/T7/Codex/TandemX/results/abundance_localizer_development_v2_20260906/runs/s5301/scenario_005/assembly_2/locate/output""]"
runs/s5301/scenario_005/assembly_3/locate/receipt.json	61f9adcc5b6f2ad83c8014f4fae415b67f89f2191f3f71ef3f4a9811135ef003	locate	0.17034954112023115	23.625	0.12541	0.014428	"[""/opt/homebrew/Caskroom/mambaforge/base/envs/tandemx-dev/bin/python"",""-m"",""tandemx.cli"",""locate"",""--assembly"",""/Volumes/T7/Codex/TandemX/results/abundance_localizer_development_v2_20260906/genomes/s5301/scenario_005/assembly_3.fa"",""--catalog"",""/Volumes/T7/Codex/TandemX/results/abundance_localizer_development_v2_20260906/genomes/s5301/scenario_005/catalogue.fa"",""--k"",""21"",""--identity-model"",""iid_base"",""--min-identity"",""0.9"",""--outdir"",""/Volumes/T7/Codex/TandemX/results/abundance_localizer_development_v2_20260906/runs/s5301/scenario_005/assembly_3/locate/output""]"
runs/s5301/scenario_005/assembly_4/locate/receipt.json	01ce8343307c415e7f442b8517fed9c371de4c66e90b1b627332118cc3c48a13	locate	0.16547187487594783	24.484375	0.113923	0.01539	"[""/opt/homebrew/Caskroom/mambaforge/base/envs/tandemx-dev/bin/python"",""-m"",""tandemx.cli"",""locate"",""--assembly"",""/Volumes/T7/Codex/TandemX/results/abundance_localizer_development_v2_20260906/genomes/s5301/scenario_005/assembly_4.fa"",""--catalog"",""/Volumes/T7/Codex/TandemX/results/abundance_localizer_development_v2_20260906/genomes/s5301/scenario_005/catalogue.fa"",""--k"",""21"",""--identity-model"",""iid_base"",""--min-identity"",""0.9"",""--outdir"",""/Volumes/T7/Codex/TandemX/results/abundance_localizer_development_v2_20260906/runs/s5301/scenario_005/assembly_4/locate/output""]"
runs/s5301/scenario_006/assembly_0/locate/receipt.json	069e40c1fe5a8f6aaffa7a5fd1e12b46d66b8ab0ea8be2128c6a920d490ef59a	locate	0.2393835410475731	24.703125	0.1696	0.015014	"[""/opt/homebrew/Caskroom/mambaforge/base/envs/tandemx-dev/bin/python"",""-m"",""tandemx.cli"",""locate"",""--assembly"",""/Volumes/T7/Codex/TandemX/results/abundance_localizer_development_v2_20260906/genomes/s5301/scenario_006/assembly_0.fa"",""--catalog"",""/Volumes/T7/Codex/TandemX/results/abundance_localizer_development_v2_20260906/genomes/s5301/scenario_006/catalogue.fa"",""--k"",""21"",""--identity-model"",""iid_base"",""--min-identity"",""0.9"",""--outdir"",""/Volumes/T7/Codex/TandemX/results/abundance_localizer_development_v2_20260906/runs/s5301/scenario_006/assembly_0/locate/output""]"
runs/s5301/scenario_006/assembly_1/locate/receipt.json	b0e299d32f7af6772d5b2e96338d639258c2c769652b6522ae6896a46578caa8	locate	0.22534341597929597	24.5	0.153494	0.014723	"[""/opt/homebrew/Caskroom/mambaforge/base/envs/tandemx-dev/bin/python"",""-m"",""tandemx.cli"",""locate"",""--assembly"",""/Volumes/T7/Codex/TandemX/results/abundance_localizer_development_v2_20260906/genomes/s5301/scenario_006/assembly_1.fa"",""--catalog"",""/Volumes/T7/Codex/TandemX/results/abundance_localizer_development_v2_20260906/genomes/s5301/scenario_006/catalogue.fa"",""--k"",""21"",""--identity-model"",""iid_base"",""--min-identity"",""0.9"",""--outdir"",""/Volumes/T7/Codex/TandemX/results/abundance_localizer_development_v2_20260906/runs/s5301/scenario_006/assembly_1/locate/output""]"
runs/s5301/scenario_006/assembly_2/locate/receipt.json	a50485bbdec1ce8c304b40531cdc9b9303588e9a0c529ca38c8750155bafa0bf	locate	0.22230558400042355	24.03125	0.14721099999999998	0.015508	"[""/opt/homebrew/Caskroom/mambaforge/base/envs/tandemx-dev/bin/python"",""-m"",""tandemx.cli"",""locate"",""--assembly"",""/Volumes/T7/Codex/TandemX/results/abundance_localizer_development_v2_20260906/genomes/s5301/scenario_006/assembly_2.fa"",""--catalog"",""/Volumes/T7/Codex/TandemX/results/abundance_localizer_development_v2_20260906/genomes/s5301/scenario_006/catalogue.fa"",""--k"",""21"",""--identity-model"",""iid_base"",""--min-identity"",""0.9"",""--outdir"",""/Volumes/T7/Codex/TandemX/results/abundance_localizer_development_v2_20260906/runs/s5301/scenario_006/assembly_2/locate/output""]"
runs/s5301/scenario_006/assembly_3/locate/receipt.json	4085fdc26cfdb57c723492c0b1fca9c7261c37854ab5403a833af656daf3ba0b	locate	0.19746829196810722	24.21875	0.12897	0.016679	"[""/opt/homebrew/Caskroom/mambaforge/base/envs/tandemx-dev/bin/python"",""-m"",""tandemx.cli"",""locate"",""--assembly"",""/Volumes/T7/Codex/TandemX/results/abundance_localizer_development_v2_20260906/genomes/s5301/scenario_006/assembly_3.fa"",""--catalog"",""/Volumes/T7/Codex/TandemX/results/abundance_localizer_development_v2_20260906/genomes/s5301/scenario_006/catalogue.fa"",""--k"",""21"",""--identity-model"",""iid_base"",""--min-identity"",""0.9"",""--outdir"",""/Volumes/T7/Codex/TandemX/results/abundance_localizer_development_v2_20260906/runs/s5301/scenario_006/assembly_3/locate/output""]"
runs/s5301/scenario_006/assembly_4/locate/receipt.json	ec08f05e683441f914ce0ffa6ebbc56e5d27a23425323f953b6019b4bc88d4f0	locate	0.17860837513580918	23.640625	0.109733	0.014485999999999999	"[""/opt/homebrew/Caskroom/mambaforge/base/envs/tandemx-dev/bin/python"",""-m"",""tandemx.cli"",""locate"",""--assembly"",""/Volumes/T7/Codex/TandemX/results/abundance_localizer_development_v2_20260906/genomes/s5301/scenario_006/assembly_4.fa"",""--catalog"",""/Volumes/T7/Codex/TandemX/results/abundance_localizer_development_v2_20260906/genomes/s5301/scenario_006/catalogue.fa"",""--k"",""21"",""--identity-model"",""iid_base"",""--min-identity"",""0.9"",""--outdir"",""/Volumes/T7/Codex/TandemX/results/abundance_localizer_development_v2_20260906/runs/s5301/scenario_006/assembly_4/locate/output""]"
runs/s5302/scenario_001/assembly_0/locate/receipt.json	0514fdf3d4a73616015faf598a21f2d9941d62f67654a8e0603217b53d3c172e	locate	0.23631279193796217	24.671875	0.180189	0.016267	"[""/opt/homebrew/Caskroom/mambaforge/base/envs/tandemx-dev/bin/python"",""-m"",""tandemx.cli"",""locate"",""--assembly"",""/Volumes/T7/Codex/TandemX/results/abundance_localizer_development_v2_20260906/genomes/s5302/scenario_001/assembly_0.fa"",""--catalog"",""/Volumes/T7/Codex/TandemX/results/abundance_localizer_development_v2_20260906/genomes/s5302/scenario_001/catalogue.fa"",""--k"",""21"",""--identity-model"",""iid_base"",""--min-identity"",""0.9"",""--outdir"",""/Volumes/T7/Codex/TandemX/results/abundance_localizer_development_v2_20260906/runs/s5302/scenario_001/assembly_0/locate/output""]"
runs/s5302/scenario_001/assembly_1/locate/receipt.json	4def47e33ae49c19da114230335b4e49426dc8ea940292f2e8d7876bbf871b42	locate	0.2201314999256283	24.359375	0.15828	0.014449	"[""/opt/homebrew/Caskroom/mambaforge/base/envs/tandemx-dev/bin/python"",""-m"",""tandemx.cli"",""locate"",""--assembly"",""/Volumes/T7/Codex/TandemX/results/abundance_localizer_development_v2_20260906/genomes/s5302/scenario_001/assembly_1.fa"",""--catalog"",""/Volumes/T7/Codex/TandemX/results/abundance_localizer_development_v2_20260906/genomes/s5302/scenario_001/catalogue.fa"",""--k"",""21"",""--identity-model"",""iid_base"",""--min-identity"",""0.9"",""--outdir"",""/Volumes/T7/Codex/TandemX/results/abundance_localizer_development_v2_20260906/runs/s5302/scenario_001/assembly_1/locate/output""]"
runs/s5302/scenario_001/assembly_2/locate/receipt.json	40f3c33d928beb211091283eed56c515e3c6686daa3ebb3fc48f22d7bddcd4f1	locate	0.2170218329411	24.109375	0.140873	0.014424	"[""/opt/homebrew/Caskroom/mambaforge/base/envs/tandemx-dev/bin/python"",""-m"",""tandemx.cli"",""locate"",""--assembly"",""/Volumes/T7/Codex/TandemX/results/abundance_localizer_development_v2_20260906/genomes/s5302/scenario_001/assembly_2.fa"",""--catalog"",""/Volumes/T7/Codex/TandemX/results/abundance_localizer_development_v2_20260906/genomes/s5302/scenario_001/catalogue.fa"",""--k"",""21"",""--identity-model"",""iid_base"",""--min-identity"",""0.9"",""--outdir"",""/Volumes/T7/Codex/TandemX/results/abundance_localizer_development_v2_20260906/runs/s5302/scenario_001/assembly_2/locate/output""]"
runs/s5302/scenario_001/assembly_3/locate/receipt.json	04b15d2749c47b331914ba1601b0cc76fca1939ac525cd028ab0208c238baacb	locate	0.19620462507009506	24.5625	0.126657	0.014908999999999999	"[""/opt/homebrew/Caskroom/mambaforge/base/envs/tandemx-dev/bin/python"",""-m"",""tandemx.cli"",""locate"",""--assembly"",""/Volumes/T7/Codex/TandemX/results/abundance_localizer_development_v2_20260906/genomes/s5302/scenario_001/assembly_3.fa"",""--catalog"",""/Volumes/T7/Codex/TandemX/results/abundance_localizer_development_v2_20260906/genomes/s5302/scenario_001/catalogue.fa"",""--k"",""21"",""--identity-model"",""iid_base"",""--min-identity"",""0.9"",""--outdir"",""/Volumes/T7/Codex/TandemX/results/abundance_localizer_development_v2_20260906/runs/s5302/scenario_001/assembly_3/locate/output""]"
runs/s5302/scenario_001/assembly_4/locate/receipt.json	42f7e66267ba037ef0727cdb301dece2fe59c33108a4bdf3e1f42b26d7495fc2	locate	0.1672737500630319	24.09375	0.10957399999999999	0.014731	"[""/opt/homebrew/Caskroom/mambaforge/base/envs/tandemx-dev/bin/python"",""-m"",""tandemx.cli"",""locate"",""--assembly"",""/Volumes/T7/Codex/TandemX/results/abundance_localizer_development_v2_20260906/genomes/s5302/scenario_001/assembly_4.fa"",""--catalog"",""/Volumes/T7/Codex/TandemX/results/abundance_localizer_development_v2_20260906/genomes/s5302/scenario_001/catalogue.fa"",""--k"",""21"",""--identity-model"",""iid_base"",""--min-identity"",""0.9"",""--outdir"",""/Volumes/T7/Codex/TandemX/results/abundance_localizer_development_v2_20260906/runs/s5302/scenario_001/assembly_4/locate/output""]"
runs/s5302/scenario_002/assembly_0/locate/receipt.json	31f305d04956b99a85519546552bd68922501b9f1ba28df10093541556ae1fe9	locate	0.2458225421141833	24.390625	0.17868599999999998	0.014851	"[""/opt/homebrew/Caskroom/mambaforge/base/envs/tandemx-dev/bin/python"",""-m"",""tandemx.cli"",""locate"",""--assembly"",""/Volumes/T7/Codex/TandemX/results/abundance_localizer_development_v2_20260906/genomes/s5302/scenario_002/assembly_0.fa"",""--catalog"",""/Volumes/T7/Codex/TandemX/results/abundance_localizer_development_v2_20260906/genomes/s5302/scenario_002/catalogue.fa"",""--k"",""21"",""--identity-model"",""iid_base"",""--min-identity"",""0.9"",""--outdir"",""/Volumes/T7/Codex/TandemX/results/abundance_localizer_development_v2_20260906/runs/s5302/scenario_002/assembly_0/locate/output""]"
runs/s5302/scenario_002/assembly_1/locate/receipt.json	c46a8a6be09535ced5e34c0aedf3697c99469e36abd5e80735453ebe4268d9d8	locate	0.22622624994255602	24.203125	0.159625	0.014449	"[""/opt/homebrew/Caskroom/mambaforge/base/envs/tandemx-dev/bin/python"",""-m"",""tandemx.cli"",""locate"",""--assembly"",""/Volumes/T7/Codex/TandemX/results/abundance_localizer_development_v2_20260906/genomes/s5302/scenario_002/assembly_1.fa"",""--catalog"",""/Volumes/T7/Codex/TandemX/results/abundance_localizer_development_v2_20260906/genomes/s5302/scenario_002/catalogue.fa"",""--k"",""21"",""--identity-model"",""iid_base"",""--min-identity"",""0.9"",""--outdir"",""/Volumes/T7/Codex/TandemX/results/abundance_localizer_development_v2_20260906/runs/s5302/scenario_002/assembly_1/locate/output""]"
runs/s5302/scenario_002/assembly_2/locate/receipt.json	633ee8a01957355635e68f88a9d60ac6e56bd5653fbd1dc49bf7ac78f72f110e	locate	0.20353066711686552	24.25	0.145339	0.014395999999999999	"[""/opt/homebrew/Caskroom/mambaforge/base/envs/tandemx-dev/bin/python"",""-m"",""tandemx.cli"",""locate"",""--assembly"",""/Volumes/T7/Codex/TandemX/results/abundance_localizer_development_v2_20260906/genomes/s5302/scenario_002/assembly_2.fa"",""--catalog"",""/Volumes/T7/Codex/TandemX/results/abundance_localizer_development_v2_20260906/genomes/s5302/scenario_002/catalogue.fa"",""--k"",""21"",""--identity-model"",""iid_base"",""--min-identity"",""0.9"",""--outdir"",""/Volumes/T7/Codex/TandemX/results/abundance_localizer_development_v2_20260906/runs/s5302/scenario_002/assembly_2/locate/output""]"
runs/s5302/scenario_002/assembly_3/locate/receipt.json	3dcebc946ad521df6bb8ac7c57c7236b5256f4792ba2b4e14e188c7fede4fd4f	locate	0.19472762499935925	24.203125	0.128437	0.014617999999999999	"[""/opt/homebrew/Caskroom/mambaforge/base/envs/tandemx-dev/bin/python"",""-m"",""tandemx.cli"",""locate"",""--assembly"",""/Volumes/T7/Codex/TandemX/results/abundance_localizer_development_v2_20260906/genomes/s5302/scenario_002/assembly_3.fa"",""--catalog"",""/Volumes/T7/Codex/TandemX/results/abundance_localizer_development_v2_20260906/genomes/s5302/scenario_002/catalogue.fa"",""--k"",""21"",""--identity-model"",""iid_base"",""--min-identity"",""0.9"",""--outdir"",""/Volumes/T7/Codex/TandemX/results/abundance_localizer_development_v2_20260906/runs/s5302/scenario_002/assembly_3/locate/output""]"
runs/s5302/scenario_002/assembly_4/locate/receipt.json	285255bdd8e68b19cb85423861c754387af381799ea53735acdc7644e77683ed	locate	0.17439399985596538	23.8125	0.106149	0.014119	"[""/opt/homebrew/Caskroom/mambaforge/base/envs/tandemx-dev/bin/python"",""-m"",""tandemx.cli"",""locate"",""--assembly"",""/Volumes/T7/Codex/TandemX/results/abundance_localizer_development_v2_20260906/genomes/s5302/scenario_002/assembly_4.fa"",""--catalog"",""/Volumes/T7/Codex/TandemX/results/abundance_localizer_development_v2_20260906/genomes/s5302/scenario_002/catalogue.fa"",""--k"",""21"",""--identity-model"",""iid_base"",""--min-identity"",""0.9"",""--outdir"",""/Volumes/T7/Codex/TandemX/results/abundance_localizer_development_v2_20260906/runs/s5302/scenario_002/assembly_4/locate/output""]"
runs/s5302/scenario_003/assembly_0/locate/receipt.json	e54d3f00b5587749c3d004c3a6eea7168aaa3f74c43cdcd63c39221def4dfcba	locate	0.22473166696727276	24.703125	0.169431	0.014404	"[""/opt/homebrew/Caskroom/mambaforge/base/envs/tandemx-dev/bin/python"",""-m"",""tandemx.cli"",""locate"",""--assembly"",""/Volumes/T7/Codex/TandemX/results/abundance_localizer_development_v2_20260906/genomes/s5302/scenario_003/assembly_0.fa"",""--catalog"",""/Volumes/T7/Codex/TandemX/results/abundance_localizer_development_v2_20260906/genomes/s5302/scenario_003/catalogue.fa"",""--k"",""21"",""--identity-model"",""iid_base"",""--min-identity"",""0.9"",""--outdir"",""/Volumes/T7/Codex/TandemX/results/abundance_localizer_development_v2_20260906/runs/s5302/scenario_003/assembly_0/locate/output""]"
runs/s5302/scenario_003/assembly_1/locate/receipt.json	5e19e1b2dea7d5930ba9e886b2612065ed5d1622f709081f1d3efd7a65a5d9fb	locate	0.21887858305126429	23.875	0.154612	0.013901	"[""/opt/homebrew/Caskroom/mambaforge/base/envs/tandemx-dev/bin/python"",""-m"",""tandemx.cli"",""locate"",""--assembly"",""/Volumes/T7/Codex/TandemX/results/abundance_localizer_development_v2_20260906/genomes/s5302/scenario_003/assembly_1.fa"",""--catalog"",""/Volumes/T7/Codex/TandemX/results/abundance_localizer_development_v2_20260906/genomes/s5302/scenario_003/catalogue.fa"",""--k"",""21"",""--identity-model"",""iid_base"",""--min-identity"",""0.9"",""--outdir"",""/Volumes/T7/Codex/TandemX/results/abundance_localizer_development_v2_20260906/runs/s5302/scenario_003/assembly_1/locate/output""]"
runs/s5302/scenario_003/assembly_2/locate/receipt.json	d5ebb1e4b38d9cd12e60955af975822a516c490bdac3319922ea45aba48db6bc	locate	0.22066408302634954	24.203125	0.14312	0.015146999999999999	"[""/opt/homebrew/Caskroom/mambaforge/base/envs/tandemx-dev/bin/python"",""-m"",""tandemx.cli"",""locate"",""--assembly"",""/Volumes/T7/Codex/TandemX/results/abundance_localizer_development_v2_20260906/genomes/s5302/scenario_003/assembly_2.fa"",""--catalog"",""/Volumes/T7/Codex/TandemX/results/abundance_localizer_development_v2_20260906/genomes/s5302/scenario_003/catalogue.fa"",""--k"",""21"",""--identity-model"",""iid_base"",""--min-identity"",""0.9"",""--outdir"",""/Volumes/T7/Codex/TandemX/results/abundance_localizer_development_v2_20260906/runs/s5302/scenario_003/assembly_2/locate/output""]"
runs/s5302/scenario_003/assembly_3/locate/receipt.json	0b79fb59645fd487fe96e40e99cda0cf90b4eea823bc69a5a9f26986430d12f7	locate	0.2019663332030177	23.921875	0.13100299999999998	0.017396	"[""/opt/homebrew/Caskroom/mambaforge/base/envs/tandemx-dev/bin/python"",""-m"",""tandemx.cli"",""locate"",""--assembly"",""/Volumes/T7/Codex/TandemX/results/abundance_localizer_development_v2_20260906/genomes/s5302/scenario_003/assembly_3.fa"",""--catalog"",""/Volumes/T7/Codex/TandemX/results/abundance_localizer_development_v2_20260906/genomes/s5302/scenario_003/catalogue.fa"",""--k"",""21"",""--identity-model"",""iid_base"",""--min-identity"",""0.9"",""--outdir"",""/Volumes/T7/Codex/TandemX/results/abundance_localizer_development_v2_20260906/runs/s5302/scenario_003/assembly_3/locate/output""]"
runs/s5302/scenario_003/assembly_4/locate/receipt.json	82b2de115027fcdcea31c3dedb250b5c1dbb602dde0b079d972f16e838829c99	locate	0.17946666618809104	23.71875	0.106843	0.014452999999999999	"[""/opt/homebrew/Caskroom/mambaforge/base/envs/tandemx-dev/bin/python"",""-m"",""tandemx.cli"",""locate"",""--assembly"",""/Volumes/T7/Codex/TandemX/results/abundance_localizer_development_v2_20260906/genomes/s5302/scenario_003/assembly_4.fa"",""--catalog"",""/Volumes/T7/Codex/TandemX/results/abundance_localizer_development_v2_20260906/genomes/s5302/scenario_003/catalogue.fa"",""--k"",""21"",""--identity-model"",""iid_base"",""--min-identity"",""0.9"",""--outdir"",""/Volumes/T7/Codex/TandemX/results/abundance_localizer_development_v2_20260906/runs/s5302/scenario_003/assembly_4/locate/output""]"
runs/s5302/scenario_004/assembly_0/locate/receipt.json	c55dd4e31e6c7a32750c3f11fc02359393c00a73e5e8507a4b084344ea012520	locate	0.24195887497626245	24.3125	0.171085	0.015047	"[""/opt/homebrew/Caskroom/mambaforge/base/envs/tandemx-dev/bin/python"",""-m"",""tandemx.cli"",""locate"",""--assembly"",""/Volumes/T7/Codex/TandemX/results/abundance_localizer_development_v2_20260906/genomes/s5302/scenario_004/assembly_0.fa"",""--catalog"",""/Volumes/T7/Codex/TandemX/results/abundance_localizer_development_v2_20260906/genomes/s5302/scenario_004/catalogue.fa"",""--k"",""21"",""--identity-model"",""iid_base"",""--min-identity"",""0.9"",""--outdir"",""/Volumes/T7/Codex/TandemX/results/abundance_localizer_development_v2_20260906/runs/s5302/scenario_004/assembly_0/locate/output""]"
runs/s5302/scenario_004/assembly_1/locate/receipt.json	60e4302c78c31ae50f94f6dd946a43d0358c3ba73030d88d35706260e177ad93	locate	0.23825104185380042	25.09375	0.165562	0.016146999999999998	"[""/opt/homebrew/Caskroom/mambaforge/base/envs/tandemx-dev/bin/python"",""-m"",""tandemx.cli"",""locate"",""--assembly"",""/Volumes/T7/Codex/TandemX/results/abundance_localizer_development_v2_20260906/genomes/s5302/scenario_004/assembly_1.fa"",""--catalog"",""/Volumes/T7/Codex/TandemX/results/abundance_localizer_development_v2_20260906/genomes/s5302/scenario_004/catalogue.fa"",""--k"",""21"",""--identity-model"",""iid_base"",""--min-identity"",""0.9"",""--outdir"",""/Volumes/T7/Codex/TandemX/results/abundance_localizer_development_v2_20260906/runs/s5302/scenario_004/assembly_1/locate/output""]"
runs/s5302/scenario_004/assembly_2/locate/receipt.json	af1783ae1d5b85d1de7486be776318f6573e5b91208f758438f0b1ab427677d6	locate	0.21952229202724993	24.25	0.14252599999999999	0.015054	"[""/opt/homebrew/Caskroom/mambaforge/base/envs/tandemx-dev/bin/python"",""-m"",""tandemx.cli"",""locate"",""--assembly"",""/Volumes/T7/Codex/TandemX/results/abundance_localizer_development_v2_20260906/genomes/s5302/scenario_004/assembly_2.fa"",""--catalog"",""/Volumes/T7/Codex/TandemX/results/abundance_localizer_development_v2_20260906/genomes/s5302/scenario_004/catalogue.fa"",""--k"",""21"",""--identity-model"",""iid_base"",""--min-identity"",""0.9"",""--outdir"",""/Volumes/T7/Codex/TandemX/results/abundance_localizer_development_v2_20260906/runs/s5302/scenario_004/assembly_2/locate/output""]"
runs/s5302/scenario_004/assembly_3/locate/receipt.json	3c8114aad3ea2f686229f0ad5eb7a528ffc197a1c87eb9a653303d1a64cf6203	locate	0.1753488341346383	24.03125	0.125104	0.014483	"[""/opt/homebrew/Caskroom/mambaforge/base/envs/tandemx-dev/bin/python"",""-m"",""tandemx.cli"",""locate"",""--assembly"",""/Volumes/T7/Codex/TandemX/results/abundance_localizer_development_v2_20260906/genomes/s5302/scenario_004/assembly_3.fa"",""--catalog"",""/Volumes/T7/Codex/TandemX/results/abundance_localizer_development_v2_20260906/genomes/s5302/scenario_004/catalogue.fa"",""--k"",""21"",""--identity-model"",""iid_base"",""--min-identity"",""0.9"",""--outdir"",""/Volumes/T7/Codex/TandemX/results/abundance_localizer_development_v2_20260906/runs/s5302/scenario_004/assembly_3/locate/output""]"
runs/s5302/scenario_004/assembly_4/locate/receipt.json	0228e781bc40eff4f183339edf26fa5dd873fe781f60e5fa1b244f5159b8b1a7	locate	0.1747912501450628	23.96875	0.107663	0.014105999999999999	"[""/opt/homebrew/Caskroom/mambaforge/base/envs/tandemx-dev/bin/python"",""-m"",""tandemx.cli"",""locate"",""--assembly"",""/Volumes/T7/Codex/TandemX/results/abundance_localizer_development_v2_20260906/genomes/s5302/scenario_004/assembly_4.fa"",""--catalog"",""/Volumes/T7/Codex/TandemX/results/abundance_localizer_development_v2_20260906/genomes/s5302/scenario_004/catalogue.fa"",""--k"",""21"",""--identity-model"",""iid_base"",""--min-identity"",""0.9"",""--outdir"",""/Volumes/T7/Codex/TandemX/results/abundance_localizer_development_v2_20260906/runs/s5302/scenario_004/assembly_4/locate/output""]"
runs/s5302/scenario_005/assembly_0/locate/receipt.json	17b1b8b0e1cbb240f90698769db68c960f71925a053a3ff07154b26162304d37	locate	0.21676516602747142	24.484375	0.163826	0.014065	"[""/opt/homebrew/Caskroom/mambaforge/base/envs/tandemx-dev/bin/python"",""-m"",""tandemx.cli"",""locate"",""--assembly"",""/Volumes/T7/Codex/TandemX/results/abundance_localizer_development_v2_20260906/genomes/s5302/scenario_005/assembly_0.fa"",""--catalog"",""/Volumes/T7/Codex/TandemX/results/abundance_localizer_development_v2_20260906/genomes/s5302/scenario_005/catalogue.fa"",""--k"",""21"",""--identity-model"",""iid_base"",""--min-identity"",""0.9"",""--outdir"",""/Volumes/T7/Codex/TandemX/results/abundance_localizer_development_v2_20260906/runs/s5302/scenario_005/assembly_0/locate/output""]"
runs/s5302/scenario_005/assembly_1/locate/receipt.json	eb3b755ad529d4662e6dd0d0df1ae22787242a15b84ad50f9183cef949434b13	locate	0.21759499981999397	24.1875	0.150382	0.014641	"[""/opt/homebrew/Caskroom/mambaforge/base/envs/tandemx-dev/bin/python"",""-m"",""tandemx.cli"",""locate"",""--assembly"",""/Volumes/T7/Codex/TandemX/results/abundance_localizer_development_v2_20260906/genomes/s5302/scenario_005/assembly_1.fa"",""--catalog"",""/Volumes/T7/Codex/TandemX/results/abundance_localizer_development_v2_20260906/genomes/s5302/scenario_005/catalogue.fa"",""--k"",""21"",""--identity-model"",""iid_base"",""--min-identity"",""0.9"",""--outdir"",""/Volumes/T7/Codex/TandemX/results/abundance_localizer_development_v2_20260906/runs/s5302/scenario_005/assembly_1/locate/output""]"
runs/s5302/scenario_005/assembly_2/locate/receipt.json	6768246f264526476cfcf0dc05946acb022bfcfb240454265009df1e0b0682c0	locate	0.1981991659849882	24.140625	0.13907999999999998	0.014407999999999999	"[""/opt/homebrew/Caskroom/mambaforge/base/envs/tandemx-dev/bin/python"",""-m"",""tandemx.cli"",""locate"",""--assembly"",""/Volumes/T7/Codex/TandemX/results/abundance_localizer_development_v2_20260906/genomes/s5302/scenario_005/assembly_2.fa"",""--catalog"",""/Volumes/T7/Codex/TandemX/results/abundance_localizer_development_v2_20260906/genomes/s5302/scenario_005/catalogue.fa"",""--k"",""21"",""--identity-model"",""iid_base"",""--min-identity"",""0.9"",""--outdir"",""/Volumes/T7/Codex/TandemX/results/abundance_localizer_development_v2_20260906/runs/s5302/scenario_005/assembly_2/locate/output""]"
runs/s5302/scenario_005/assembly_3/locate/receipt.json	e6f1e8e103e098d337109af0b2d2dadd6e29e5a127e13180648ea35dbf153f87	locate	0.1939292079769075	24.09375	0.12161899999999999	0.014135	"[""/opt/homebrew/Caskroom/mambaforge/base/envs/tandemx-dev/bin/python"",""-m"",""tandemx.cli"",""locate"",""--assembly"",""/Volumes/T7/Codex/TandemX/results/abundance_localizer_development_v2_20260906/genomes/s5302/scenario_005/assembly_3.fa"",""--catalog"",""/Volumes/T7/Codex/TandemX/results/abundance_localizer_development_v2_20260906/genomes/s5302/scenario_005/catalogue.fa"",""--k"",""21"",""--identity-model"",""iid_base"",""--min-identity"",""0.9"",""--outdir"",""/Volumes/T7/Codex/TandemX/results/abundance_localizer_development_v2_20260906/runs/s5302/scenario_005/assembly_3/locate/output""]"
runs/s5302/scenario_005/assembly_4/locate/receipt.json	2c15571c9c330d5221ef68531d50f71f5d12c8b431ac09eeb758d5ea89442095	locate	0.17654899996705353	23.859375	0.10754599999999999	0.014072999999999999	"[""/opt/homebrew/Caskroom/mambaforge/base/envs/tandemx-dev/bin/python"",""-m"",""tandemx.cli"",""locate"",""--assembly"",""/Volumes/T7/Codex/TandemX/results/abundance_localizer_development_v2_20260906/genomes/s5302/scenario_005/assembly_4.fa"",""--catalog"",""/Volumes/T7/Codex/TandemX/results/abundance_localizer_development_v2_20260906/genomes/s5302/scenario_005/catalogue.fa"",""--k"",""21"",""--identity-model"",""iid_base"",""--min-identity"",""0.9"",""--outdir"",""/Volumes/T7/Codex/TandemX/results/abundance_localizer_development_v2_20260906/runs/s5302/scenario_005/assembly_4/locate/output""]"
runs/s5302/scenario_006/assembly_0/locate/receipt.json	b828875d3261a2a9e21d25da563259a1348a094214fe6e591383b24f08d7ce0b	locate	0.2247186249587685	24.234375	0.165647	0.014162	"[""/opt/homebrew/Caskroom/mambaforge/base/envs/tandemx-dev/bin/python"",""-m"",""tandemx.cli"",""locate"",""--assembly"",""/Volumes/T7/Codex/TandemX/results/abundance_localizer_development_v2_20260906/genomes/s5302/scenario_006/assembly_0.fa"",""--catalog"",""/Volumes/T7/Codex/TandemX/results/abundance_localizer_development_v2_20260906/genomes/s5302/scenario_006/catalogue.fa"",""--k"",""21"",""--identity-model"",""iid_base"",""--min-identity"",""0.9"",""--outdir"",""/Volumes/T7/Codex/TandemX/results/abundance_localizer_development_v2_20260906/runs/s5302/scenario_006/assembly_0/locate/output""]"
runs/s5302/scenario_006/assembly_1/locate/receipt.json	61181edfad7cf0a8cc4586205351f63dc4ef04e863d06c4a0e53ba42bf227efc	locate	0.2194267911836505	24.4375	0.151562	0.014407	"[""/opt/homebrew/Caskroom/mambaforge/base/envs/tandemx-dev/bin/python"",""-m"",""tandemx.cli"",""locate"",""--assembly"",""/Volumes/T7/Codex/TandemX/results/abundance_localizer_development_v2_20260906/genomes/s5302/scenario_006/assembly_1.fa"",""--catalog"",""/Volumes/T7/Codex/TandemX/results/abundance_localizer_development_v2_20260906/genomes/s5302/scenario_006/catalogue.fa"",""--k"",""21"",""--identity-model"",""iid_base"",""--min-identity"",""0.9"",""--outdir"",""/Volumes/T7/Codex/TandemX/results/abundance_localizer_development_v2_20260906/runs/s5302/scenario_006/assembly_1/locate/output""]"
runs/s5302/scenario_006/assembly_2/locate/receipt.json	374c49de58036e12349bed93c823da52c680c177897f8415e9850fac1d12cffd	locate	0.19577408279292285	24.28125	0.13980599999999999	0.014237999999999999	"[""/opt/homebrew/Caskroom/mambaforge/base/envs/tandemx-dev/bin/python"",""-m"",""tandemx.cli"",""locate"",""--assembly"",""/Volumes/T7/Codex/TandemX/results/abundance_localizer_development_v2_20260906/genomes/s5302/scenario_006/assembly_2.fa"",""--catalog"",""/Volumes/T7/Codex/TandemX/results/abundance_localizer_development_v2_20260906/genomes/s5302/scenario_006/catalogue.fa"",""--k"",""21"",""--identity-model"",""iid_base"",""--min-identity"",""0.9"",""--outdir"",""/Volumes/T7/Codex/TandemX/results/abundance_localizer_development_v2_20260906/runs/s5302/scenario_006/assembly_2/locate/output""]"
runs/s5302/scenario_006/assembly_3/locate/receipt.json	e9252a09b586382503806162d9fc9bcc1994096a3f01f689a1de1805f557842d	locate	0.18885649996809661	24.375	0.123667	0.014098	"[""/opt/homebrew/Caskroom/mambaforge/base/envs/tandemx-dev/bin/python"",""-m"",""tandemx.cli"",""locate"",""--assembly"",""/Volumes/T7/Codex/TandemX/results/abundance_localizer_development_v2_20260906/genomes/s5302/scenario_006/assembly_3.fa"",""--catalog"",""/Volumes/T7/Codex/TandemX/results/abundance_localizer_development_v2_20260906/genomes/s5302/scenario_006/catalogue.fa"",""--k"",""21"",""--identity-model"",""iid_base"",""--min-identity"",""0.9"",""--outdir"",""/Volumes/T7/Codex/TandemX/results/abundance_localizer_development_v2_20260906/runs/s5302/scenario_006/assembly_3/locate/output""]"
runs/s5302/scenario_006/assembly_4/locate/receipt.json	201be1d347c3f20e7ed152de9e4fd12b509b0c61553c7b779216aa4e4f19382f	locate	0.17866516602225602	23.96875	0.10722899999999999	0.013828	"[""/opt/homebrew/Caskroom/mambaforge/base/envs/tandemx-dev/bin/python"",""-m"",""tandemx.cli"",""locate"",""--assembly"",""/Volumes/T7/Codex/TandemX/results/abundance_localizer_development_v2_20260906/genomes/s5302/scenario_006/assembly_4.fa"",""--catalog"",""/Volumes/T7/Codex/TandemX/results/abundance_localizer_development_v2_20260906/genomes/s5302/scenario_006/catalogue.fa"",""--k"",""21"",""--identity-model"",""iid_base"",""--min-identity"",""0.9"",""--outdir"",""/Volumes/T7/Codex/TandemX/results/abundance_localizer_development_v2_20260906/runs/s5302/scenario_006/assembly_4/locate/output""]"
runs/s5303/scenario_001/assembly_0/locate/receipt.json	6f8bf46cf3b5c0d22276aa794e7669bbe0dcb2dc192d65ce36494a1c7e46b1f6	locate	0.2500152909196913	24.15625	0.181194	0.014818	"[""/opt/homebrew/Caskroom/mambaforge/base/envs/tandemx-dev/bin/python"",""-m"",""tandemx.cli"",""locate"",""--assembly"",""/Volumes/T7/Codex/TandemX/results/abundance_localizer_development_v2_20260906/genomes/s5303/scenario_001/assembly_0.fa"",""--catalog"",""/Volumes/T7/Codex/TandemX/results/abundance_localizer_development_v2_20260906/genomes/s5303/scenario_001/catalogue.fa"",""--k"",""21"",""--identity-model"",""iid_base"",""--min-identity"",""0.9"",""--outdir"",""/Volumes/T7/Codex/TandemX/results/abundance_localizer_development_v2_20260906/runs/s5303/scenario_001/assembly_0/locate/output""]"
runs/s5303/scenario_001/assembly_1/locate/receipt.json	f06821dd3bf14e610f35085e3b178ff4884d8045596a4744997b441b6d8be7ab	locate	0.22569395811297	23.984375	0.159805	0.015125	"[""/opt/homebrew/Caskroom/mambaforge/base/envs/tandemx-dev/bin/python"",""-m"",""tandemx.cli"",""locate"",""--assembly"",""/Volumes/T7/Codex/TandemX/results/abundance_localizer_development_v2_20260906/genomes/s5303/scenario_001/assembly_1.fa"",""--catalog"",""/Volumes/T7/Codex/TandemX/results/abundance_localizer_development_v2_20260906/genomes/s5303/scenario_001/catalogue.fa"",""--k"",""21"",""--identity-model"",""iid_base"",""--min-identity"",""0.9"",""--outdir"",""/Volumes/T7/Codex/TandemX/results/abundance_localizer_development_v2_20260906/runs/s5303/scenario_001/assembly_1/locate/output""]"
runs/s5303/scenario_001/assembly_2/locate/receipt.json	cd5aa842b9d980f4157332fb7d0c84e7d280cdeddb5d329898632989ecdbd92d	locate	0.21068274998106062	23.734375	0.147256	0.015715	"[""/opt/homebrew/Caskroom/mambaforge/base/envs/tandemx-dev/bin/python"",""-m"",""tandemx.cli"",""locate"",""--assembly"",""/Volumes/T7/Codex/TandemX/results/abundance_localizer_development_v2_20260906/genomes/s5303/scenario_001/assembly_2.fa"",""--catalog"",""/Volumes/T7/Codex/TandemX/results/abundance_localizer_development_v2_20260906/genomes/s5303/scenario_001/catalogue.fa"",""--k"",""21"",""--identity-model"",""iid_base"",""--min-identity"",""0.9"",""--outdir"",""/Volumes/T7/Codex/TandemX/results/abundance_localizer_development_v2_20260906/runs/s5303/scenario_001/assembly_2/locate/output""]"
runs/s5303/scenario_001/assembly_3/locate/receipt.json	12215c0697f2f7784ad2c14a88f0f3de17d2e9ca55ef0e19b11bf565e234971d	locate	0.17610225011594594	24.015625	0.127069	0.014246	"[""/opt/homebrew/Caskroom/mambaforge/base/envs/tandemx-dev/bin/python"",""-m"",""tandemx.cli"",""locate"",""--assembly"",""/Volumes/T7/Codex/TandemX/results/abundance_localizer_development_v2_20260906/genomes/s5303/scenario_001/assembly_3.fa"",""--catalog"",""/Volumes/T7/Codex/TandemX/results/abundance_localizer_development_v2_20260906/genomes/s5303/scenario_001/catalogue.fa"",""--k"",""21"",""--identity-model"",""iid_base"",""--min-identity"",""0.9"",""--outdir"",""/Volumes/T7/Codex/TandemX/results/abundance_localizer_development_v2_20260906/runs/s5303/scenario_001/assembly_3/locate/output""]"
runs/s5303/scenario_001/assembly_4/locate/receipt.json	e81e37d2a15621638c8e7adcef64ced0c16b62b40cc484aecbbca4ac52bcde48	locate	0.17297420790418983	23.84375	0.109483	0.015377	"[""/opt/homebrew/Caskroom/mambaforge/base/envs/tandemx-dev/bin/python"",""-m"",""tandemx.cli"",""locate"",""--assembly"",""/Volumes/T7/Codex/TandemX/results/abundance_localizer_development_v2_20260906/genomes/s5303/scenario_001/assembly_4.fa"",""--catalog"",""/Volumes/T7/Codex/TandemX/results/abundance_localizer_development_v2_20260906/genomes/s5303/scenario_001/catalogue.fa"",""--k"",""21"",""--identity-model"",""iid_base"",""--min-identity"",""0.9"",""--outdir"",""/Volumes/T7/Codex/TandemX/results/abundance_localizer_development_v2_20260906/runs/s5303/scenario_001/assembly_4/locate/output""]"
runs/s5303/scenario_002/assembly_0/locate/receipt.json	efa3631e97ffc449dcef00181f3fc5781f318df71f3ead98d3ffacbb8dd49eab	locate	0.24472554097883403	24.5625	0.178124	0.014492	"[""/opt/homebrew/Caskroom/mambaforge/base/envs/tandemx-dev/bin/python"",""-m"",""tandemx.cli"",""locate"",""--assembly"",""/Volumes/T7/Codex/TandemX/results/abundance_localizer_development_v2_20260906/genomes/s5303/scenario_002/assembly_0.fa"",""--catalog"",""/Volumes/T7/Codex/TandemX/results/abundance_localizer_development_v2_20260906/genomes/s5303/scenario_002/catalogue.fa"",""--k"",""21"",""--identity-model"",""iid_base"",""--min-identity"",""0.9"",""--outdir"",""/Volumes/T7/Codex/TandemX/results/abundance_localizer_development_v2_20260906/runs/s5303/scenario_002/assembly_0/locate/output""]"
runs/s5303/scenario_002/assembly_1/locate/receipt.json	3be18a87bb4e9f8fcdeaa4a7bc4077753fccd66ae5af49454dc88a26eb5b9316	locate	0.21872374997474253	24.46875	0.166871	0.015316999999999999	"[""/opt/homebrew/Caskroom/mambaforge/base/envs/tandemx-dev/bin/python"",""-m"",""tandemx.cli"",""locate"",""--assembly"",""/Volumes/T7/Codex/TandemX/results/abundance_localizer_development_v2_20260906/genomes/s5303/scenario_002/assembly_1.fa"",""--catalog"",""/Volumes/T7/Codex/TandemX/results/abundance_localizer_development_v2_20260906/genomes/s5303/scenario_002/catalogue.fa"",""--k"",""21"",""--identity-model"",""iid_base"",""--min-identity"",""0.9"",""--outdir"",""/Volumes/T7/Codex/TandemX/results/abundance_localizer_development_v2_20260906/runs/s5303/scenario_002/assembly_1/locate/output""]"
runs/s5303/scenario_002/assembly_2/locate/receipt.json	779f90cc905e7ae2daaa0a5d5222b4c16386b5f276ebf4d388069b013c7163cf	locate	0.1984131659846753	24.453125	0.144866	0.014659	"[""/opt/homebrew/Caskroom/mambaforge/base/envs/tandemx-dev/bin/python"",""-m"",""tandemx.cli"",""locate"",""--assembly"",""/Volumes/T7/Codex/TandemX/results/abundance_localizer_development_v2_20260906/genomes/s5303/scenario_002/assembly_2.fa"",""--catalog"",""/Volumes/T7/Codex/TandemX/results/abundance_localizer_development_v2_20260906/genomes/s5303/scenario_002/catalogue.fa"",""--k"",""21"",""--identity-model"",""iid_base"",""--min-identity"",""0.9"",""--outdir"",""/Volumes/T7/Codex/TandemX/results/abundance_localizer_development_v2_20260906/runs/s5303/scenario_002/assembly_2/locate/output""]"
runs/s5303/scenario_002/assembly_3/locate/receipt.json	b3223dbb7002ad27e87818c3d4bd51dfb398e91a7a3e9ff809bd4be3d386b17a	locate	0.200624292017892	23.671875	0.12734499999999999	0.013956999999999999	"[""/opt/homebrew/Caskroom/mambaforge/base/envs/tandemx-dev/bin/python"",""-m"",""tandemx.cli"",""locate"",""--assembly"",""/Volumes/T7/Codex/TandemX/results/abundance_localizer_development_v2_20260906/genomes/s5303/scenario_002/assembly_3.fa"",""--catalog"",""/Volumes/T7/Codex/TandemX/results/abundance_localizer_development_v2_20260906/genomes/s5303/scenario_002/catalogue.fa"",""--k"",""21"",""--identity-model"",""iid_base"",""--min-identity"",""0.9"",""--outdir"",""/Volumes/T7/Codex/TandemX/results/abundance_localizer_development_v2_20260906/runs/s5303/scenario_002/assembly_3/locate/output""]"
runs/s5303/scenario_002/assembly_4/locate/receipt.json	3628c5155d3f01921966a02a2440e5c4e684e35cd08c33298869ae42cf3faa45	locate	0.1766548331361264	23.71875	0.10973	0.015203999999999999	"[""/opt/homebrew/Caskroom/mambaforge/base/envs/tandemx-dev/bin/python"",""-m"",""tandemx.cli"",""locate"",""--assembly"",""/Volumes/T7/Codex/TandemX/results/abundance_localizer_development_v2_20260906/genomes/s5303/scenario_002/assembly_4.fa"",""--catalog"",""/Volumes/T7/Codex/TandemX/results/abundance_localizer_development_v2_20260906/genomes/s5303/scenario_002/catalogue.fa"",""--k"",""21"",""--identity-model"",""iid_base"",""--min-identity"",""0.9"",""--outdir"",""/Volumes/T7/Codex/TandemX/results/abundance_localizer_development_v2_20260906/runs/s5303/scenario_002/assembly_4/locate/output""]"
runs/s5303/scenario_003/assembly_0/locate/receipt.json	0b964585606e0d2d9ba836286e8d7d12e15ca25725d0595b73e8802ae0e321f3	locate	0.2360649590846151	24.453125	0.171712	0.014624999999999999	"[""/opt/homebrew/Caskroom/mambaforge/base/envs/tandemx-dev/bin/python"",""-m"",""tandemx.cli"",""locate"",""--assembly"",""/Volumes/T7/Codex/TandemX/results/abundance_localizer_development_v2_20260906/genomes/s5303/scenario_003/assembly_0.fa"",""--catalog"",""/Volumes/T7/Codex/TandemX/results/abundance_localizer_development_v2_20260906/genomes/s5303/scenario_003/catalogue.fa"",""--k"",""21"",""--identity-model"",""iid_base"",""--min-identity"",""0.9"",""--outdir"",""/Volumes/T7/Codex/TandemX/results/abundance_localizer_development_v2_20260906/runs/s5303/scenario_003/assembly_0/locate/output""]"
runs/s5303/scenario_003/assembly_1/locate/receipt.json	ab48156887b834d44caaaf9f4d0f2961ae6667404e3f8b4cffce10a10695c663	locate	0.21764462511055171	24.390625	0.15524	0.014809999999999999	"[""/opt/homebrew/Caskroom/mambaforge/base/envs/tandemx-dev/bin/python"",""-m"",""tandemx.cli"",""locate"",""--assembly"",""/Volumes/T7/Codex/TandemX/results/abundance_localizer_development_v2_20260906/genomes/s5303/scenario_003/assembly_1.fa"",""--catalog"",""/Volumes/T7/Codex/TandemX/results/abundance_localizer_development_v2_20260906/genomes/s5303/scenario_003/catalogue.fa"",""--k"",""21"",""--identity-model"",""iid_base"",""--min-identity"",""0.9"",""--outdir"",""/Volumes/T7/Codex/TandemX/results/abundance_localizer_development_v2_20260906/runs/s5303/scenario_003/assembly_1/locate/output""]"
runs/s5303/scenario_003/assembly_2/locate/receipt.json	ed22e956189344f6fe09e66f0a51f97eb0870a0e3cdf71e627f24d276ab8cb0a	locate	0.1993009578436613	24.046875	0.139289	0.014669999999999999	"[""/opt/homebrew/Caskroom/mambaforge/base/envs/tandemx-dev/bin/python"",""-m"",""tandemx.cli"",""locate"",""--assembly"",""/Volumes/T7/Codex/TandemX/results/abundance_localizer_development_v2_20260906/genomes/s5303/scenario_003/assembly_2.fa"",""--catalog"",""/Volumes/T7/Codex/TandemX/results/abundance_localizer_development_v2_20260906/genomes/s5303/scenario_003/catalogue.fa"",""--k"",""21"",""--identity-model"",""iid_base"",""--min-identity"",""0.9"",""--outdir"",""/Volumes/T7/Codex/TandemX/results/abundance_localizer_development_v2_20260906/runs/s5303/scenario_003/assembly_2/locate/output""]"
runs/s5303/scenario_003/assembly_3/locate/receipt.json	1b77e65f9e96434d6b5215938732511ca52fc1e89fb04d7cfd8310507afb15e9	locate	0.19481854094192386	23.6875	0.131786	0.015073	"[""/opt/homebrew/Caskroom/mambaforge/base/envs/tandemx-dev/bin/python"",""-m"",""tandemx.cli"",""locate"",""--assembly"",""/Volumes/T7/Codex/TandemX/results/abundance_localizer_development_v2_20260906/genomes/s5303/scenario_003/assembly_3.fa"",""--catalog"",""/Volumes/T7/Codex/TandemX/results/abundance_localizer_development_v2_20260906/genomes/s5303/scenario_003/catalogue.fa"",""--k"",""21"",""--identity-model"",""iid_base"",""--min-identity"",""0.9"",""--outdir"",""/Volumes/T7/Codex/TandemX/results/abundance_localizer_development_v2_20260906/runs/s5303/scenario_003/assembly_3/locate/output""]"
runs/s5303/scenario_003/assembly_4/locate/receipt.json	112ddda6890883e1dcc8a3d7e084fe7bde38e943c0bcee23b811b3c30e7801ba	locate	0.1748174170497805	23.828125	0.107982	0.014173999999999999	"[""/opt/homebrew/Caskroom/mambaforge/base/envs/tandemx-dev/bin/python"",""-m"",""tandemx.cli"",""locate"",""--assembly"",""/Volumes/T7/Codex/TandemX/results/abundance_localizer_development_v2_20260906/genomes/s5303/scenario_003/assembly_4.fa"",""--catalog"",""/Volumes/T7/Codex/TandemX/results/abundance_localizer_development_v2_20260906/genomes/s5303/scenario_003/catalogue.fa"",""--k"",""21"",""--identity-model"",""iid_base"",""--min-identity"",""0.9"",""--outdir"",""/Volumes/T7/Codex/TandemX/results/abundance_localizer_development_v2_20260906/runs/s5303/scenario_003/assembly_4/locate/output""]"
runs/s5303/scenario_004/assembly_0/locate/receipt.json	53c2d45089dc9ddc43acc35efe4f5c806fd482c489474dd14bd6fcb9d2dda703	locate	0.22359991702251136	24.234375	0.17142	0.014395	"[""/opt/homebrew/Caskroom/mambaforge/base/envs/tandemx-dev/bin/python"",""-m"",""tandemx.cli"",""locate"",""--assembly"",""/Volumes/T7/Codex/TandemX/results/abundance_localizer_development_v2_20260906/genomes/s5303/scenario_004/assembly_0.fa"",""--catalog"",""/Volumes/T7/Codex/TandemX/results/abundance_localizer_development_v2_20260906/genomes/s5303/scenario_004/catalogue.fa"",""--k"",""21"",""--identity-model"",""iid_base"",""--min-identity"",""0.9"",""--outdir"",""/Volumes/T7/Codex/TandemX/results/abundance_localizer_development_v2_20260906/runs/s5303/scenario_004/assembly_0/locate/output""]"
runs/s5303/scenario_004/assembly_1/locate/receipt.json	1bb32586b7e59e03347522686f96fa641539381827ea0170dc2ce524b285afa6	locate	0.22706020786426961	24.265625	0.156381	0.014388	"[""/opt/homebrew/Caskroom/mambaforge/base/envs/tandemx-dev/bin/python"",""-m"",""tandemx.cli"",""locate"",""--assembly"",""/Volumes/T7/Codex/TandemX/results/abundance_localizer_development_v2_20260906/genomes/s5303/scenario_004/assembly_1.fa"",""--catalog"",""/Volumes/T7/Codex/TandemX/results/abundance_localizer_development_v2_20260906/genomes/s5303/scenario_004/catalogue.fa"",""--k"",""21"",""--identity-model"",""iid_base"",""--min-identity"",""0.9"",""--outdir"",""/Volumes/T7/Codex/TandemX/results/abundance_localizer_development_v2_20260906/runs/s5303/scenario_004/assembly_1/locate/output""]"
runs/s5303/scenario_004/assembly_2/locate/receipt.json	4d5c146905f68b7a0b91c6cd75a43c1f8857fcbbc2fdc2f271534c2d043c568e	locate	0.22025279188528657	24.03125	0.143167	0.014965	"[""/opt/homebrew/Caskroom/mambaforge/base/envs/tandemx-dev/bin/python"",""-m"",""tandemx.cli"",""locate"",""--assembly"",""/Volumes/T7/Codex/TandemX/results/abundance_localizer_development_v2_20260906/genomes/s5303/scenario_004/assembly_2.fa"",""--catalog"",""/Volumes/T7/Codex/TandemX/results/abundance_localizer_development_v2_20260906/genomes/s5303/scenario_004/catalogue.fa"",""--k"",""21"",""--identity-model"",""iid_base"",""--min-identity"",""0.9"",""--outdir"",""/Volumes/T7/Codex/TandemX/results/abundance_localizer_development_v2_20260906/runs/s5303/scenario_004/assembly_2/locate/output""]"
runs/s5303/scenario_004/assembly_3/locate/receipt.json	62e4a04b86bea076003469a932768ff5914ee545292dca5002b4d3c9ccbd90b2	locate	0.20213562506251037	23.890625	0.12667799999999999	0.015382	"[""/opt/homebrew/Caskroom/mambaforge/base/envs/tandemx-dev/bin/python"",""-m"",""tandemx.cli"",""locate"",""--assembly"",""/Volumes/T7/Codex/TandemX/results/abundance_localizer_development_v2_20260906/genomes/s5303/scenario_004/assembly_3.fa"",""--catalog"",""/Volumes/T7/Codex/TandemX/results/abundance_localizer_development_v2_20260906/genomes/s5303/scenario_004/catalogue.fa"",""--k"",""21"",""--identity-model"",""iid_base"",""--min-identity"",""0.9"",""--outdir"",""/Volumes/T7/Codex/TandemX/results/abundance_localizer_development_v2_20260906/runs/s5303/scenario_004/assembly_3/locate/output""]"
runs/s5303/scenario_004/assembly_4/locate/receipt.json	e9c93d582de3bbc82b0e325c0e857a54b31450afa4e66ce76922a93809c9afd0	locate	0.16994612501002848	23.71875	0.108968	0.014584	"[""/opt/homebrew/Caskroom/mambaforge/base/envs/tandemx-dev/bin/python"",""-m"",""tandemx.cli"",""locate"",""--assembly"",""/Volumes/T7/Codex/TandemX/results/abundance_localizer_development_v2_20260906/genomes/s5303/scenario_004/assembly_4.fa"",""--catalog"",""/Volumes/T7/Codex/TandemX/results/abundance_localizer_development_v2_20260906/genomes/s5303/scenario_004/catalogue.fa"",""--k"",""21"",""--identity-model"",""iid_base"",""--min-identity"",""0.9"",""--outdir"",""/Volumes/T7/Codex/TandemX/results/abundance_localizer_development_v2_20260906/runs/s5303/scenario_004/assembly_4/locate/output""]"
runs/s5303/scenario_005/assembly_0/locate/receipt.json	15ec2d4892b35be6ad7b68a52be5987f91f20023e204e77a4deb53f2c0a9f11c	locate	0.24203149997629225	24.625	0.170396	0.014799999999999999	"[""/opt/homebrew/Caskroom/mambaforge/base/envs/tandemx-dev/bin/python"",""-m"",""tandemx.cli"",""locate"",""--assembly"",""/Volumes/T7/Codex/TandemX/results/abundance_localizer_development_v2_20260906/genomes/s5303/scenario_005/assembly_0.fa"",""--catalog"",""/Volumes/T7/Codex/TandemX/results/abundance_localizer_development_v2_20260906/genomes/s5303/scenario_005/catalogue.fa"",""--k"",""21"",""--identity-model"",""iid_base"",""--min-identity"",""0.9"",""--outdir"",""/Volumes/T7/Codex/TandemX/results/abundance_localizer_development_v2_20260906/runs/s5303/scenario_005/assembly_0/locate/output""]"
runs/s5303/scenario_005/assembly_1/locate/receipt.json	556e669adcc88f0ef59a989e82e23a594b56a66e69c27a1c12924aeb2287733f	locate	0.22333620791323483	24.125	0.15322	0.014735	"[""/opt/homebrew/Caskroom/mambaforge/base/envs/tandemx-dev/bin/python"",""-m"",""tandemx.cli"",""locate"",""--assembly"",""/Volumes/T7/Codex/TandemX/results/abundance_localizer_development_v2_20260906/genomes/s5303/scenario_005/assembly_1.fa"",""--catalog"",""/Volumes/T7/Codex/TandemX/results/abundance_localizer_development_v2_20260906/genomes/s5303/scenario_005/catalogue.fa"",""--k"",""21"",""--identity-model"",""iid_base"",""--min-identity"",""0.9"",""--outdir"",""/Volumes/T7/Codex/TandemX/results/abundance_localizer_development_v2_20260906/runs/s5303/scenario_005/assembly_1/locate/output""]"
runs/s5303/scenario_005/assembly_2/locate/receipt.json	f7778e63dc895c025d1938b7a6bedad259cc15bee67512c66bb8590f9265ea26	locate	0.20425158389844	24.25	0.14030399999999998	0.014705999999999999	"[""/opt/homebrew/Caskroom/mambaforge/base/envs/tandemx-dev/bin/python"",""-m"",""tandemx.cli"",""locate"",""--assembly"",""/Volumes/T7/Codex/TandemX/results/abundance_localizer_development_v2_20260906/genomes/s5303/scenario_005/assembly_2.fa"",""--catalog"",""/Volumes/T7/Codex/TandemX/results/abundance_localizer_development_v2_20260906/genomes/s5303/scenario_005/catalogue.fa"",""--k"",""21"",""--identity-model"",""iid_base"",""--min-identity"",""0.9"",""--outdir"",""/Volumes/T7/Codex/TandemX/results/abundance_localizer_development_v2_20260906/runs/s5303/scenario_005/assembly_2/locate/output""]"
runs/s5303/scenario_005/assembly_3/locate/receipt.json	c1400e99ecde35fac0e8f37879fd29b3ced8b244267c7d11080276c7fb76c22a	locate	0.1972967500332743	24.03125	0.12350599999999999	0.013774	"[""/opt/homebrew/Caskroom/mambaforge/base/envs/tandemx-dev/bin/python"",""-m"",""tandemx.cli"",""locate"",""--assembly"",""/Volumes/T7/Codex/TandemX/results/abundance_localizer_development_v2_20260906/genomes/s5303/scenario_005/assembly_3.fa"",""--catalog"",""/Volumes/T7/Codex/TandemX/results/abundance_localizer_development_v2_20260906/genomes/s5303/scenario_005/catalogue.fa"",""--k"",""21"",""--identity-model"",""iid_base"",""--min-identity"",""0.9"",""--outdir"",""/Volumes/T7/Codex/TandemX/results/abundance_localizer_development_v2_20260906/runs/s5303/scenario_005/assembly_3/locate/output""]"
runs/s5303/scenario_005/assembly_4/locate/receipt.json	9ad97153953227b5a98714de0adfc1c942a36d32f6f498c16f7423743ea25a95	locate	0.17595370789058506	23.375	0.110605	0.014154	"[""/opt/homebrew/Caskroom/mambaforge/base/envs/tandemx-dev/bin/python"",""-m"",""tandemx.cli"",""locate"",""--assembly"",""/Volumes/T7/Codex/TandemX/results/abundance_localizer_development_v2_20260906/genomes/s5303/scenario_005/assembly_4.fa"",""--catalog"",""/Volumes/T7/Codex/TandemX/results/abundance_localizer_development_v2_20260906/genomes/s5303/scenario_005/catalogue.fa"",""--k"",""21"",""--identity-model"",""iid_base"",""--min-identity"",""0.9"",""--outdir"",""/Volumes/T7/Codex/TandemX/results/abundance_localizer_development_v2_20260906/runs/s5303/scenario_005/assembly_4/locate/output""]"
runs/s5303/scenario_006/assembly_0/locate/receipt.json	da0d789d4f9429211cf3dafb7007c9658319ae242de7cfb0f6c382ca0fb15d52	locate	0.2366160419769585	24.078125	0.169091	0.014230999999999999	"[""/opt/homebrew/Caskroom/mambaforge/base/envs/tandemx-dev/bin/python"",""-m"",""tandemx.cli"",""locate"",""--assembly"",""/Volumes/T7/Codex/TandemX/results/abundance_localizer_development_v2_20260906/genomes/s5303/scenario_006/assembly_0.fa"",""--catalog"",""/Volumes/T7/Codex/TandemX/results/abundance_localizer_development_v2_20260906/genomes/s5303/scenario_006/catalogue.fa"",""--k"",""21"",""--identity-model"",""iid_base"",""--min-identity"",""0.9"",""--outdir"",""/Volumes/T7/Codex/TandemX/results/abundance_localizer_development_v2_20260906/runs/s5303/scenario_006/assembly_0/locate/output""]"
runs/s5303/scenario_006/assembly_1/locate/receipt.json	d406e1518afb12c132925bea52ddaf8d64c1ed4c0e365ca0d1947742e6a9a666	locate	0.2246255420614034	23.96875	0.156657	0.015662	"[""/opt/homebrew/Caskroom/mambaforge/base/envs/tandemx-dev/bin/python"",""-m"",""tandemx.cli"",""locate"",""--assembly"",""/Volumes/T7/Codex/TandemX/results/abundance_localizer_development_v2_20260906/genomes/s5303/scenario_006/assembly_1.fa"",""--catalog"",""/Volumes/T7/Codex/TandemX/results/abundance_localizer_development_v2_20260906/genomes/s5303/scenario_006/catalogue.fa"",""--k"",""21"",""--identity-model"",""iid_base"",""--min-identity"",""0.9"",""--outdir"",""/Volumes/T7/Codex/TandemX/results/abundance_localizer_development_v2_20260906/runs/s5303/scenario_006/assembly_1/locate/output""]"
runs/s5303/scenario_006/assembly_2/locate/receipt.json	d93e136840fb1e68a5cbb6ae80db4396df1edd3c73fa93532a4694b90ff25aa1	locate	0.20385937485843897	23.875	0.138325	0.014759	"[""/opt/homebrew/Caskroom/mambaforge/base/envs/tandemx-dev/bin/python"",""-m"",""tandemx.cli"",""locate"",""--assembly"",""/Volumes/T7/Codex/TandemX/results/abundance_localizer_development_v2_20260906/genomes/s5303/scenario_006/assembly_2.fa"",""--catalog"",""/Volumes/T7/Codex/TandemX/results/abundance_localizer_development_v2_20260906/genomes/s5303/scenario_006/catalogue.fa"",""--k"",""21"",""--identity-model"",""iid_base"",""--min-identity"",""0.9"",""--outdir"",""/Volumes/T7/Codex/TandemX/results/abundance_localizer_development_v2_20260906/runs/s5303/scenario_006/assembly_2/locate/output""]"
runs/s5303/scenario_006/assembly_3/locate/receipt.json	c0f2e1a9ff77fd171268078296a7af488b24adf16331a831dbf4850d41241db1	locate	0.20079483394511044	24.0	0.12354699999999999	0.014171	"[""/opt/homebrew/Caskroom/mambaforge/base/envs/tandemx-dev/bin/python"",""-m"",""tandemx.cli"",""locate"",""--assembly"",""/Volumes/T7/Codex/TandemX/results/abundance_localizer_development_v2_20260906/genomes/s5303/scenario_006/assembly_3.fa"",""--catalog"",""/Volumes/T7/Codex/TandemX/results/abundance_localizer_development_v2_20260906/genomes/s5303/scenario_006/catalogue.fa"",""--k"",""21"",""--identity-model"",""iid_base"",""--min-identity"",""0.9"",""--outdir"",""/Volumes/T7/Codex/TandemX/results/abundance_localizer_development_v2_20260906/runs/s5303/scenario_006/assembly_3/locate/output""]"
runs/s5303/scenario_006/assembly_4/locate/receipt.json	12bcbc6736e087aa108b5f2a11a067d61dd99a1aa2c8796d321f97a063a34bab	locate	0.17539254087023437	24.140625	0.11152999999999999	0.015182999999999999	"[""/opt/homebrew/Caskroom/mambaforge/base/envs/tandemx-dev/bin/python"",""-m"",""tandemx.cli"",""locate"",""--assembly"",""/Volumes/T7/Codex/TandemX/results/abundance_localizer_development_v2_20260906/genomes/s5303/scenario_006/assembly_4.fa"",""--catalog"",""/Volumes/T7/Codex/TandemX/results/abundance_localizer_development_v2_20260906/genomes/s5303/scenario_006/catalogue.fa"",""--k"",""21"",""--identity-model"",""iid_base"",""--min-identity"",""0.9"",""--outdir"",""/Volumes/T7/Codex/TandemX/results/abundance_localizer_development_v2_20260906/runs/s5303/scenario_006/assembly_4/locate/output""]"
