kmer	expected_copy_number
GTAACGAATGCACCGCGCAAC	1
AGTGGAACACGCTATACTCAC	1
AAGGGTTCGACGGGAATTCTC	1
CGGTCCGGTAAGGGCTGTTGC	1
CCCGCGAACTGAACACTTCCA	1
AGACGAGTAAGTGTGAAGTGA	1
GTTTAAACTAGTGAGCTGCTA	1
ACTTTTTAGAAATTTCTCGAT	1
GAAACGTGCAATTTTTTTGTC	1
CATAGTGTCTACAACGGACAG	1
ACTTTCGGATCTGTCACACAG	1
AGGATGATCGATTACAGCGGA	1
GGCTGATTCTAACGTTATGAC	1
ATAAGAGAATTTTTATGGTAG	1
GTCCGAGCTTGAGAACGACCA	1
GCGACGTCAACCTCCGCCGCC	1
CCGTGCCCCACCCTCTATAAG	1
GCTAATGAATAGCCGAATATA	1
CCGTAAAAGAGACGTCACTGC	1
AATGACCTAAATACTAACTTG	1
ATATGGTACTCTTGTATAATG	1
TAGTCACCATTATGAAATGAA	1
CAAGTAAGACGCATCTGTGAC	1
CAGGTCCATATTGTCATCCGG	1
AACAGGGAGACAGATAACATA	1
GAACGATTCAGCTTATTTTGC	1
CCGTTGACAGACCAGAACAGC	1
GAACTTGACATCATCTTTCTC	1
CTATAAAAATCGCGCAGGCTA	1
AGGGACGTTCCCACTTCCCAA	1
TAAACCCAACACCTAATAAGA	1
TGAACAGTAGGTAAGACGGCA	1
ACTGACTCTCTGCTAACCCAC	1
ATAATTAGGTGAAAAGATCTA	1
ACGTGGCGGGCAGACCATTAA	1
CACGAAAAGAGCGCACTCTTA	1
ATCTCTAACCAAAGGGCGCCA	1
AGTCTATACCATTGGGCTAAA	1
ACGTATCATACAACCGATAGC	1
TCCACCAGAAAGTCCGGTGCA	1
GGATAATCGTCGTCAACAATA	1
AAATTCGCATTAGAACGCTTC	1
CGTCACGCTATGCTAGTCCGC	1
CTACGTGGCGTCCTTCAGCCA	1
AAATTGACTTTTCTTACACGA	1
GTACAGGCCTATGGCGGGACA	1
GTGTTGAGATATGTGGAAATA	1
AAATTGATGCAATCCGAGATG	1
ACCGTGTGTGCAGTGGAATTA	1
GAGACTCGGGATGCTCTAAGC	1
CCATTACCGATCGGGTAGATA	1
CAATTGCGCTCATCTCCACGG	1
CAGAACCACGATTTGAAACCC	1
CGGCCATGTGTTTCCAAATAC	1
GGCCAAAAGTGTGTCAACGAA	1
GGGGGGGCCAATCACCCTGAC	1
ATTCAGTAGTAAACCCGATTA	1
AGACGCTTACTCCCACTGATA	1
GGGAGATTTCGCAACAGATAC	1
ATGAAAGACTGAGTTGAACAA	1
GCACACCTTATTAGTACAATA	1
ATGTATTATCATCCGGCCAGA	1
TCTTCGTACTATTAAAACACA	1
TAAATATAGTAGCCGATCAAA	1
AGTGTCATACCCTCTGCTTTA	1
ATACGCCCCTTAAATGCGTAA	1
ACCACTTCACTAACACACTGA	1
ACGAGTAGCCTCCTCCTTACA	1
CGGGCTCATCTTTATACAAAC	1
AGAGTGAGAAGGGTAGTACTG	1
AATAACCAGCGACGACCTAAC	1
ATATTGATCAGATGCGAGTCG	1
CGAGATAGAGCGTACCCACAA	1
CAGAAAAATGACTGCAATTGC	1
AGGGATTAAGCCAAGGCCTAT	1
TCTTGACTTGATTCTAACACA	1
ACGGTATGGTACCAAACATCA	1
ATCAAACTTGGACAGAGAAGC	1
ATGCGCCTAACTCCCTCATTA	1
GAGTAACCACGTGAGAAACGC	1
CCCCAAAAACTGCGAATAGGC	1
GCATCTGATGCACGCCTAACA	1
GTGCCGGAAGGTGTTCAGGTA	1
AAAATCAAGAGAGCTAAAGAA	1
ATCTGGTGTTTAAAACAGGCA	1
AAGTTACTGGTCCCGGTCAGA	1
GTTCATACCTATCCAAACCAA	1
AATTATCATCAGCCCTCGTCG	1
TCGCTTATTATGAAAGAAACA	1
GTTCTACGCACCACTGATTAA	1
GTGTAGCTTATAGATCAGGAA	1
GTAGTATGTATCGTTGGAAAA	1
ATTACAACCAACCGCCTTTCG	1
AATGATATTTACACGTTTCGC	1
CGTCGCTTTACTCCGGGTAAA	1
ATTGAGAGTGCATTTCGGTGC	1
GCACAGGGCTGACCCGTATGA	1
GCGGTCCCGCATGACTTTGCC	1
ACTTCAACTGGTCGTAAACCT	1
GGGTATAGAGGATCCTCTAAA	1
AATCATCAGTATATACCCTAA	1
CTGTTGTAGCACACAAGCTGA	1
CGTGGGAGCGGCCATCAGCAG	1
GCCCATATATTCCATCAGAGC	1
GAGAGGCCCCTACAGTGATTA	1
GAAAATATTTGACCAATTGAC	1
ACTAGTAGCTATAATACAGCT	1
CGCACAAGCTTCGGTGTTATC	1
CCGTTATGGACATTACAATCC	1
GGTGGATTTTTTTATTTGGAA	1
CGCGTTTAAAGTATGAGCTGC	1
AGATTTCCTTTGATTCATGCT	1
CATTCTAACGCGGCCGGGTTA	1
GTAAGAGTGGAAAGATTTATA	1
GTGTTCTACTATTAGGAAACA	1
ATATGTGTCTAAAAGCGATCG	1
AGGTTTTCGCCATCTGAGGAA	1
GATAATGCGAAATCACTACAC	1
ACTGATAGTTCCATCGACGTC	1
CAACGGACTTCTCAATTCCGG	1
AAAGGACCTTAAATCCATCAC	1
CCTGCAAAACCCGGAAAAAGA	1
ATGAAATAGGCTGGCAAAGGA	1
TTGTAAATCTGATTCTAACAA	1
ATCAGATTCGCGTGGCGTTAA	1
ATATGTTGAAATCCTACATAG	1
ACTCTGGATGATCGGCATTGA	1
ATCACGTCCCTGCCCATTCTA	1
GGCGTAGATGTTACAATCAAC	1
AATATTGGCTGCGAGTGGAGA	1
TGGTCTGTGCATGTAGTCAAA	1
TCCTCTGACCGCGCGGGTGAA	1
TAGCGCTTGCGTTTGGGACTA	1
CTGTGCACATGTCATTCGGTA	1
TACTACTTGCCAATGAGTCCA	1
AGTGGTGACCCCAGCATGACC	1
ATGAAAACATAGGGTGGGGAC	1
ACGACCTAGTGGCTAGTAGTC	1
ACTGCTCCTAATTATGGACAG	1
CTGTGTTGATGTTACGATGCA	1
GACGAAATAATTTGTTGTGAA	1
GTTAGTTTCCATCCTCAAGCA	1
CATCCCCAGTTGTCATCGCCG	1
CAAACCGGTCACATGTATACG	1
ATTTTGCCTGCCAATGATCTC	1
CCTGTTATCTTGAGATAGCGC	1
CCCAATAGGCGATGCTTCAGC	1
CCGCTCAGCCTAATTTGTTAA	1
GGCACAGTGGATTAAAATAAA	1
CCTGCCTATTGTACTTCTAGC	1
GTGGATGCGTCCGATGTATGA	1
GGAAAAATGATACAAGCAACA	1
CACAATCCACCATTGTACTCG	1
AAGGAGAAGCAAAAAGACCAA	1
TCCTATCTAGACGCGGTTCGA	1
ATAACCGGTGTTTGCACATGC	1
CGCGAGCTTTTGTCTGGTTTC	1
CGATGAGATTATAAAAGACAC	1
GCGCCTGTGGCGATGATGTCA	1
AGTAAATATCATGAGGCTCAA	1
CAATGCTAAAGTAGGAACTGA	1
GATCTCGACGAGGTCCCTCCA	1
GCATATCGGGAATTTTTGCAC	1
CGGGAAGAGTTGAACAGGCTA	1
AATCAAGCCCGCATTAAATGT	1
ACGGTAATCGTTTAGGGCCAC	1
CCTTCGTGTTACGTCTATAGC	1
AGGATCCTTGTCTAGTGACAT	1
AACCTTATAAGCTTGAACTCT	1
CAGCGAAATTGTTTCGTCAAA	1
AAGTGGCCGTGTTTCCATCCA	1
CCGGTTCACGTCCACAGACCC	1
CATGTTCAGTGGGTTGTTTCC	1
GTCAATATAAGGGGCAGATGA	1
AATGTGAGCCCGACGTACCCA	1
ATATTCAAGGCACCATAGGGC	1
AAATCGGTGTTGAGCGTTAAT	1
ATGAAGAGGATTAAACTAATG	1
CACGAACACGTGTTAGTTTGC	1
ACCCAACGGTGATTAAACTGA	1
AAGCTTGCATCCAACAAATGT	1
ACAACCTGCAACCATCAGATC	1
TCGTCCGTGTACCCACTAACA	1
ACGACAAACGACATCTCAAAC	1
GGCGAGTCTCACTAAGTGCAC	1
AGGGGCCTACAGGTCTTACTG	1
GGCAATTTATACGAGTGTTAA	1
CACTCATTAAATTAACTATCG	1
ATAGCTCCCCAAGTGTATGAA	1
CATGTATATGTGAACTGGGAC	1
GAGGTCCTATCAAGAAATATA	1
AAATTTAAAGCAACCAAATTT	1
CTCTGGTCCGAATTCGATTTA	1
ATGCATACGCCGATTTCTGCA	1
ATCACAATGGGTAAATCTAAA	1
CTATGCTCAATGCGAAACCCA	1
TGAATTATGAAGTGTTCGCCA	1
ATGACGAATATGCATGCCAGC	1
AGGAAAGCCTTCATTGGAGGC	1
AGTACCCGCGTGATTACTAAC	1
GTTTACACGTTCAGGTTGAGA	1
CTACTAGGGAACTTTTAATAA	1
CAACCGAATTGAATTGCTTAG	1
CCGATACCCTATCGGGGAACG	1
AAGCCAACTCTGCTCCGGAAC	1
AATTTATCCAATCGGGGCTGT	1
AACTCTTGCATAGTTAGTCCA	1
ACGCATTCGCCGACACTTGGC	1
AAATCTGTTAGGTCTTGGATG	1
CGGGATCCCAAACGATATGGC	1
ATAAGACGAAGTGTCTCTTCC	1
AGATATGTATCCAATACTCAT	1
CAAGCAAGGTGAGAATCATGG	1
ACCAAATAGTGGGGTTAGTGG	1
TTATACGAATGTTGGGACGAA	1
AATAGGACATCCCATTGTTCT	1
CTACCCCAATAACTCATCCAA	1
GCTGAGTTAAGAAACATTTAA	1
GGGAAGCCAACTTCATTTCCA	1
AATATTGGTCATCTAACGGAA	1
CGAGGTCACTTAGAGCCTGAG	1
ACCTAATAAAGCGTTAGACAT	1
ACTTACTTAGTGCGCTAATTC	1
CAACTTTATCAACTAGTCTCA	1
ATTTGTTTTCCTGAACGTAAA	1
GGTGTAACTCAGATCAGAACC	1
TGACTCCATAAGAAGTAGGAA	1
CACCAACCATCAGATATTCCA	1
CACTCCACTTCTGTGAGGCAC	1
ATCCCTTTCCTTAAATTGAAC	1
TGGACTGTTCCTTAAATTACA	1
AAGGAAAAGTACTAATACGTG	1
CCTGACTTTTTTATGACTTCG	1
ACACGATTAAGTAGAGTAGGG	1
CACCGGCGTGTAATAATTTCA	1
AGGCAGCCGTTCGACCAGATG	1
AATATATGGGTATGTACCACC	1
AACTTAAAAAGGTGGGGGAGC	1
CAGTCTCCCTTCTAGATTAGC	1
GGCCTTTAACGGTACCTTACA	1
AAGATCGCTGAGTTCTACATC	1
TGTGATAGGGACTAGCGTAAA	1
GCGACAAGCGTCAAAACCAGA	1
AGGATAGTAGTCATACTTTGA	1
GCCCGATTGGATGACCTAAGA	1
GAGAACATGTTATGTGACTAC	1
CGACGGCGCTTTTACAGCACG	1
CCATGCGGCTCATACGACGTA	1
ACTCGTTGATACAAAGGATAT	1
CTCGCAAGTAAATCGGCGACC	1
AAGCATACTACACACCTATTC	1
ATAGAGTCCAAGTTGGAAGGG	1
ATGGGAAATCGATTTTTCGGG	1
AATAATTACCTATACTATGGT	1
CCTATAACCCAATTTATCCCA	1
AATGCGGTCGGTGGAACACGG	1
ACTTTTAACCTTCCACACAAG	1
TTAGATACAGGGTTCAAATAA	1
CGCTGATGTGCCCGATCAGCC	1
GCCCACCAATAAAACATCGCA	1
CCAATGGAAAAAGCTTTGCAC	1
TCGGATCACATTAAGAATCAA	1
CCCCATGGTCCTCGAAATCAG	1
AGATCTGTAACTAGATCGTAT	1
AAATTAGGTCCCCCTGTTGTG	1
ATGCGGGGTTACACTCACATG	1
AACAAAGCTTGGCAAGGATTA	1
CACATAATGCGAACCGCAATA	1
GTTGGCTGGCGTAACAGATAA	1
CGACCTAGTTTGGCAAACAGA	1
CTATGCTTATGTTGACTCCAG	1
CTATATCTCATACAATGACGC	1
ATTCCTAGACGGTCAGGACTC	1
GATCTCCTTATTAGCATTTAA	1
AAGATTATTCAAAGCACACTA	1
GTAAAGTGTCCTAAAATTTGA	1
CCATGGCGCGGAAGGGAAACC	1
CTTCATCTCGATTAAACCTCA	1
ACAACATAGGGACCAGATAGA	1
GTTAGTATTAGATCGACCTCA	1
GGGTACCCGCGTTATTCACAC	1
AGCAACAGTTAGCAGCTGATA	1
CTTCTACTGGTCTCTATTTTA	1
ATAGCCTTGCCACGATACCGA	1
AAGGGCTTAGCACTATTGTGT	1
AACAATTCCGCCGCGACAACG	1
TAGGTCTCTCTTACCTGCGCA	1
GAGACAATGCGGGGTTTCACA	1
ACTCCACTGTGCTTCAGCCCC	1
CTCGCCTCATAAATGCTATCC	1
ACTTTATGGCTTGGAGATACT	1
GACCATTTGTCGACAGTGGTA	1
ACAAGGCAACATTTCATGCAC	1
ACATATCATTCGGAAGATCTC	1
ATATATCCGTGCTAACCCTGA	1
CAATTGAAGTAATTCGGGACA	1
AACCGGTTCGTACTCCTAGCA	1
GAGATCCGCATTCAAATGAAC	1
GATAATTACTTCGGTAGGAGC	1
ACCTTCACATGTGTGAACCAC	1
CATTATCCTATTCCCCATAGA	1
ACACAGACCCAAGAATCATTA	1
CCCTTTCGCTTGACTGGAAAA	1
AAAAGTAATAATGCTGCTAGG	1
CTTTTGGGTCTCATATGAAAA	1
AGTACCACAAATATCACTCAA	1
CCTACTCGTGTACAACCACCG	1
ATAACCCAGTGCATCTGTTCA	1
GAGTGGGAAAAATTCTAACCC	1
CTGACCATCGCCTGAACTCAC	1
AAATGTCATGCGGATTTACGC	1
CCGCTTTAACCGCGAATGGCC	1
GTAGTTTAATAGCTGCTTAAA	1
ATATAAGAATCGTGCAGATGG	1
GTGTAGATAACTAGTAAGTCA	1
AGTCTGCGGCAAGAATTCACA	1
GGACCTAAACCGAGAAGTTAA	1
GAGACAAATATGAATTGTGGC	1
CAGATGAACAAGTACTAAACG	1
ACTGAGAGGGCATAGATAAAT	1
AATATCTGTCAGTATTTTCAT	1
CTCAGGCGAAGGTCGAGCCAC	1
AATCTTTTATTAAGGAAGTAG	1
ATCTTGCAGCCATGAATTGTA	1
GCCCTGTATCGTCATCCCTAC	1
ATCTGGACTGAAAGCTTTAAC	1
CCCACCTCCAGGCCCCGAACA	1
CGCCTTTAACATACATTAAAA	1
AGACGCAGCAATCCCCCGCGA	1
GGACGTTGTCCGATGTACAAC	1
ACACGGTCATGTTTCAATTAA	1
ATTACTAAATCACTACACACA	1
GACTCTTATAAATGTCTGGGA	1
CACCTGTGCTGGAACGATGCC	1
CGGCTGCTGTGTACTCGTTAA	1
CTGGTGTCCGTTTGGGGCAGA	1
CCCCCAATGAATTGACTATGA	1
CAGTCGTACTATCCAGAATTC	1
CACGGAGAACAAAAGTCACAC	1
CGAGACTCCGGTCGCAAATAC	1
CTCCGGTCGAATACCTAGTCA	1
AACAACGACCGAGTAATACGA	1
AGTTCATTCTGTCGATCGAGA	1
ATATGAGGATTTTCTTCACGC	1
CACACTTACGCATGATGCGCC	1
AGCAGGGGTACTAGGGATATA	1
ACGTCTCCTAATCATGACCGA	1
ATGCTGTACTGCCAACTTATC	1
ATATATACGATGACCGCCCGG	1
ATAGTGCTTACGGATAGAACA	1
GCGTACTCAGGGGAGCATTAA	1
CATGCTTGCCGTGCTGATAAA	1
AGTGCCGATGGACGCACTATG	1
AACTCTGGTGATACCAGTTCG	1
AGGCATGCGAATCAGGTTTAT	1
GGGACTACTCTATCTCCAGAA	1
AGCCTTTAAAGGGGGGAGTAG	1
AATATCGTATCTGCAGTGTCT	1
ATTCCTGATTCTACTGGGGGG	1
CAGCACATGCTAATAAAAATA	1
CTATACGGTGGCCGCACTAAC	1
AACACAAGGAATAGGATTGGA	1
CCTCGCGAACCATTTAACAAA	1
CCGGGCTGTATATCTCAATTA	1
AACGTAAGTTGGATAGTCTGG	1
AAAGAGCAGCCATCGGTTTGT	1
CAGGCAAGGAGGAAACATAGG	1
ACAGGAATCCCTCGAGACACG	1
CCTAAACGGAGTGACGTACAA	1
CTTCGCTACAGGTCGAAACTA	1
GCTTAGTTATCCACAACTTCC	1
AATCAAACCTAGAGAATATTG	1
AGAAGGTCTCTCCGTGTTGAT	1
TAGAAGTCCTTATCTAAATCA	1
CCGTAAGCTCACCCACACCAC	1
CGTTAGCCGCGGCATCCTGCC	1
CCGACGATCATAGAGACACTC	1
AGCCTTAATTGTTGCCCTACA	1
ATGGAGGGGGAAGTGCCTTCC	1
TCCTGTCCATCTTCTGGCAAA	1
ATCGCCAACTGGTCGTTTTAC	1
ACTAGTTGGCTGCCCTGGCTC	1
TTCACCCAAGCGTCCACCGAA	1
TACAGTACTGGCAGCCGACGA	1
ACGTCGCTGTATCTGCAGAAA	1
CCGGTGCAAACTTGGTTTGTA	1
ATTGCCGTGGATGTGGGTCGC	1
GGTACTACATATACACTGACA	1
TATTCTTCTTTCCCACGGGAA	1
AGGCCCACACGGCCACCGGAA	1
CGATAAATATTTTTCTTACTC	1
ATGAAGCACATGATGGGTCTA	1
AATCTTGGGGCCATTTCAATA	1
ATTGCTAAAAAGATTCAATTA	1
GAACGAGTGCGCATCATACGA	1
ATTAGCCTCAACCGGCGATGA	1
AGTACTATCTGTTTGCACAGA	1
CTATGCTGCTCACAATGATGA	1
ACGTAACTTTTGTGACTTGTC	1
AGCAGTCTTACTACAGTATTC	1
CAACACTTCGGTTTTTGTGCA	1
AAAGCGTTTCCCGCCTTTCGA	1
CATTGCTACTTAGACATCACC	1
AATGATACGCAGCGACACGGG	1
AACCTACGGGGGCATTGTAAT	1
TTCGATTTACCATATACGCAA	1
ACGTATCAAATCGGTACTATG	1
AGAATTGAGTTATCTCCCTCA	1
AGGGTTAATCGAGCGTTATTA	1
AACCGTGTACGGTTGCTATCT	1
ATCTCTCATGGCAGGCACGAC	1
ACAACTAATCTTATATAGGTG	1
GAAATTTATTTCCCTCGTCTC	1
GGTCATGCCTTACGGGTACAA	1
GACTTCTAGATTCAGTTTGTA	1
TAAGATTGCTAAGCAAGTAAA	1
GATTAGTCAAGCGCCCTGTCC	1
GCGGTTATCCTTCTTTACAAC	1
AATGATACATATAAAATCCGT	1
CCTGCAGTAAATCAGATCCCG	1
CATATATTTAAATGTATTAAC	1
AGGACCGAGGGTTCAACCTAC	1
ATCACTAGCTAAGCTAACTGA	1
ACCTGTCAGAGCGCTAGATAG	1
CTGTATGAATCGCAGGAAGTA	1
ACGTCAGATGCTAGCTTCACC	1
CCCACGGACAAACGGGGGTTA	1
AAATAGCCTGGGGGTCATCCT	1
AGGTAGTTTCAGGTACCTTAC	1
CGTCTTTTTTGTACGTGCGCA	1
AGCTAATGATATGGACTCACA	1
AGGATAGCCTTGGTTTGTGTC	1
AACGGTTCTTAGCCTTTACAG	1
CATGTTGCTTTTCCACGCATC	1
AATCCATACCGCCTAACATGC	1
GCTTCCAATTATATCCCCCCC	1
ATCCCCGGGTTAAAGACCTCA	1
GGTTCCCTGTTCTTTTACACA	1
GTACAAAGCTTCTACTATAAA	1
CCAATTTCTTCAGTTGGAACA	1
AAATGTATCTAATGATTTCAA	1
CTTGCAATAGTTTGTGTGTTC	1
ACCGTTACGTACTTGGCGCTG	1
TCGGTATCCGGGCCAAACGAA	1
ACTAAAGACCTACGTATTTGA	1
CATTCAGGCATGGACACCTTC	1
AAAATTATGCCCGTTGTAGAT	1
CTGCGAGGGATTAGTGAGCAG	1
GAAGTAGTTCGCAGTGTCTCA	1
CGGATCACTTTCCAAACTTCC	1
CGTGCGCAGGCAATCCGTCCA	1
AGACAATGATGCTACCCAGCG	1
ACGTTAGATATGACTCGTTGG	1
AGGAAGAGCGCGGCTTCTCAA	1
CACCGCTATTCTTGCATTCAC	1
GCAGGATAAAATAAGTTCTCA	1
AGAAACACAGTCAGCTTGCAC	1
CTTTAACAAGAAAAGGATAAA	1
ATGATATGCCTCGGAAGATTC	1
GGAGGTGGGCGATTCCGACCA	1
TAAGTTTTACAAGTGGGTATA	1
CCGATACCTGTACCCGTGTGA	1
CGAACTATGGTGCAGCTAGCA	1
ACGATACTCGTCTTACTGACT	1
ATGCTCGTTATATTATCACGC	1
AACAGTCCACGGAGCCCCTCT	1
GATCGCAGACGCTATCAAGCA	1
CATAACCCAAATGATAAACGC	1
GACATGGGGACAGTCAAAGCA	1
AACTGAAGTCAAGTCTACTTG	1
CTAATTCATCGAGTCAGGTGA	1
ACTTCTTTTCATTTTACGAGC	1
GCATACATTCTCTCCTCTATA	1
CACCTCAGGATTCTCGTCGAC	1
AGTATAATATCTAACGATTAA	1
ACCACCCGTTCGTGCTTGGAT	1
ATGCGTGAAGAATTATTCTTC	1
AGGGCCAAGACAACACGGGTG	1
ATGTCTTAAGCTATGTGTCTC	1
CAATTGTCGGAGTTTCAGATA	1
ATCACTCCATTGTGTCCTTAG	1
TAGGGGCTCAGGCCGGTCAAA	1
GATGAATTGGAATCTACAGCA	1
GATTTCTCCTTGCTCACAGAA	1
AATTAAAATCTGCTTCTGTAC	1
CCAAAATACTTGAAGCCCTAC	1
AGTAGCAAGTCGATCGCACCG	1
CAATGGCCCGCTGTGCATCAA	1
CGCACCCTAGAAATAGGTAGA	1
TGATGCGGTTAATTTGCGCAA	1
AGGTTCCTGACTCACCATCAA	1
AGATTCAAACTCGACCTTGTG	1
CTGTTTGTAGTTTGGCACACA	1
CGCGACTGAATGCCGTTGGCC	1
AAGCCAAAAAGGACAAGAACG	1
GTGCCTGGATCTTGGGCGGAA	1
CCTTACGTCCGCCGTCAAGAA	1
GAAATTGATTGTTATTGCCTA	1
GACAGTTACGAACCGGGACAC	1
AATTATAACCTAAATTGCTCA	1
CCCAACAACTACCGCTTCTTC	1
CAGAGTTTTAAGTAATGTGGG	1
GGGATAGAGTTAATCGATACA	1
TCGCGCAACACAAAGGGACAA	1
TCACTGAAGACTGAATAAGCA	1
GCACTCTACGAGGACCAATAA	1
ACATCGTTGGCCGAGGTACAT	1
AGGAATCCAGCGCACAAATAT	1
AAGAACGAGTAATAAAAGTAA	1
CTTCCGAATTCGGGGACTTGC	1
CCGCGTGCAGGAAAAGTTCCA	1
GGCGAGTGCCTATACTACTAA	1
CCGTAGCTGCTGCAGGGAGAG	1
TGGAAGATGAGTCTGAAAAAA	1
AACTGCATGGATATATGGAGA	1
ATTTCGAGTTCGGCCGTTTCC	1
GCTTGGAGTGCAATCAATATA	1
AAGGCATCCTGCTGCGTCTTG	1
ACTCCCGAGGGCTATGAAACT	1
ACGCCCACTACGGATATACAA	1
GCACCTCTTGCTAGTCTGGGC	1
AAACCCTAATGCCTGCTTCCC	1
CAGATATGCTCATCTGAGAGG	1
TAGAATGCTCCAAACTAAATA	1
CGCAACGGGATGGAATCACCC	1
ACTAAGAGTTAGAGTGTGGAA	1
CATCCGTGATCGTCTACGATC	1
AGTTTTCATTGGGGACCATAA	1
TTATCCGGTGGCACCACTCAA	1
AGATGCAGAACGCACGATATC	1
CTGCAACCATTAGGCTCCTCA	1
GGTACGTGGAATGAACTTGGA	1
CATAATAATATCCCCGGAATA	1
CACCGCTAGCCATTTCCGTCA	1
TCTGAGGATTCGATAAAGGCA	1
AACCCCACTAAAAGGCTTGTG	1
CATGTGTCGAATCGCTTATTC	1
AGAGCTCAAGGGAAGACGGAC	1
AGTGAGATGGTACCATTAATC	1
AGGCATACTTCCTTTCTCTGC	1
AGCACGTCATGTTCACTAATC	1
ACTTCTTGCTAACAGAACACG	1
CTAACGAATAACATTAATCGA	1
GAGAACCCTCTATTGGATTAC	1
AACCAAGCATCAGTGAGTCAT	1
GCGAGATCGTCCCTCCGGGTA	1
ACATCACTGGCGGACATTGTC	1
ATATTTGACTTACGAAAAGTC	1
TCCATTACGAAAAGGGTCCAA	1
AGGCGACTACTAGTTAATCGC	1
AATTATTTGATTAAAGGGACG	1
CGCATAGTCTAAGTTTAGCGC	1
AATCTATCGACTTATCACTTC	1
CACCCACATTTGATATGAGAA	1
AATACAGCTGTACTAAAGGCA	1
AGACCTGTTAATGAGAGATTG	1
ACCTCATCCACAGGCAACTTG	1
GTACGGCCGCCGGTTCAGTCA	1
ATTTTAATAGTTTGAAAGGAG	1
ACTATTTAACGGGATAGTTCT	1
ATGGCCGGCGCTGGAAGAATG	1
GCTCGTCGGTCGCGGCTATAC	1
AGGAACTGAGGCTACATAAAA	1
AATCCCTCACTTCCTCTAAAT	1
ATTGGAAAGACCCTATGCCCC	1
CGAGATTTGCTTCGGCAACGA	1
AATAATCTATTTTTTTCTGTC	1
ATGTCTTCGTGCACTGTGTAC	1
GTCACAATTACAATACAGCGA	1
ATTACTTCATTATCGAAACTC	1
CAACTCAAACCGAGTTAGGCC	1
CGCAACGCAGGAGTGTCTGCC	1
GTCCATTACCGTATCTCGCCA	1
ATATATCGAGGAGGTTATGGG	1
AACTCGCCGTCCGTTAAGCCC	1
AGAGCTCCAGAAACCCAGATC	1
AACGCCTGAGACTAGGATCCG	1
AAACTAGTTTAACGTTTGATA	1
CAAGCAAAATCTGGGTGATCG	1
AATGCATGTGACTACCTAGAA	1
CTCACCTGATAGGCAACGAGA	1
GATTGTGACTCTCCCCTTCCA	1
CCCCATGATTGGGAACGCAGA	1
AGCTGCCTTGGGGGTATATCG	1
AGTTGAACAAAAAGTAATCGG	1
CGCCGACCCTTTGCCCGCAAG	1
TAGTCGTAGCGTATACAACTA	1
ACGTCAATTATGAATATCAAT	1
CAGTAACTCCTTTACGCCGAG	1
GAGGTATTCGGATAGAAGGTA	1
GGATGTTTTGCTTGCCGAGGA	1
AGCCGGGCTTTTATGCAGCTC	1
GTAAATAATAATACCTGCCAC	1
AATCCAGGCAAATTATCGCAT	1
ATGGACTGCCTAACAGGTAAG	1
ATAGACTCAAATTCAGGATTA	1
CCACGTAGCCGAGAGCTTCCC	1
GCGCTAAATCTCATAGTCCTA	1
ATCGCTCGAGGTCACGTCTTG	1
AACAAAGTTATGCGTTAGCAT	1
GACATTTGATTTAAGATCGTA	1
AGTTTCCGCCGGAATAACCAG	1
ACCGTCCCGCTGAGTTGTAGG	1
CCGTATGAATGGTACATTCAA	1
AATTTATTGCAATTGTTCGAT	1
CACTGTATAAGCACGGCATCA	1
AGTAAGATGGGCTGAAGGATG	1
CCTCTTTGGTATTGATTCTTC	1
CCGAAAGCCGCTTTTTCGGGC	1
AGTCCCCTCGAGTAGTTCAAA	1
CCCAACGTGTTCGACTCGTTC	1
AGCAGTTTAGACAAAAGCTAG	1
CGGGCGACTATTTAGTCCAAG	1
GTAAACTCACGGTTCCCGAAC	1
GCGACGGATTTATGCTATACA	1
CGAGACCTGCTTAAGCGTCGA	1
GAAGCATATAACAATTAAACC	1
ACTCACTCCCTAGCGGACTAA	1
TCAGCTAAAAGAGCTCTTTAA	1
GAATCTTATATCGACATGCAC	1
CTCCTAAGAGACTTTACCGCA	1
GTTCATGAAGGTCATAATCGA	1
ACGTAACAGAGTACCTAAATC	1
GGCTCGCTGCGAAAATCTAAA	1
ATTGAGAATGAGTCGGAGATA	1
ATCGTACTGAGACTTACTGAA	1
AAACAATTACTTTGGTAGCCG	1
CTTTTTATTGTAAGATTATAC	1
AAAGTATTAAATTATTTTATT	1
CAAACGGTCGACGTACCAAGG	1
ACTCCTGCCTCGAGTCTAGCG	1
GAACAATGCGTTCACATCTAC	1
CGTGCCGGTTCACCTTAGTAA	1
CGGCTGATATCACTCAATCTA	1
CCAAAATTCTCACACAAAGAG	1
AACGCTATAACGAGCTCTCAA	1
CCATCTACCTCAGCGAAAGAA	1
ACCCCTTGAAGTAATCTCACC	1
GGACAGGTTAGAGACTCCATA	1
GTTACAAAGAGTCGTAACTTA	1
ATTAGTCCCAGCTAAAAGAAA	1
AATCGTATGATTCTGATAATC	1
AGAACACATCGACCAGGGAGG	1
CAGCCTGCGATGGACATTCAC	1
CGGTTAGGCCTTCTAAAAGTA	1
GCGGGACGCATTACAGCTTAA	1
GTTCAGAACTGGAACCACGCA	1
TCAAACGTAAGGCTCCTACCA	1
AGCCTATTCAACGGCTGAACT	1
CGTAAGGAGGACATGCAGGAA	1
CACGTATTGTCCATGGTACTA	1
ATCATAGTCTAGTCATAAGTG	1
AACGTATATGTTATCGTAGAT	1
TACTAAAACGCCTAGTGTTGA	1
GGTAGACCATCGACCTCACTA	1
TACGGGGCACTTTTGGTTAAA	1
AAGAGGTAAACGTCGGGCTGA	1
CTCTCCAGTCTCTAGTAGATC	1
AAAAGGTCTGTCAGTGAAGTC	1
CATCCGGGATTAGATCTTAGG	1
ACAGGCAACCAGTAGTGCTTA	1
AACGTGATTTTAAACAACGAA	1
CTGACGCTTATACCTGAAGAC	1
AAATCACATAGTGGTGTTGTA	1
AAGCAAGAGAACTTCCAGTGC	1
CTACGATAACCGCGAATCTTA	1
CACTGTACAGGCGTACCCTGC	1
ATCTTGACAGTTATGGTCACA	1
ATTATAACCCCGAGTCACATG	1
ACCCATTGCATTATTAATGAG	1
TCATCCGAGGCGGTGTCGGGA	1
TACCAAATGGAACCTAGTCCA	1
TCCAACCCTTTCTGTAGGCAA	1
GAATCTTTAAGGGTTCTATAA	1
AATTCCTCCGCTATGGACGAA	1
CGACCTGAACGTTGTACCGCA	1
ACCACTGTTGTGGCCACCTAA	1
GATAACCGTGTCTTATGTTCC	1
CTTCAATACTATTGCTTCACC	1
GCCCCTCGATCAGTCCGTTAA	1
ATTAGGACGCATTACCGCTCC	1
ATTTAAATCGTCGTACGCCGC	1
ATCCGAACGTAATGCTAGGAT	1
CTGCAGCTTATTGGGGCTAAA	1
ATGAACAGTGTTATTATAGAG	1
ACCTAATCGCCACAAATTCGT	1
ATCATTCACGTTTACGATTGA	1
CCCCATCATAGTGGCCGTAAC	1
AACACCTTATCAGAACTGGTA	1
AAAACGTGACCTGTAAGTACC	1
CGGCATTGAGAAGAATGGACG	1
CAACAAGAGTCGCGAAATACG	1
ACCGGAATCCGTTTGTTGTAT	1
GAACAAAGGATCCGTCACATC	1
GCATCCTCCCATGCTACCAGA	1
AACCAGGTAACCCATTTTGAT	1
AAAGTGATATTAGTGGTGGCT	1
CCCTGCGTTCATTACTACGGA	1
CATTCTAGGAAAGTCGAAGCC	1
CTGAATTTCGCAGATCTCCAC	1
ACTTAAAAAAAGTTCGGCGTC	1
ATCACAATTAATTATAACCTC	1
CAGCGGGTACAAGAGGGAAGC	1
AATGGCGTCCTAGCCCTATGG	1
ATGACAATTGCCAGATCCGCG	1
ATTTTCCGAGCTAAGCTACCC	1
AGCTAGAGAATCCTACCGGTA	1
AGCTGCGAAAGCCCTGAATCA	1
GACGACGAATGTAAACCGACC	1
CATACATTTCTACCGACTCTA	1
CACCAAAGATACAATTATAAG	1
CCTGCAGAGCAGATAACCTGA	1
ACGGGTCAAGTCGTATTTCAT	1
AGCTCTAGAAATGGATTCGTA	1
CAGGTTATTCTAATGCATAGG	1
CCTATCCAGGCGTTAGCACAA	1
GCGTGTTGATTAGCAAAGTCA	1
CGATGTTCTTCGAGCTAGCCA	1
AAGTGCACTTGCGTGCGAGTA	1
CTCGATTCCGTATCCCAGCAG	1
ACAGTCACGAACTACTGCACA	1
ATTAGTGTGGGTAAATGCCGC	1
TATTCTGATGTAGCTAAGTAA	1
CCTGTAGGGAAAAGAGTGATC	1
TATATTCGTCAGTATATCAAA	1
GACGCAAACTGGATGACAATA	1
CATAGGCTAGTGATATTTTAA	1
ACGGACAAAGCCATGCGCACA	1
ATTTCTACATGATATACTTTA	1
CCATTCGAGTACTAAGCGTCC	1
CTTGGAGTTCTGGGAGTCAAA	1
CCTGGTCGGCCTCACGGTCAA	1
ATATCATTAGACACCCGTTTC	1
AGTAACCGCTTTCGCCTTACG	1
AGATAGACGTATCCGGACATA	1
CATTCTTCTAAGTATAGATTA	1
CCAGCATGCGTAACAGTTCAA	1
ACTTATCTTGGGATCACTCCC	1
GCTCAATAGGCCCGAATTCAA	1
TACTTGGATGTTGAATTCTCA	1
AGGAGTAAAGTTTCCCTCGGG	1
CCCCGCATTAGACTCTTTGCC	1
GCTCTATGGTTTACGACTTAA	1
CTTGTTCATCAAACGGCCTAC	1
AGAGTGACGGTGCTAATGCCC	1
AGCGGTGCAGGTTAGCCAAGA	1
CTCAAATGCAGATGGTCGAAG	1
ACCAGGCGTCGATTAATCTCG	1
GATTACCTAAGCACTTCACGC	1
ATCCGTCGAGAGACCCGGAGG	1
ATGGCTCCAGAATATTATCAA	1
AACTATATCAATAGTAATACG	1
ACCGTCTCATCATCTACTCGC	1
ATAAGTCTCCATTTTCTCATA	1
AAGTGGTCGCGGTCTTTAACT	1
GCTAAGGAATAAACCTTTACC	1
ATACGCATTGGTACACTCTAC	1
GCAATGAATGCACTCCCAAAC	1
AAACAGAAGTGTTGACTCATG	1
GCTCGTCTACAAGAAAGTAAA	1
CTAGTTTTGCCGGATGCCTGC	1
ACCCCGTTTAATGTCCCTTAC	1
ACCTGTTGATGGTGCTAGAGG	1
ACTAATTTATCCTGGGTTCCA	1
CAAGTGATGTCACTTACAGCA	1
TGGCATAGATCCTAATTCAAA	1
GACAAATACACCTTCTCGCTA	1
AGAGTGTTGGATCAACGGGGG	1
CGGGCTCATAATTCTGCACCG	1
TACGCAGTAATCATGCCCGCA	1
AAGTCCTGCTCCAACTGGTGG	1
CACACAGGTATCTTCCAGGGC	1
CAACCATCCGACATAGATGGC	1
CTTTAAAGCAAATTGAGCAGA	1
TATCTTGAGAGTAAGATAGGA	1
TGACTACCGTGTCAAATTTAA	1
ATATATAGGACCTTTCCGGCC	1
TCAGACCCTTATAGTAGGACA	1
CTATTGTGCTTAATGGATAGA	1
AGCTGCGTTGTTTGAGACGCA	1
GATACGGGCTGACGCTTGCCA	1
TATAAGATATAGTCCACATGA	1
CATCGTAGGCCACGACTACCA	1
CAGCTACATAATATAAGAGAA	1
AAGTCCTAGAGTCACTATTAT	1
CGAACGTAGCTGAACGAACCA	1
AGACTATTGACCAGCGGAAGC	1
GCTGAAAGTAGCGTCTATGCA	1
AACTAACGCTGGGTAGGTCCC	1
CTGGAAACTATTGCGGCCTGA	1
AGGTGAGGAACATAAGAGATC	1
ATCACGTGAGGAATAATTTTG	1
AGCGGAGGGCAATCTTGTGCC	1
AGGGATCAAGCGATATCTGGA	1
ACTTCTAGTTTCAGACTTCAA	1
AACCTAAATTCGCACGCATTC	1
CTCTATCAAGCACATAGCCAG	1
ATAGCATTGCTGCGATATGCA	1
ATCTATATCTACCACGCGCTA	1
AATCTTGAATAGGCCGGCTTG	1
CTTATGTTAAGCCGTATTCGC	1
GACCTTGAGGGGGGAGTAGTA	1
ACTAATTAATGATTGAAAGCA	1
CAAAACGTCAAGTTGTTCGTA	1
GAATGCTCGTCGTAAGATGGC	1
CATGGGATTTCTCGCAATCGA	1
ATGCACAAGGATTCGTACGAC	1
CCCTGGAAGCTTATTGGATTA	1
CATGGCCCAGGGCTATTGAAG	1
ATATAATGCCAAATTTCATAA	1
CGTCAGCAATATAATAAAAAC	1
TAAGGAATTGACTCATTTGCA	1
ACTGGTATCGCTCATACCAAG	1
GGGCAATTGCCAGAACTCACC	1
ATCATTACCTGATTAATATTG	1
ATCGCCAGCAATACTCTTCGG	1
ACAACAGGAACGACTGACAAC	1
ACCAATCTCTGGTGTAAAAGC	1
CAGTACTCAGTAACTCGGGCC	1
AAAGTGTAAGAATAGGCATCA	1
GGTGGTACAGTAAACGTTTGA	1
AGCTGGTGTGGCGCCCCTCGG	1
AAGATAGGATCAGGATTAGTG	1
AAACGAAGGTTTACGGCCAGG	1
GCCTTTACGCAGACAAATAAC	1
AAAACGTACCGCTCAGTTATG	1
CATCGTCACCGAATATATTGA	1
ACGCTTTGGTTGCACTAACCT	1
TACCCTAATAATAGGTCTGAA	1
ATCTAGGAAAGTACAAAACCC	1
ATCTCCGGTTACATCTCAAGG	1
AGTCAGGTTGAAATACGCAAG	1
ATAAGACATACTAATGCATGA	1
GGTTTCAGTAAGTTCGAACGA	1
ACGCGGGCAAATTATCCGTCT	1
AGACGAATTAACAAAAGGTCC	1
ATATGGTAAGTCCAGGTGACA	1
AATAATGCACGTAACGTCAGT	1
AAGTATTGGTTGTAAGACGAC	1
AATTTTACATCCTTCAGACAT	1
ATGACCGCCACGACCGGTCAA	1
CCTGAGTTATAGATCACCAAA	1
GTATAATCTCAAACGGAAGGA	1
ACATCTTGAGGGGAGTGTTGG	1
AAAATATACGGGTAAGCTTGT	1
CCTGTCCCCGACAATATCAAG	1
AGTGCTATAGAAGGACAAGAA	1
ATGTGGATATTTTACAAAGGG	1
CTTCTTACACGATTGCGTTCA	1
CCCTACTTAGTATTATGAGTA	1
ATCCATTTACGGTATACCTAA	1
AGGGTATATCAGACTAACAAA	1
TAAGAGACTCTTAATACTAGA	1
GACAAACCTCCTTTGGACGAC	1
AACTCTCTAGGGAGTTGTGCT	1
ACCAGGTGAGCTAGCGCGCTA	1
ATCAGCAACGGGATTTTAACG	1
GACAAGAATTCAACGCACGAA	1
CATCTAAAAGACAAGTGCGCC	1
AGATGTGTTCACAGTCTCCTA	1
CCTATGGAGCTGGCTACATAC	1
ACCTCTGAGTTTTCAGGAGGC	1
AATCGCGCGATTCTTATCGCT	1
GGGCGAGCTTTCGCAACAATA	1
AGGTTGACTTGAATTTCCAAA	1
AGTCGAAGGAAACTCATGAGG	1
CCCGCATACAACGCGGCTAAC	1
AATCCTCCACTCCGGTGTATC	1
CTTAATTGGCTTGATAAAGCA	1
AGCCGATTATCATGCTTAGCT	1
CTATTGGTGAGTAGGGTGGTA	1
CGAGCAAGGACCCCACCTGTC	1
GAATCCTCTTTTATGCTAGCC	1
GCAGAGAAAAACACGGAGCGC	1
GTACTCGACTATCGAACAACA	1
AATAGTTGTCAACTGTTCTAT	1
TAATTGACTTAAATAACCGAA	1
CTCGCATACAAAAATATCCGA	1
CCAGTTTCTATAATGGTGAAA	1
GCTTGGGTATGCAGGAGCCAA	1
GGGTTACAATAATGCCAAATA	1
GTGCCGATGTATTTGGACCGA	1
CAATGTAACGTATGTCTATGA	1
ACCTAAACTTTAGAAGGCGCT	1
GTTAATCACAGTCCATACGTA	1
AGAATGGATCCCCAGGCTTTA	1
GCAAACCCTACAGCTGCTACC	1
TACATACCGTAGCCAGCAAAA	1
CATGCTTATTATTACTAAGGG	1
ATGATTTGCGTGTTGTTGTTG	1
ACACGACCCGGCTCGACCAAT	1
GGGAACTTAATTCCGGCGGTA	1
AAATTGAGGTTTAAGTTGCTT	1
CGGATTGCAGGGGAATGCAGA	1
CGATTTACAACTCTCTGTTAG	1
CGTACACCATACTCAATCCGC	1
CTTCAGCGAGTTGCTGCTTTC	1
ATAAAATTCCCGTGCATTTGA	1
CTTATTGATTACGTGCTAGGC	1
ATAATCGATTCTAGACGAATA	1
CCTACGCTTTAGCTGCTCTAG	1
ACTTACGTCGTGGACTAGTAG	1
AGTATCATGGTTCAGCTCCGC	1
ACTACCCATGCAAAGGCTTCT	1
AGCTGCAATCCATTTCATACG	1
ATCTATCTTTGCTAGTTTTTC	1
AATTTTGCCGGATCGAGTGGC	1
CGTCAGAGAACACTGAGCCTC	1
GAGGGGCTCCATGACGATGCC	1
AAGGAAAAATATATAGACTCA	1
AAAATCATTAGTACCCTTCAC	1
CCGTATCCAATCACAGCTCAA	1
ATAAGTCAGCACAGCACACAA	1
GCCAAGACAAAGAACCTGAGA	1
AAGATGGATTGAATCTCGGAT	1
AAAATTTCATAGATGATAAAA	1
ATACCGTGCACGATTAGAGGG	1
CTTTAATGACTACTGGGACCA	1
CCTGTCGTCGATCTAGAAGCC	1
CTTGAACAGAACTCGAAACAC	1
TACTGGCCCTCCTATCAGCAA	1
CGCGTCTCATGTTGGGACTAC	1
AGGTGCTTCCTGTAGGTATAG	1
CTAAAATCTAGGGTTGTAAAC	1
CTAATCGGTGCCTGTCTTTTA	1
CAATTATTGCAACGAAAGGTA	1
CCGGATGCAAACGCCACCTCC	1
AGGGTTGGATCTACCTGGGAT	1
GAATACAGTTATGTTGAAACC	1
CATGTTCAGGAAAGTGATCCC	1
ATAGTGCTGACGTTTTTTGTC	1
AGCAGCGCGGTTTGTTTAACC	1
TGGCTTGATAGGAAAAAAAAA	1
GCACGTCTTTTTAGACATACC	1
TCGCTCAGACATGCGCTTTAA	1
ACGAGGTCCCCAATGTAGCCG	1
ATCCGCCCGTCGTACATATCC	1
AAACTTGAAGAAAATTTACTG	1
CATGAGTACTAAGATTTGAAA	1
CAATATAATTTTGCACCTTCG	1
TCGGGAAAGGAGTAGATGACA	1
TGGACAAGATATTCCCACTAA	1
AGTTTTTTTCCTCTAACACCC	1
GAAATTCGACTTCTAAAGACC	1
CCATTGGAAAGCTGACCCGCG	1
TATGTCGTCAATACTAGATCA	1
GAGCCACAATCTGTAAGGTCA	1
CTGGAACTCGAGCAGTAAACC	1
AAGTACTCACCAAAAGATTAA	1
ACAGGGGAGGGTAGTAAGTAT	1
TAGTAGAGATCAAAAAAATCA	1
CAACTACTGATTGGTCGATGG	1
GCTAAGTCCTGAAACTAAAAC	1
GAGGTTGTGCTATTATGTGAA	1
TATACGAACAAAGGTGATGGA	1
ACGTTTTCATGGCAATGAAAA	1
TACGTAGTCCGCGGCCACCAA	1
CACCCGTTTGCGAGATTAAAC	1
CTTACGGCTGAGAAGACATAC	1
AATCACCGTTACATTTGATAT	1
CCAATCCGTTGAGTGATTGAG	1
AACAGCTCGATGCGTCTGGGA	1
CACCTCGCTGGTAAGCCTCCG	1
ATTTCTGCTCGAAACTAAAAA	1
ATACGGGCCCACGGGAAATAC	1
CCAGTCGTATCGAGTTGTCCG	1
GCGAAAAAATTCATCCAGAAC	1
GATTTCAAACACCAAACGGAC	1
GTTCACGCCCCATCGTTCGGA	1
AGGGGTAGACTCGCCACGTAA	1
TCTAAAGTAGATAGCAGTTAA	1
TAATGCATAGTTGCATGGCGA	1
TGCCTCCACTCTAAAATGCAA	1
AATCACGATAAAAGTACCCTG	1
CTACGAAGAGGTACTTACGGA	1
GTCAAGTAGATTCGAAGACTA	1
TACCTATGCCTAGCTGGGCTA	1
AACTCGGCTAGCTGAGTTGGA	1
ACCTAAGATTAGTGTGACGTA	1
ACAGTTCCGAATGTTAAGCTG	1
CTTGGGTACCAGTAAGTAATC	1
ACGTCGTCTAGACTAAACATG	1
AGCAATAATAATGTCTGTGCG	1
CTGGGTTATCTAAATTAGATC	1
CTCGAGTCCTCTCAGATAAGC	1
AAATCTGCAGACCCAGGGAAA	1
CCGGGAGGTAGATTACGGGGC	1
ACGAGCCTCGTCCATAGGAAC	1
GCAGTTAACGTACAGTCTCTA	1
ACCCGATAGCGGATCAACAAG	1
TATTAGCAATCTGACTGTGAA	1
CATGGGCCTGAATATAGGTCG	1
CCGTTAAGAAACATGATACGC	1
CAAGACGTAGTCGTTGCAATA	1
AATCTCGTTCCCTCTGATGAC	1
AGGTCGAGCATAAAACTCGAT	1
ACCCCACAGATGGAGCTGAAA	1
ATTCTGTCACTTTTTTTTCTA	1
GGAGTGCGAATCGTAAAGACA	1
GAACTGGTCATATAGTGTGAA	1
