family_id	old_assembly_bp	new_assembly_bp	old_new_ratio	reference_state_binary	any_alignment_bp	any_alignment_fraction	primary_alignment_bp	primary_alignment_fraction	same_chromosome_primary_alignment_bp	same_chromosome_primary_alignment_fraction	same_chromosome_primary_mapq20_alignment_bp	same_chromosome_primary_mapq20_alignment_fraction
TXF000012	36044	34438	1.0466345316220453	other_reference_state	28129	0.8168012079679424	28128	0.8167721702770195	0	0.0	0	0.0
TXF000047	41126	43419	0.9471890186323959	other_reference_state	38278	0.8815956148230037	38134	0.878279094405675	0	0.0	0	0.0
TXF000058	17928	16661	1.076045855590901	other_reference_state	16659	0.9998799591861233	16659	0.9998799591861233	0	0.0	0	0.0
TXF000075	26223	25039	1.0472862334757778	other_reference_state	23946	0.9563480969687288	23946	0.9563480969687288	0	0.0	0	0.0
TXF000077	16041	16442	0.9756112395085756	other_reference_state	13675	0.8317114706240116	13675	0.8317114706240116	0	0.0	0	0.0
TXF000084	102232	101138	1.0108169036366152	other_reference_state	81471	0.8055429215527299	81470	0.8055330340722577	0	0.0	0	0.0
TXF000146	25926	24732	1.0482775351770985	other_reference_state	19099	0.7722383956008411	19099	0.7722383956008411	0	0.0	0	0.0
TXF000209	18136	16353	1.1090319818993457	other_reference_state	14182	0.8672414847428607	14182	0.8672414847428607	0	0.0	0	0.0
TXF000217	19189	18687	1.0268635950125755	other_reference_state	18077	0.9673569861400974	18077	0.9673569861400974	0	0.0	0	0.0
TXF000220	16071	16052	1.0011836531273361	other_reference_state	14283	0.889795664091702	14283	0.889795664091702	0	0.0	0	0.0
TXF000230	18069	17031	1.060947683635723	other_reference_state	15997	0.9392871821971699	15997	0.9392871821971699	0	0.0	0	0.0
TXF000246	33689	32370	1.0407476058078469	other_reference_state	30271	0.9351560086499846	30105	0.9300278035217794	0	0.0	0	0.0
TXF000264	19389	18534	1.0461314341210748	other_reference_state	13669	0.737509442106399	13669	0.737509442106399	0	0.0	0	0.0
TXF000304	45125	42800	1.0543224299065421	other_reference_state	40350	0.9427570093457944	40350	0.9427570093457944	0	0.0	0	0.0
TXF000327	20206	18596	1.0865777586577758	other_reference_state	14045	0.7552699505269951	14045	0.7552699505269951	0	0.0	0	0.0
TXF000359	45372	51748	0.8767875086959882	other_reference_state	17842	0.3447862719332148	17842	0.3447862719332148	0	0.0	0	0.0
TXF000439	60681	67946	0.8930768551496777	other_reference_state	47677	0.7016895770170429	46971	0.6912989727136255	0	0.0	0	0.0
TXF000495	27159	31226	0.8697559725869468	other_reference_state	24804	0.794338051623647	24804	0.794338051623647	0	0.0	0	0.0
TXF000496	27666	55562	0.4979302400921493	reference_collapse	40238	0.7241999928008351	40102	0.7217522767358986	0	0.0	0	0.0
TXF000563	18027	15537	1.1602625989573276	other_reference_state	14360	0.9242453498101306	14360	0.9242453498101306	0	0.0	0	0.0
TXF000579	16087	16236	0.9908228627740823	other_reference_state	12891	0.7939763488543976	12891	0.7939763488543976	0	0.0	0	0.0
TXF000580	22905	25130	0.9114604058893753	other_reference_state	20151	0.8018702745722245	20151	0.8018702745722245	0	0.0	0	0.0
TXF000642	22238	21544	1.0322131451912366	other_reference_state	20028	0.9296323802450799	20028	0.9296323802450799	0	0.0	0	0.0
TXF000653	39397	63658	0.6188852932859971	other_reference_state	43598	0.6848785698576769	43190	0.6784693204310535	0	0.0	0	0.0
TXF000695	4073	20424	0.19942224833529182	reference_collapse	3101	0.15183117900509205	3101	0.15183117900509205	0	0.0	0	0.0
TXF000704	15553	16188	0.9607734124042501	other_reference_state	14860	0.9179639238942426	14860	0.9179639238942426	0	0.0	0	0.0
TXF000719	197814	234096	0.8450123026450687	other_reference_state	184612	0.788616635910054	183772	0.7850283644316861	0	0.0	0	0.0
TXF000723	32299	31737	1.017708037936793	other_reference_state	30447	0.959353436052557	30280	0.9540914390143996	0	0.0	0	0.0
TXF000739	15609	16533	0.9441117764471058	other_reference_state	13540	0.8189681243573459	13517	0.8175769672775661	0	0.0	0	0.0
TXF000766	47446	47582	0.9971417763019629	other_reference_state	44732	0.9401034004455466	44687	0.9391576646631079	0	0.0	0	0.0
TXF000870	35325	38390	0.9201615003907267	other_reference_state	34017	0.8860901276374056	34017	0.8860901276374056	0	0.0	0	0.0
TXF000888	59637	56030	1.0643762270212387	other_reference_state	50051	0.8932893092985901	50034	0.8929859004104944	0	0.0	0	0.0
TXF000890	37500	37088	1.0111087144089732	other_reference_state	26902	0.7253559102674719	26902	0.7253559102674719	0	0.0	0	0.0
TXF000894	431729	442859	0.9748678473283822	other_reference_state	400676	0.9047484639580544	400291	0.903879112765011	0	0.0	0	0.0
TXF000905	19493	21211	0.9190042902267691	other_reference_state	17040	0.8033567488567253	17040	0.8033567488567253	0	0.0	0	0.0
TXF000910	18535	16113	1.1503134115310618	other_reference_state	15652	0.9713895612238566	15652	0.9713895612238566	0	0.0	0	0.0
TXF000932	18817	24798	0.7588111944511654	other_reference_state	17155	0.6917896604564884	17149	0.6915477054601178	0	0.0	0	0.0
TXF000935	33266	31004	1.0729583279576829	other_reference_state	29404	0.948393755644433	29404	0.948393755644433	0	0.0	0	0.0
TXF000940	16399	15617	1.0500736377025037	other_reference_state	15132	0.968944099378882	15132	0.968944099378882	0	0.0	0	0.0
TXF000942	27022	26328	1.0263597690671529	other_reference_state	25590	0.9719690063810392	25590	0.9719690063810392	0	0.0	0	0.0
TXF000969	62065	60254	1.0300560958608558	other_reference_state	58733	0.9747568626149301	58733	0.9747568626149301	0	0.0	0	0.0
TXF001113	36310	35558	1.0211485460374599	other_reference_state	33393	0.9391135609426852	33393	0.9391135609426852	0	0.0	0	0.0
TXF001121	19645	27092	0.72512180717555	other_reference_state	21154	0.7808209065406763	21008	0.7754318618042226	0	0.0	0	0.0
