length_bin_kb	gc_bin_percent	mean_quality_bin_phred	read_count
0	37	90	1
0	39	35	1
0	40	25	1
0	41	90	1
0	44	25	3
0	44	30	2
0	44	35	1
0	44	90	3
0	45	20	2
0	45	25	1
0	45	40	1
0	45	45	1
0	45	90	1
0	46	20	1
0	46	35	1
0	46	45	1
0	47	20	1
0	47	90	1
0	48	60	1
0	48	90	1
0	55	90	1
0	59	90	2
0	60	25	1
0	60	30	1
0	60	60	1
0	61	30	1
0	63	30	1
1	26	20	1
1	30	20	1
1	31	35	2
1	31	90	1
1	32	35	1
1	33	90	3
1	34	50	1
1	35	25	1
1	35	30	1
1	35	40	1
1	35	90	1
1	36	35	1
1	36	40	1
1	36	45	1
1	36	80	1
1	37	90	3
1	38	30	3
1	38	45	2
1	38	85	1
1	38	90	2
1	39	20	2
1	39	30	1
1	39	40	1
1	39	45	2
1	39	65	1
1	39	90	1
1	40	25	1
1	40	35	1
1	40	90	5
1	41	20	1
1	41	25	1
1	41	55	1
1	41	65	2
1	42	20	2
1	42	30	3
1	42	40	4
1	42	45	1
1	42	75	1
1	42	90	2
1	43	20	1
1	43	25	2
1	43	35	3
1	43	55	2
1	43	80	1
1	43	90	6
1	44	20	1
1	44	25	2
1	44	30	3
1	44	35	2
1	44	45	2
1	44	55	1
1	44	70	2
1	44	85	1
1	45	20	2
1	45	25	3
1	45	30	6
1	45	35	2
1	45	40	1
1	45	55	1
1	45	70	1
1	45	75	1
1	45	90	1
1	46	20	3
1	46	25	2
1	46	30	3
1	46	35	4
1	46	40	2
1	46	55	1
1	46	70	1
1	46	90	1
1	47	30	2
1	47	35	6
1	47	40	1
1	47	45	1
1	47	50	3
1	47	65	1
1	47	90	4
1	48	25	1
1	48	30	3
1	48	40	1
1	48	90	1
1	49	30	1
1	49	40	1
1	49	75	1
1	49	90	3
1	50	20	1
1	50	30	2
1	50	40	1
1	51	25	1
1	51	30	2
1	51	35	2
1	51	40	1
1	51	45	1
1	51	85	1
1	51	90	1
1	52	40	1
1	53	20	1
1	53	25	1
1	53	35	2
1	53	45	1
1	54	20	1
1	54	30	1
1	55	20	1
1	55	30	2
1	55	35	1
1	56	25	1
1	56	30	1
1	56	35	1
1	57	20	2
1	57	35	1
1	58	20	1
1	58	25	1
1	58	75	1
1	59	25	1
1	59	35	1
1	59	45	1
1	59	80	1
1	60	30	1
1	60	35	1
1	60	40	1
1	60	55	1
1	61	20	1
1	61	40	1
1	61	45	1
1	62	45	1
1	63	20	2
1	63	35	1
1	64	25	2
1	64	35	1
1	64	80	1
1	66	30	1
1	66	40	1
1	69	30	1
1	70	25	1
1	77	30	1
2	30	25	1
2	30	35	1
2	31	20	1
2	32	25	1
2	32	30	2
2	34	30	1
2	35	20	2
2	35	35	3
2	35	90	1
2	36	30	1
2	37	20	2
2	37	25	2
2	37	35	2
2	37	90	1
2	38	20	1
2	38	30	1
2	38	35	1
2	38	40	2
2	38	90	1
2	39	20	1
2	39	25	2
2	39	30	1
2	39	35	2
2	39	90	3
2	40	20	3
2	40	30	2
2	40	40	1
2	40	45	1
2	40	75	2
2	40	90	1
2	41	25	1
2	41	30	2
2	41	35	4
2	41	40	1
2	41	45	2
2	41	50	1
2	41	90	1
2	42	25	2
2	42	30	6
2	42	35	3
2	42	40	1
2	42	50	1
2	42	60	1
2	42	90	1
2	43	20	2
2	43	35	1
2	43	40	2
2	43	50	3
2	43	55	1
2	43	80	1
2	43	85	1
2	43	90	2
2	44	25	3
2	44	30	5
2	44	35	5
2	44	40	1
2	44	45	1
2	44	55	1
2	44	65	1
2	44	85	1
2	45	25	1
2	45	35	1
2	45	40	5
2	45	45	2
2	45	55	1
2	45	65	1
2	45	70	1
2	45	85	1
2	45	90	1
2	46	20	4
2	46	30	1
2	46	90	2
2	47	20	1
2	47	30	1
2	47	35	2
2	47	45	1
2	47	65	1
2	47	90	1
2	48	25	4
2	48	30	2
2	48	35	1
2	48	40	3
2	48	55	1
2	49	30	2
2	49	35	3
2	49	40	1
2	50	25	1
2	50	30	2
2	50	35	2
2	50	70	2
2	51	20	2
2	51	35	2
2	52	30	1
2	52	40	1
2	52	50	1
2	53	30	2
2	53	90	2
2	54	20	1
2	54	35	2
2	55	35	3
2	55	90	1
2	56	35	1
2	56	90	1
2	57	30	1
2	57	35	1
2	57	40	1
2	58	20	1
2	58	25	1
2	59	20	1
2	59	35	1
2	59	65	1
2	59	90	1
2	60	25	1
2	60	30	2
2	60	35	1
2	60	40	1
2	61	25	1
2	62	25	1
2	63	20	1
2	63	25	1
2	64	45	1
2	65	25	3
3	32	55	1
3	32	70	1
3	33	25	1
3	34	35	1
3	34	50	1
3	36	25	1
3	36	30	1
3	37	35	2
3	37	90	1
3	38	35	1
3	38	40	1
3	40	20	1
3	40	25	1
3	40	30	1
3	40	55	1
3	40	70	1
3	40	90	1
3	41	20	1
3	41	25	2
3	41	35	2
3	41	40	1
3	41	50	1
3	41	65	1
3	42	20	3
3	42	25	1
3	42	30	6
3	42	35	2
3	42	45	1
3	42	50	1
3	42	55	1
3	43	25	1
3	43	30	5
3	43	35	1
3	43	45	2
3	43	55	2
3	43	80	1
3	43	90	3
3	44	20	3
3	44	25	1
3	44	30	2
3	44	40	2
3	44	65	1
3	44	80	1
3	44	90	1
3	45	20	1
3	45	25	2
3	45	30	4
3	45	35	2
3	45	45	1
3	46	20	1
3	46	25	1
3	46	30	1
3	46	35	1
3	46	45	1
3	46	60	1
3	47	20	1
3	47	30	1
3	47	40	1
3	48	20	1
3	48	25	1
3	48	30	2
3	48	35	2
3	48	50	1
3	48	80	1
3	49	20	1
3	49	25	2
3	50	25	1
3	51	35	1
3	51	40	1
3	52	30	1
3	53	30	1
3	53	50	1
3	54	20	1
3	54	40	2
3	55	30	1
3	56	35	1
3	57	40	1
3	58	45	1
3	59	30	1
3	60	30	1
3	60	35	1
3	60	40	1
3	61	30	1
3	61	50	1
3	61	60	1
3	63	30	1
3	65	25	1
4	32	35	2
4	36	20	1
4	36	30	1
4	37	55	1
4	38	20	1
4	38	30	1
4	38	75	1
4	39	35	1
4	40	35	2
4	40	40	3
4	40	45	1
4	41	20	1
4	41	25	1
4	41	80	1
4	41	90	1
4	42	25	2
4	42	30	3
4	42	35	2
4	42	40	1
4	42	45	1
4	42	50	1
4	42	60	2
4	43	35	1
4	43	45	1
4	44	20	1
4	44	30	2
4	44	35	1
4	44	50	1
4	45	30	2
4	45	55	1
4	45	80	1
4	46	25	1
4	46	30	1
4	46	35	1
4	46	40	1
4	46	50	1
4	47	45	1
4	47	55	1
4	47	75	1
4	48	25	1
4	48	35	3
4	48	40	1
4	48	45	1
4	49	25	1
4	49	30	1
4	50	25	1
4	52	20	1
4	54	35	1
4	55	20	1
4	57	35	1
4	59	35	1
4	62	40	1
4	65	25	1
5	33	30	1
5	34	20	1
5	35	70	1
5	37	20	1
5	37	25	1
5	37	30	1
5	38	20	2
5	39	20	2
5	39	35	1
5	40	20	1
5	41	20	1
5	41	25	1
5	41	70	3
5	42	20	3
5	42	30	1
5	42	35	1
5	43	20	2
5	43	25	2
5	43	30	3
5	43	35	1
5	43	45	1
5	44	20	3
5	44	25	2
5	44	30	3
5	44	35	2
5	44	40	2
5	44	45	1
5	44	50	1
5	45	20	2
5	45	25	2
5	45	35	1
5	45	40	1
5	46	25	2
5	46	40	1
5	47	20	2
5	47	30	1
5	47	35	1
5	48	30	1
5	48	40	1
5	49	20	1
5	49	25	1
5	50	30	1
5	51	25	2
5	52	20	2
5	52	30	1
5	54	25	1
5	55	35	1
5	56	20	1
5	56	30	1
5	57	20	1
5	58	20	1
5	58	25	1
5	58	30	1
5	60	20	1
5	61	20	1
5	62	30	2
5	63	30	1
6	37	30	1
6	38	50	1
6	39	20	1
6	40	20	1
6	40	35	1
6	40	40	1
6	41	35	2
6	42	20	7
6	42	25	1
6	42	30	1
6	42	35	1
6	42	40	1
6	43	20	3
6	43	40	1
6	44	20	3
6	44	25	2
6	44	30	1
6	44	35	2
6	44	40	1
6	45	20	4
6	45	25	1
6	45	30	1
6	45	35	3
6	45	80	1
6	46	20	2
6	46	25	1
6	46	40	1
6	47	25	1
6	47	40	1
6	48	20	1
6	48	30	1
6	49	45	1
6	50	30	1
6	50	35	1
6	50	40	1
6	51	20	1
6	51	40	1
6	52	25	1
6	52	35	1
6	53	20	1
6	55	30	1
6	57	25	1
6	57	30	1
6	60	25	2
6	61	20	1
7	32	20	1
7	32	25	1
7	33	25	2
7	33	30	3
7	33	35	1
7	34	20	2
7	34	25	1
7	34	35	1
7	34	40	1
7	35	30	1
7	36	25	2
7	36	35	1
7	36	40	2
7	36	80	1
7	37	20	2
7	37	25	2
7	37	35	4
7	37	40	2
7	37	45	2
7	38	20	2
7	38	25	1
7	38	30	2
7	38	35	1
7	38	40	2
7	38	55	1
7	39	20	2
7	39	25	2
7	39	30	2
7	39	35	1
7	39	40	2
7	40	20	3
7	40	25	3
7	40	30	3
7	40	35	5
7	40	40	2
7	40	45	1
7	40	50	2
7	40	55	1
7	41	20	6
7	41	25	4
7	41	30	15
7	41	35	8
7	41	40	3
7	41	45	2
7	41	50	2
7	41	70	1
7	42	20	13
7	42	25	11
7	42	30	6
7	42	35	9
7	42	40	7
7	42	45	1
7	42	50	3
7	43	20	10
7	43	25	11
7	43	30	14
7	43	35	14
7	43	40	4
7	43	50	2
7	43	55	1
7	43	60	1
7	44	20	5
7	44	25	12
7	44	30	7
7	44	35	9
7	44	40	4
7	44	45	1
7	44	50	2
7	45	20	11
7	45	25	7
7	45	30	7
7	45	35	8
7	45	40	6
7	45	45	1
7	45	60	1
7	46	20	6
7	46	25	3
7	46	30	1
7	46	35	8
7	46	40	6
7	46	45	1
7	47	20	8
7	47	25	4
7	47	30	6
7	47	35	5
7	47	40	1
7	47	45	1
7	48	20	4
7	48	25	5
7	48	30	5
7	48	35	3
7	48	40	2
7	48	45	1
7	49	20	2
7	49	25	2
7	49	30	3
7	49	35	5
7	49	40	1
7	50	20	5
7	50	25	6
7	50	30	2
7	50	35	3
7	50	40	2
7	50	45	1
7	51	20	4
7	51	25	1
7	51	30	4
7	51	35	1
7	52	20	3
7	52	25	4
7	52	30	2
7	53	20	3
7	53	25	5
7	53	30	3
7	53	35	2
7	53	40	1
7	54	25	1
7	54	30	3
7	54	35	1
7	55	20	1
7	55	30	5
7	55	35	2
7	56	20	4
7	56	30	3
7	56	35	1
7	56	40	1
7	57	20	1
7	57	25	7
7	57	30	3
7	57	35	2
7	58	20	3
7	58	25	2
7	58	30	1
7	59	20	3
7	59	25	3
7	59	35	2
7	59	40	1
7	59	50	1
7	60	20	5
7	60	25	3
7	60	30	1
7	60	40	1
7	61	20	2
7	61	25	4
7	61	30	2
7	61	35	1
7	62	25	1
7	63	25	1
7	64	20	1
8	31	30	1
8	32	20	5
8	32	25	2
8	32	30	3
8	32	35	1
8	32	40	2
8	33	25	4
8	33	30	1
8	33	35	2
8	33	40	3
8	33	45	1
8	33	55	1
8	34	20	3
8	34	25	2
8	34	30	4
8	34	35	5
8	34	40	1
8	34	50	1
8	35	20	2
8	35	25	4
8	35	30	7
8	35	35	5
8	35	40	6
8	35	55	1
8	36	20	4
8	36	25	6
8	36	30	6
8	36	35	4
8	36	40	4
8	36	45	3
8	36	55	1
8	36	75	1
8	37	20	9
8	37	25	4
8	37	30	6
8	37	35	2
8	37	40	4
8	37	45	3
8	38	20	8
8	38	25	7
8	38	30	7
8	38	35	12
8	38	50	1
8	38	55	1
8	38	65	1
8	39	20	9
8	39	25	8
8	39	30	11
8	39	35	15
8	39	40	12
8	39	45	3
8	39	55	1
8	40	20	22
8	40	25	20
8	40	30	16
8	40	35	16
8	40	40	13
8	40	45	3
8	40	50	3
8	40	60	3
8	41	20	32
8	41	25	27
8	41	30	28
8	41	35	29
8	41	40	16
8	41	45	5
8	41	50	1
8	41	55	1
8	41	60	1
8	42	20	46
8	42	25	53
8	42	30	44
8	42	35	72
8	42	40	17
8	42	45	11
8	42	50	3
8	42	55	4
8	42	65	3
8	43	20	59
8	43	25	61
8	43	30	61
8	43	35	61
8	43	40	24
8	43	45	4
8	43	50	2
8	43	55	2
8	43	60	3
8	44	20	58
8	44	25	59
8	44	30	56
8	44	35	55
8	44	40	22
8	44	45	10
8	44	50	3
8	44	55	1
8	44	60	1
8	44	70	2
8	45	20	40
8	45	25	36
8	45	30	48
8	45	35	45
8	45	40	19
8	45	45	7
8	45	50	3
8	45	55	2
8	46	20	44
8	46	25	31
8	46	30	39
8	46	35	35
8	46	40	10
8	46	45	4
8	46	50	2
8	46	65	1
8	47	20	37
8	47	25	25
8	47	30	20
8	47	35	17
8	47	40	5
8	47	50	2
8	48	20	29
8	48	25	19
8	48	30	23
8	48	35	14
8	48	40	5
8	48	70	1
8	49	20	20
8	49	25	28
8	49	30	13
8	49	35	9
8	49	40	3
8	49	50	1
8	50	20	14
8	50	25	21
8	50	30	19
8	50	35	14
8	50	40	3
8	50	50	1
8	51	20	18
8	51	25	15
8	51	30	18
8	51	35	13
8	51	40	2
8	52	20	16
8	52	25	12
8	52	30	9
8	52	35	3
8	52	40	3
8	53	20	6
8	53	25	17
8	53	30	14
8	53	35	4
8	53	40	1
8	54	20	6
8	54	25	9
8	54	30	7
8	54	35	2
8	54	40	1
8	55	20	11
8	55	25	10
8	55	30	6
8	55	35	9
8	56	20	3
8	56	25	14
8	56	30	8
8	56	35	3
8	57	20	4
8	57	25	6
8	57	30	2
8	57	35	4
8	58	20	13
8	58	25	8
8	58	30	5
8	58	35	5
8	58	40	1
8	59	20	7
8	59	25	16
8	59	30	9
8	59	35	4
8	60	20	10
8	60	25	7
8	60	30	3
8	60	35	1
8	61	20	9
8	61	25	6
8	61	30	3
8	61	35	3
8	61	40	1
8	62	20	6
8	62	25	7
8	62	30	1
8	63	20	2
8	63	25	1
8	63	30	2
8	64	20	1
8	64	30	1
8	65	20	1
9	32	20	4
9	32	25	1
9	32	30	2
9	32	40	1
9	33	20	4
9	33	25	5
9	33	30	1
9	33	35	3
9	34	20	2
9	34	25	4
9	34	30	2
9	34	35	3
9	34	40	1
9	34	45	1
9	35	20	11
9	35	25	11
9	35	30	3
9	35	35	3
9	35	40	4
9	35	45	1
9	36	20	23
9	36	25	3
9	36	30	7
9	36	35	7
9	36	40	2
9	37	20	8
9	37	25	1
9	37	30	11
9	37	35	12
9	37	40	5
9	37	50	1
9	37	60	1
9	38	20	15
9	38	25	13
9	38	30	7
9	38	35	12
9	38	40	9
9	38	45	3
9	38	60	1
9	39	20	21
9	39	25	10
9	39	30	13
9	39	35	11
9	39	40	7
9	39	45	1
9	39	50	3
9	39	55	2
9	40	20	24
9	40	25	27
9	40	30	25
9	40	35	21
9	40	40	5
9	40	45	1
9	40	50	2
9	40	55	1
9	40	60	2
9	40	75	1
9	41	20	63
9	41	25	48
9	41	30	38
9	41	35	36
9	41	40	18
9	41	45	2
9	41	50	1
9	41	55	1
9	42	20	103
9	42	25	68
9	42	30	66
9	42	35	53
9	42	40	28
9	42	45	10
9	42	50	4
9	42	55	1
9	43	20	90
9	43	25	82
9	43	30	76
9	43	35	81
9	43	40	24
9	43	45	10
9	43	50	3
9	43	55	1
9	44	20	108
9	44	25	83
9	44	30	83
9	44	35	75
9	44	40	32
9	44	45	11
9	44	50	3
9	45	20	105
9	45	25	86
9	45	30	86
9	45	35	61
9	45	40	14
9	45	45	1
9	45	50	1
9	45	55	1
9	46	20	83
9	46	25	54
9	46	30	53
9	46	35	32
9	46	40	15
9	46	45	4
9	46	50	2
9	47	20	38
9	47	25	44
9	47	30	58
9	47	35	25
9	47	40	9
9	47	60	1
9	48	20	48
9	48	25	35
9	48	30	38
9	48	35	20
9	48	40	6
9	48	45	3
9	49	20	43
9	49	25	34
9	49	30	34
9	49	35	9
9	49	40	8
9	49	55	1
9	50	20	39
9	50	25	23
9	50	30	31
9	50	35	11
9	50	40	6
9	51	20	33
9	51	25	23
9	51	30	26
9	51	35	12
9	51	40	3
9	52	20	25
9	52	25	21
9	52	30	17
9	52	35	11
9	52	40	1
9	52	55	1
9	53	20	21
9	53	25	12
9	53	30	9
9	53	35	8
9	53	40	1
9	54	20	25
9	54	25	16
9	54	30	13
9	54	35	4
9	54	40	1
9	55	20	16
9	55	25	14
9	55	30	15
9	55	35	5
9	55	45	1
9	56	20	17
9	56	25	17
9	56	30	12
9	56	35	7
9	57	20	16
9	57	25	14
9	57	30	8
9	57	40	2
9	58	20	14
9	58	25	10
9	58	30	9
9	58	35	2
9	58	40	1
9	59	20	20
9	59	25	21
9	59	30	20
9	59	35	6
9	59	40	1
9	60	20	20
9	60	25	14
9	60	30	15
9	60	35	4
9	61	20	13
9	61	25	6
9	61	30	5
9	61	35	2
9	62	20	11
9	62	25	10
9	62	30	5
9	62	35	2
9	63	20	3
9	63	25	3
9	63	30	2
9	64	20	3
9	64	30	1
10	31	25	3
10	31	30	1
10	31	35	2
10	32	20	33
10	32	25	18
10	32	30	22
10	32	35	16
10	32	40	11
10	32	45	2
10	32	60	1
10	33	20	22
10	33	25	28
10	33	30	14
10	33	35	15
10	33	40	8
10	33	50	1
10	34	20	27
10	34	25	35
10	34	30	32
10	34	35	22
10	34	40	14
10	35	20	93
10	35	25	98
10	35	30	88
10	35	35	87
10	35	40	23
10	35	45	7
10	35	50	1
10	35	65	1
10	36	20	101
10	36	25	114
10	36	30	121
10	36	35	83
10	36	40	44
10	36	45	8
10	36	55	1
10	37	20	96
10	37	25	87
10	37	30	81
10	37	35	71
10	37	40	27
10	37	45	7
10	37	50	4
10	37	65	1
10	38	20	95
10	38	25	102
10	38	30	109
10	38	35	96
10	38	40	33
10	38	45	11
10	38	50	1
10	38	55	2
10	39	20	155
10	39	25	161
10	39	30	159
10	39	35	134
10	39	40	62
10	39	45	18
10	39	50	8
10	39	55	2
10	40	20	294
10	40	25	283
10	40	30	293
10	40	35	234
10	40	40	108
10	40	45	25
10	40	50	5
10	40	55	2
10	40	60	1
10	41	20	488
10	41	25	489
10	41	30	528
10	41	35	430
10	41	40	146
10	41	45	39
10	41	50	10
10	41	55	6
10	42	20	776
10	42	25	820
10	42	30	856
10	42	35	716
10	42	40	224
10	42	45	36
10	42	50	25
10	42	55	1
10	42	60	1
10	42	65	1
10	42	75	1
10	43	20	1068
10	43	25	1066
10	43	30	1105
10	43	35	802
10	43	40	282
10	43	45	57
10	43	50	14
10	43	55	7
10	43	60	2
10	43	65	1
10	44	20	1032
10	44	25	1110
10	44	30	1182
10	44	35	753
10	44	40	220
10	44	45	49
10	44	50	16
10	44	55	6
10	44	60	2
10	44	65	1
10	45	20	861
10	45	25	841
10	45	30	956
10	45	35	567
10	45	40	171
10	45	45	33
10	45	50	13
10	45	55	2
10	45	60	1
10	46	20	688
10	46	25	697
10	46	30	699
10	46	35	447
10	46	40	111
10	46	45	33
10	46	50	1
10	46	55	2
10	46	60	1
10	46	70	1
10	47	20	497
10	47	25	508
10	47	30	532
10	47	35	285
10	47	40	70
10	47	45	11
10	47	50	5
10	47	60	1
10	48	20	407
10	48	25	463
10	48	30	429
10	48	35	218
10	48	40	55
10	48	45	9
10	48	50	1
10	48	55	1
10	48	60	2
10	49	20	363
10	49	25	416
10	49	30	361
10	49	35	145
10	49	40	27
10	49	45	5
10	49	50	1
10	50	20	334
10	50	25	339
10	50	30	308
10	50	35	99
10	50	40	21
10	50	45	4
10	50	50	1
10	51	20	266
10	51	25	297
10	51	30	249
10	51	35	122
10	51	40	11
10	51	45	2
10	52	20	246
10	52	25	248
10	52	30	234
10	52	35	82
10	52	40	19
10	52	45	6
10	52	60	1
10	53	20	200
10	53	25	242
10	53	30	158
10	53	35	57
10	53	40	6
10	54	20	173
10	54	25	200
10	54	30	137
10	54	35	51
10	54	40	7
10	54	45	1
10	55	20	183
10	55	25	169
10	55	30	144
10	55	35	33
10	55	40	8
10	56	20	154
10	56	25	159
10	56	30	94
10	56	35	35
10	56	40	4
10	57	20	143
10	57	25	140
10	57	30	97
10	57	35	20
10	57	40	2
10	57	50	1
10	58	20	125
10	58	25	126
10	58	30	105
10	58	35	32
10	58	40	1
10	59	20	150
10	59	25	177
10	59	30	117
10	59	35	20
10	59	40	3
10	60	20	151
10	60	25	167
10	60	30	68
10	60	35	18
10	60	40	3
10	61	20	84
10	61	25	97
10	61	30	50
10	61	35	12
10	61	40	4
10	62	20	103
10	62	25	94
10	62	30	43
10	62	35	7
10	62	40	1
10	63	20	22
10	63	25	28
10	63	30	8
10	64	20	17
10	64	25	15
10	64	30	1
10	65	20	1
11	30	20	1
11	31	20	5
11	31	25	2
11	31	30	4
11	31	35	3
11	31	40	1
11	32	20	57
11	32	25	49
11	32	30	49
11	32	35	39
11	32	40	21
11	32	45	5
11	32	50	1
11	33	20	19
11	33	25	13
11	33	30	19
11	33	35	12
11	33	40	6
11	34	20	80
11	34	25	68
11	34	30	52
11	34	35	52
11	34	40	13
11	34	45	3
11	34	55	1
11	34	65	1
11	35	20	191
11	35	25	160
11	35	30	199
11	35	35	140
11	35	40	31
11	35	45	4
11	35	50	3
11	36	20	229
11	36	25	244
11	36	30	227
11	36	35	174
11	36	40	52
11	36	45	10
11	36	50	1
11	36	55	3
11	37	20	188
11	37	25	183
11	37	30	188
11	37	35	146
11	37	40	52
11	37	45	14
11	37	50	2
11	37	55	1
11	38	20	189
11	38	25	223
11	38	30	181
11	38	35	175
11	38	40	56
11	38	45	7
11	38	50	3
11	38	55	1
11	39	20	327
11	39	25	315
11	39	30	319
11	39	35	253
11	39	40	82
11	39	45	18
11	39	50	6
11	39	55	1
11	39	60	1
11	40	20	562
11	40	25	517
11	40	30	557
11	40	35	412
11	40	40	116
11	40	45	21
11	40	50	4
11	40	55	7
11	40	60	1
11	40	70	1
11	41	20	960
11	41	25	947
11	41	30	971
11	41	35	722
11	41	40	204
11	41	45	31
11	41	50	9
11	41	55	3
11	41	60	1
11	42	20	1650
11	42	25	1634
11	42	30	1702
11	42	35	1188
11	42	40	321
11	42	45	64
11	42	50	15
11	42	55	13
11	42	60	3
11	42	65	1
11	43	20	2182
11	43	25	2219
11	43	30	2178
11	43	35	1334
11	43	40	381
11	43	45	75
11	43	50	21
11	43	55	3
11	44	20	2185
11	44	25	2138
11	44	30	2181
11	44	35	1151
11	44	40	320
11	44	45	48
11	44	50	13
11	44	55	3
11	44	60	2
11	45	20	1740
11	45	25	1719
11	45	30	1772
11	45	35	942
11	45	40	236
11	45	45	31
11	45	50	10
11	45	55	2
11	46	20	1386
11	46	25	1316
11	46	30	1333
11	46	35	628
11	46	40	134
11	46	45	16
11	46	50	5
11	46	55	1
11	46	65	1
11	47	20	1065
11	47	25	1061
11	47	30	997
11	47	35	433
11	47	40	96
11	47	45	19
11	47	50	4
11	47	60	1
11	48	20	883
11	48	25	908
11	48	30	825
11	48	35	326
11	48	40	65
11	48	45	2
11	48	50	1
11	49	20	763
11	49	25	790
11	49	30	638
11	49	35	215
11	49	40	39
11	49	45	2
11	50	20	624
11	50	25	704
11	50	30	493
11	50	35	149
11	50	40	21
11	50	45	3
11	51	20	529
11	51	25	592
11	51	30	428
11	51	35	144
11	51	40	18
11	51	45	2
11	52	20	483
11	52	25	502
11	52	30	311
11	52	35	114
11	52	40	12
11	52	45	2
11	53	20	377
11	53	25	404
11	53	30	246
11	53	35	67
11	53	40	15
11	53	45	1
11	54	20	341
11	54	25	346
11	54	30	217
11	54	35	70
11	54	40	12
11	54	45	1
11	55	20	316
11	55	25	295
11	55	30	189
11	55	35	38
11	55	40	2
11	55	45	1
11	56	20	281
11	56	25	289
11	56	30	169
11	56	35	47
11	56	40	4
11	57	20	246
11	57	25	265
11	57	30	130
11	57	35	34
11	57	40	2
11	58	20	223
11	58	25	235
11	58	30	121
11	58	35	31
11	58	40	1
11	59	20	333
11	59	25	295
11	59	30	150
11	59	35	28
11	59	40	2
11	60	20	253
11	60	25	251
11	60	30	114
11	60	35	19
11	61	20	155
11	61	25	154
11	61	30	45
11	61	35	9
11	62	20	154
11	62	25	130
11	62	30	52
11	62	35	9
11	63	20	56
11	63	25	29
11	63	30	15
11	64	20	15
11	64	25	15
11	64	30	5
11	64	35	1
11	65	20	2
11	65	25	2
11	65	30	1
12	31	20	1
12	31	30	1
12	32	20	54
12	32	25	38
12	32	30	42
12	32	35	36
12	32	40	14
12	32	45	2
12	33	20	12
12	33	25	13
12	33	30	15
12	33	35	4
12	33	40	3
12	34	20	51
12	34	25	49
12	34	30	49
12	34	35	24
12	34	40	10
12	34	45	4
12	35	20	201
12	35	25	215
12	35	30	219
12	35	35	138
12	35	40	38
12	35	45	3
12	36	20	286
12	36	25	240
12	36	30	263
12	36	35	162
12	36	40	36
12	36	45	11
12	36	50	2
12	36	55	1
12	37	20	201
12	37	25	156
12	37	30	178
12	37	35	116
12	37	40	36
12	37	45	7
12	37	50	1
12	38	20	215
12	38	25	207
12	38	30	191
12	38	35	129
12	38	40	36
12	38	45	5
12	38	50	4
12	38	55	2
12	39	20	308
12	39	25	307
12	39	30	283
12	39	35	197
12	39	40	61
12	39	45	10
12	39	50	3
12	39	55	3
12	40	20	566
12	40	25	541
12	40	30	571
12	40	35	317
12	40	40	94
12	40	45	8
12	40	50	1
12	41	20	1004
12	41	25	966
12	41	30	981
12	41	35	544
12	41	40	142
12	41	45	24
12	41	50	4
12	41	55	1
12	42	20	1681
12	42	25	1708
12	42	30	1748
12	42	35	903
12	42	40	225
12	42	45	44
12	42	50	7
12	42	55	1
12	43	20	2307
12	43	25	2324
12	43	30	2222
12	43	35	1178
12	43	40	275
12	43	45	26
12	43	50	8
12	43	55	5
12	43	60	1
12	44	20	2229
12	44	25	2280
12	44	30	2145
12	44	35	1008
12	44	40	227
12	44	45	37
12	44	50	7
12	44	55	4
12	45	20	1847
12	45	25	1886
12	45	30	1677
12	45	35	738
12	45	40	150
12	45	45	7
12	45	50	1
12	45	55	1
12	45	60	1
12	46	20	1474
12	46	25	1506
12	46	30	1282
12	46	35	482
12	46	40	90
12	46	45	10
12	46	50	2
12	47	20	1196
12	47	25	1166
12	47	30	953
12	47	35	346
12	47	40	64
12	47	45	11
12	47	50	1
12	48	20	865
12	48	25	918
12	48	30	715
12	48	35	214
12	48	40	31
12	48	45	1
12	49	20	816
12	49	25	786
12	49	30	587
12	49	35	191
12	49	40	21
12	49	45	1
12	50	20	685
12	50	25	693
12	50	30	493
12	50	35	129
12	50	40	17
12	50	45	1
12	51	20	621
12	51	25	601
12	51	30	390
12	51	35	114
12	51	40	11
12	52	20	540
12	52	25	498
12	52	30	322
12	52	35	67
12	52	40	4
12	52	50	1
12	53	20	476
12	53	25	422
12	53	30	224
12	53	35	54
12	53	40	4
12	54	20	394
12	54	25	325
12	54	30	190
12	54	35	43
12	54	40	4
12	54	45	1
12	55	20	364
12	55	25	318
12	55	30	119
12	55	35	35
12	55	40	1
12	56	20	273
12	56	25	295
12	56	30	157
12	56	35	35
12	56	40	2
12	57	20	253
12	57	25	216
12	57	30	101
12	57	35	19
12	58	20	224
12	58	25	192
12	58	30	80
12	58	35	9
12	59	20	334
12	59	25	296
12	59	30	132
12	59	35	23
12	59	40	1
12	60	20	231
12	60	25	190
12	60	30	66
12	60	35	8
12	61	20	169
12	61	25	121
12	61	30	43
12	61	35	5
12	62	20	110
12	62	25	95
12	62	30	25
12	62	35	3
12	63	20	49
12	63	25	34
12	63	30	16
12	63	35	1
12	64	20	11
12	64	25	6
12	64	30	3
12	65	20	1
12	65	25	1
13	31	20	3
13	32	20	39
13	32	25	28
13	32	30	26
13	32	35	19
13	32	40	5
13	33	20	21
13	33	25	15
13	33	30	15
13	33	35	13
13	33	40	3
13	34	20	12
13	34	25	11
13	34	30	17
13	34	35	8
13	34	40	3
13	35	20	215
13	35	25	222
13	35	30	195
13	35	35	109
13	35	40	20
13	35	45	1
13	36	20	255
13	36	25	234
13	36	30	253
13	36	35	134
13	36	40	34
13	36	45	2
13	37	20	208
13	37	25	180
13	37	30	205
13	37	35	110
13	37	40	23
13	37	45	1
13	37	50	2
13	38	20	193
13	38	25	167
13	38	30	152
13	38	35	110
13	38	40	25
13	38	45	5
13	39	20	263
13	39	25	230
13	39	30	243
13	39	35	135
13	39	40	24
13	39	45	2
13	40	20	451
13	40	25	509
13	40	30	483
13	40	35	271
13	40	40	55
13	40	45	12
13	40	50	1
13	40	55	1
13	41	20	916
13	41	25	922
13	41	30	916
13	41	35	440
13	41	40	92
13	41	45	13
13	41	50	2
13	42	20	1652
13	42	25	1745
13	42	30	1547
13	42	35	727
13	42	40	177
13	42	45	17
13	42	50	2
13	43	20	2305
13	43	25	2254
13	43	30	2013
13	43	35	851
13	43	40	172
13	43	45	24
13	43	50	2
13	43	55	1
13	44	20	2279
13	44	25	2263
13	44	30	2007
13	44	35	781
13	44	40	110
13	44	45	14
13	44	50	1
13	45	20	1959
13	45	25	1869
13	45	30	1573
13	45	35	543
13	45	40	79
13	45	45	6
13	46	20	1451
13	46	25	1410
13	46	30	1123
13	46	35	339
13	46	40	61
13	46	45	3
13	47	20	1135
13	47	25	1068
13	47	30	773
13	47	35	205
13	47	40	24
13	47	45	2
13	48	20	905
13	48	25	879
13	48	30	577
13	48	35	163
13	48	40	23
13	48	45	2
13	49	20	734
13	49	25	756
13	49	30	447
13	49	35	147
13	49	40	3
13	49	50	1
13	50	20	718
13	50	25	639
13	50	30	363
13	50	35	100
13	50	40	9
13	51	20	638
13	51	25	559
13	51	30	323
13	51	35	78
13	51	40	6
13	52	20	521
13	52	25	479
13	52	30	252
13	52	35	52
13	52	40	1
13	53	20	451
13	53	25	389
13	53	30	187
13	53	35	42
13	53	40	1
13	54	20	415
13	54	25	360
13	54	30	142
13	54	35	21
13	54	40	1
13	55	20	331
13	55	25	292
13	55	30	135
13	55	35	22
13	55	40	3
13	56	20	300
13	56	25	267
13	56	30	100
13	56	35	13
13	57	20	260
13	57	25	193
13	57	30	74
13	57	35	5
13	58	20	226
13	58	25	156
13	58	30	54
13	58	35	7
13	59	20	365
13	59	25	309
13	59	30	99
13	59	35	14
13	60	20	171
13	60	25	156
13	60	30	38
13	60	35	5
13	61	20	128
13	61	25	83
13	61	30	24
13	61	35	1
13	62	20	81
13	62	25	60
13	62	30	14
13	62	35	1
13	63	20	43
13	63	25	21
13	63	30	3
13	64	20	5
13	64	25	5
14	32	20	17
14	32	25	21
14	32	30	18
14	32	35	5
14	33	20	34
14	33	25	20
14	33	30	18
14	33	35	18
14	33	40	5
14	34	20	8
14	34	25	27
14	34	30	20
14	34	35	6
14	34	40	1
14	35	20	216
14	35	25	219
14	35	30	184
14	35	35	80
14	35	40	17
14	35	45	1
14	36	20	239
14	36	25	231
14	36	30	203
14	36	35	87
14	36	40	16
14	36	50	1
14	37	20	212
14	37	25	212
14	37	30	228
14	37	35	99
14	37	40	18
14	37	45	4
14	38	20	154
14	38	25	132
14	38	30	118
14	38	35	49
14	38	40	13
14	38	45	2
14	38	50	1
14	39	20	278
14	39	25	215
14	39	30	212
14	39	35	94
14	39	40	9
14	39	45	1
14	40	20	395
14	40	25	433
14	40	30	391
14	40	35	146
14	40	40	40
14	40	45	3
14	41	20	961
14	41	25	820
14	41	30	808
14	41	35	277
14	41	40	43
14	42	20	1603
14	42	25	1589
14	42	30	1327
14	42	35	485
14	42	40	70
14	42	45	11
14	42	50	1
14	43	20	2192
14	43	25	2182
14	43	30	1756
14	43	35	624
14	43	40	102
14	43	45	6
14	44	20	2167
14	44	25	2063
14	44	30	1685
14	44	35	550
14	44	40	75
14	44	45	2
14	45	20	1847
14	45	25	1761
14	45	30	1275
14	45	35	367
14	45	40	42
14	45	45	1
14	45	50	2
14	46	20	1423
14	46	25	1327
14	46	30	915
14	46	35	226
14	46	40	26
14	46	45	2
14	47	20	1076
14	47	25	994
14	47	30	677
14	47	35	142
14	47	40	14
14	48	20	781
14	48	25	835
14	48	30	460
14	48	35	87
14	48	40	6
14	49	20	777
14	49	25	722
14	49	30	354
14	49	35	61
14	49	40	3
14	50	20	668
14	50	25	608
14	50	30	291
14	50	35	57
14	50	40	1
14	51	20	625
14	51	25	581
14	51	30	219
14	51	35	31
14	51	40	2
14	52	20	557
14	52	25	469
14	52	30	186
14	52	35	26
14	52	40	1
14	53	20	441
14	53	25	391
14	53	30	141
14	53	35	27
14	53	40	1
14	54	20	321
14	54	25	302
14	54	30	115
14	54	35	11
14	55	20	296
14	55	25	232
14	55	30	84
14	55	35	9
14	56	20	264
14	56	25	177
14	56	30	66
14	56	35	4
14	57	20	203
14	57	25	176
14	57	30	49
14	58	20	199
14	58	25	152
14	58	30	32
14	58	35	6
14	59	20	306
14	59	25	230
14	59	30	55
14	59	35	2
14	60	20	180
14	60	25	144
14	60	30	30
14	61	20	104
14	61	25	62
14	61	30	10
14	62	20	69
14	62	25	42
14	62	30	4
14	63	20	23
14	63	25	7
14	63	30	2
14	64	20	3
14	64	25	1
15	32	20	5
15	32	25	6
15	32	30	10
15	32	35	4
15	33	20	12
15	33	25	16
15	33	30	13
15	33	35	4
15	34	20	15
15	34	25	14
15	34	30	14
15	34	35	4
15	35	20	198
15	35	25	191
15	35	30	180
15	35	35	63
15	35	40	7
15	36	20	197
15	36	25	194
15	36	30	176
15	36	35	65
15	36	40	7
15	37	20	199
15	37	25	203
15	37	30	176
15	37	35	55
15	37	40	11
15	38	20	146
15	38	25	116
15	38	30	99
15	38	35	37
15	38	40	6
15	39	20	168
15	39	25	158
15	39	30	147
15	39	35	50
15	39	40	5
15	39	45	1
15	40	20	389
15	40	25	372
15	40	30	313
15	40	35	100
15	40	40	12
15	40	45	1
15	41	20	770
15	41	25	749
15	41	30	588
15	41	35	190
15	41	40	24
15	42	20	1480
15	42	25	1364
15	42	30	1024
15	42	35	302
15	42	40	25
15	43	20	1935
15	43	25	1896
15	43	30	1374
15	43	35	384
15	43	40	50
15	44	20	1942
15	44	25	1872
15	44	30	1217
15	44	35	351
15	44	40	30
15	44	45	2
15	45	20	1600
15	45	25	1613
15	45	30	1058
15	45	35	229
15	45	40	15
15	45	45	1
15	45	50	1
15	46	20	1193
15	46	25	1121
15	46	30	629
15	46	35	155
15	46	40	6
15	47	20	920
15	47	25	911
15	47	30	440
15	47	35	76
15	47	40	5
15	48	20	790
15	48	25	709
15	48	30	327
15	48	35	50
15	48	40	2
15	49	20	635
15	49	25	615
15	49	30	272
15	49	35	42
15	49	40	1
15	50	20	578
15	50	25	515
15	50	30	208
15	50	35	26
15	50	40	2
15	51	20	555
15	51	25	448
15	51	30	143
15	51	35	20
15	52	20	437
15	52	25	334
15	52	30	143
15	52	35	16
15	53	20	412
15	53	25	300
15	53	30	92
15	53	35	12
15	54	20	330
15	54	25	232
15	54	30	69
15	54	35	12
15	55	20	248
15	55	25	186
15	55	30	50
15	55	35	3
15	56	20	207
15	56	25	141
15	56	30	37
15	56	35	1
15	57	20	194
15	57	25	126
15	57	30	36
15	57	35	1
15	58	20	160
15	58	25	99
15	58	30	17
15	59	20	239
15	59	25	150
15	59	30	35
15	60	20	161
15	60	25	71
15	60	30	15
15	61	20	69
15	61	25	26
15	61	30	8
15	62	20	30
15	62	25	17
15	63	20	12
15	63	25	6
15	64	20	3
16	31	20	1
16	32	20	2
16	33	20	11
16	33	25	14
16	33	30	10
16	34	20	23
16	34	25	18
16	34	30	15
16	34	35	2
16	35	20	158
16	35	25	148
16	35	30	114
16	35	35	30
16	35	40	2
16	36	20	181
16	36	25	167
16	36	30	112
16	36	35	36
16	36	40	3
16	37	20	186
16	37	25	181
16	37	30	152
16	37	35	46
16	37	40	1
16	38	20	103
16	38	25	111
16	38	30	71
16	38	35	19
16	38	40	1
16	39	20	134
16	39	25	125
16	39	30	109
16	39	35	30
16	39	40	3
16	40	20	276
16	40	25	266
16	40	30	210
16	40	35	60
16	40	40	3
16	41	20	565
16	41	25	573
16	41	30	347
16	41	35	97
16	41	40	7
16	42	20	1179
16	42	25	1130
16	42	30	732
16	42	35	188
16	42	40	16
16	42	45	1
16	43	20	1519
16	43	25	1496
16	43	30	910
16	43	35	226
16	43	40	14
16	44	20	1603
16	44	25	1506
16	44	30	843
16	44	35	183
16	44	40	8
16	45	20	1287
16	45	25	1195
16	45	30	691
16	45	35	131
16	45	40	2
16	46	20	946
16	46	25	835
16	46	30	427
16	46	35	83
16	46	40	1
16	47	20	721
16	47	25	694
16	47	30	301
16	47	35	43
16	48	20	635
16	48	25	564
16	48	30	227
16	48	35	26
16	49	20	581
16	49	25	447
16	49	30	174
16	49	35	29
16	50	20	489
16	50	25	376
16	50	30	135
16	50	35	17
16	51	20	395
16	51	25	345
16	51	30	111
16	51	35	5
16	52	20	359
16	52	25	296
16	52	30	68
16	52	35	10
16	53	20	340
16	53	25	226
16	53	30	47
16	53	35	5
16	53	40	1
16	54	20	236
16	54	25	169
16	54	30	43
16	54	35	2
16	55	20	211
16	55	25	133
16	55	30	33
16	55	35	2
16	56	20	156
16	56	25	105
16	56	30	32
16	56	40	1
16	57	20	176
16	57	25	83
16	57	30	16
16	58	20	134
16	58	25	82
16	58	30	24
16	59	20	224
16	59	25	113
16	59	30	20
16	60	20	95
16	60	25	46
16	60	30	8
16	61	20	40
16	61	25	15
16	62	20	18
16	62	25	2
16	62	30	2
16	63	20	6
16	63	25	1
16	63	30	1
16	64	25	1
17	33	20	5
17	33	25	1
17	33	30	4
17	34	20	22
17	34	25	17
17	34	30	12
17	34	35	2
17	35	20	84
17	35	25	85
17	35	30	58
17	35	35	17
17	36	20	107
17	36	25	106
17	36	30	64
17	36	35	15
17	36	40	2
17	37	20	137
17	37	25	131
17	37	30	105
17	37	35	11
17	37	40	1
17	38	20	61
17	38	25	75
17	38	30	47
17	38	35	14
17	39	20	108
17	39	25	84
17	39	30	52
17	39	35	12
17	39	40	1
17	40	20	201
17	40	25	195
17	40	30	103
17	40	35	31
17	40	40	4
17	41	20	388
17	41	25	382
17	41	30	237
17	41	35	61
17	41	40	1
17	42	20	794
17	42	25	741
17	42	30	388
17	42	35	95
17	42	40	6
17	43	20	1046
17	43	25	1051
17	43	30	518
17	43	35	113
17	43	40	6
17	44	20	1072
17	44	25	1025
17	44	30	556
17	44	35	87
17	44	40	3
17	45	20	948
17	45	25	921
17	45	30	378
17	45	35	46
17	45	40	2
17	46	20	645
17	46	25	620
17	46	30	229
17	46	35	28
17	47	20	548
17	47	25	475
17	47	30	153
17	47	35	18
17	47	40	2
17	48	20	444
17	48	25	369
17	48	30	137
17	48	35	14
17	49	20	381
17	49	25	331
17	49	30	79
17	49	35	9
17	50	20	342
17	50	25	266
17	50	30	61
17	50	35	3
17	51	20	314
17	51	25	220
17	51	30	54
17	51	35	3
17	52	20	268
17	52	25	182
17	52	30	44
17	52	35	1
17	53	20	224
17	53	25	153
17	53	30	38
17	53	35	1
17	54	20	197
17	54	25	120
17	54	30	25
17	54	35	2
17	55	20	133
17	55	25	86
17	55	30	17
17	56	20	127
17	56	25	76
17	56	30	19
17	57	20	109
17	57	25	55
17	57	30	3
17	58	20	104
17	58	25	40
17	58	30	8
17	59	20	149
17	59	25	72
17	59	30	7
17	59	35	1
17	60	20	41
17	60	25	17
17	60	30	1
17	61	20	14
17	61	25	8
17	62	20	12
17	62	25	3
17	63	20	6
17	63	25	1
18	33	20	1
18	34	20	16
18	34	25	11
18	34	30	6
18	35	20	47
18	35	25	51
18	35	30	19
18	35	35	6
18	36	20	62
18	36	25	57
18	36	30	38
18	36	35	6
18	37	20	94
18	37	25	89
18	37	30	53
18	37	35	9
18	38	20	36
18	38	25	41
18	38	30	23
18	38	35	6
18	39	20	53
18	39	25	53
18	39	30	27
18	39	35	5
18	40	20	126
18	40	25	118
18	40	30	52
18	40	35	6
18	40	40	1
18	41	20	249
18	41	25	262
18	41	30	108
18	41	35	20
18	41	40	1
18	42	20	486
18	42	25	484
18	42	30	228
18	42	35	37
18	42	40	1
18	43	20	642
18	43	25	640
18	43	30	279
18	43	35	36
18	44	20	725
18	44	25	650
18	44	30	249
18	44	35	23
18	45	20	642
18	45	25	530
18	45	30	174
18	45	35	17
18	46	20	408
18	46	25	357
18	46	30	108
18	46	35	13
18	47	20	342
18	47	25	326
18	47	30	88
18	47	35	2
18	48	20	258
18	48	25	228
18	48	30	58
18	48	35	8
18	49	20	252
18	49	25	190
18	49	30	46
18	49	35	3
18	50	20	194
18	50	25	134
18	50	30	42
18	50	35	2
18	51	20	158
18	51	25	114
18	51	30	32
18	51	35	2
18	52	20	162
18	52	25	98
18	52	30	11
18	53	20	163
18	53	25	75
18	53	30	18
18	54	20	117
18	54	25	45
18	54	30	14
18	55	20	92
18	55	25	48
18	55	30	6
18	56	20	92
18	56	25	31
18	56	30	3
18	57	20	74
18	57	25	40
18	57	30	3
18	58	20	53
18	58	25	19
18	58	30	3
18	59	20	73
18	59	25	20
18	59	30	2
18	60	20	25
18	60	25	3
18	61	20	10
18	61	25	4
18	62	20	2
18	62	25	3
18	63	20	3
19	34	20	8
19	34	25	1
19	34	30	2
19	35	20	20
19	35	25	21
19	35	30	7
19	36	20	33
19	36	25	33
19	36	30	20
19	37	20	35
19	37	25	37
19	37	30	20
19	37	35	4
19	38	20	33
19	38	25	30
19	38	30	10
19	39	20	30
19	39	25	22
19	39	30	13
19	39	35	2
19	39	40	1
19	40	20	51
19	40	25	52
19	40	30	19
19	40	35	3
19	41	20	128
19	41	25	126
19	41	30	60
19	41	35	13
19	42	20	276
19	42	25	233
19	42	30	99
19	42	35	12
19	43	20	388
19	43	25	361
19	43	30	113
19	43	35	12
19	43	40	1
19	44	20	446
19	44	25	338
19	44	30	128
19	44	35	16
19	45	20	348
19	45	25	265
19	45	30	81
19	45	35	3
19	46	20	254
19	46	25	171
19	46	30	46
19	46	35	3
19	47	20	199
19	47	25	135
19	47	30	32
19	48	20	183
19	48	25	121
19	48	30	26
19	49	20	170
19	49	25	92
19	49	30	17
19	49	35	1
19	50	20	122
19	50	25	81
19	50	30	14
19	51	20	96
19	51	25	57
19	51	30	18
19	52	20	79
19	52	25	46
19	52	30	6
19	53	20	87
19	53	25	33
19	53	30	2
19	53	35	1
19	54	20	74
19	54	25	37
19	54	30	3
19	55	20	53
19	55	25	17
19	56	20	39
19	56	25	21
19	56	30	2
19	57	20	47
19	57	25	14
19	57	30	1
19	58	20	16
19	58	25	4
19	58	30	2
19	59	20	33
19	59	25	8
19	59	30	4
19	60	20	14
19	60	25	3
19	61	20	1
19	62	20	4
19	62	25	1
19	63	20	4
20	34	20	1
20	34	25	2
20	35	20	12
20	35	25	7
20	35	30	6
20	36	20	19
20	36	25	21
20	36	30	6
20	36	35	1
20	37	20	20
20	37	25	11
20	37	30	6
20	38	20	16
20	38	25	14
20	38	30	1
20	39	20	19
20	39	25	7
20	39	30	3
20	40	20	35
20	40	25	26
20	40	30	9
20	40	35	1
20	41	20	68
20	41	25	78
20	41	30	13
20	42	20	138
20	42	25	129
20	42	30	33
20	42	35	5
20	43	20	214
20	43	25	167
20	43	30	47
20	43	35	4
20	44	20	224
20	44	25	190
20	44	30	35
20	44	35	4
20	45	20	165
20	45	25	141
20	45	30	35
20	46	20	147
20	46	25	92
20	46	30	23
20	47	20	116
20	47	25	72
20	47	30	10
20	48	20	107
20	48	25	79
20	48	30	8
20	49	20	82
20	49	25	54
20	49	30	10
20	50	20	68
20	50	25	37
20	50	30	5
20	51	20	61
20	51	25	30
20	51	30	3
20	52	20	45
20	52	25	23
20	52	30	1
20	53	20	39
20	53	25	20
20	53	30	1
20	54	20	45
20	54	25	6
20	54	30	1
20	55	20	35
20	55	25	12
20	55	30	1
20	56	20	18
20	56	25	9
20	56	30	1
20	57	20	13
20	57	25	2
20	58	20	11
20	58	30	1
20	59	20	14
20	59	25	5
20	60	20	5
20	60	25	1
20	62	20	1
21	34	20	1
21	34	25	1
21	34	30	1
21	35	20	3
21	35	25	1
21	35	30	1
21	36	20	7
21	36	25	7
21	36	30	3
21	37	20	11
21	37	25	10
21	37	30	5
21	38	20	7
21	38	25	4
21	38	30	2
21	39	20	9
21	39	25	5
21	39	30	2
21	40	20	16
21	40	25	18
21	40	30	3
21	41	20	24
21	41	25	31
21	41	30	15
21	42	20	72
21	42	25	52
21	42	30	17
21	43	20	106
21	43	25	78
21	43	30	27
21	44	20	111
21	44	25	81
21	44	30	20
21	45	20	107
21	45	25	52
21	45	30	11
21	46	20	65
21	46	25	36
21	46	30	7
21	47	20	67
21	47	25	37
21	47	30	4
21	48	20	57
21	48	25	28
21	48	30	6
21	49	20	40
21	49	25	21
21	49	30	3
21	50	20	35
21	50	25	16
21	50	30	1
21	51	20	35
21	51	25	15
21	51	30	1
21	52	20	22
21	52	25	8
21	52	30	1
21	53	20	13
21	53	25	6
21	54	20	15
21	54	25	7
21	54	30	3
21	55	20	18
21	55	25	2
21	56	20	15
21	56	25	1
21	57	20	6
21	57	25	3
21	58	20	3
21	58	25	1
21	59	20	12
21	59	25	1
21	60	20	3
21	62	25	1
22	33	20	1
22	35	20	3
22	35	25	1
22	35	30	1
22	35	35	1
22	36	20	3
22	36	25	3
22	36	30	1
22	37	20	5
22	37	25	5
22	37	30	1
22	38	20	3
22	38	25	2
22	39	20	2
22	39	25	2
22	40	20	9
22	40	25	4
22	40	30	2
22	41	20	22
22	41	25	16
22	41	30	4
22	42	20	41
22	42	25	24
22	42	30	6
22	43	20	65
22	43	25	45
22	43	30	8
22	44	20	69
22	44	25	44
22	44	30	4
22	45	20	58
22	45	25	21
22	45	30	7
22	46	20	34
22	46	25	21
22	46	30	3
22	47	20	41
22	47	25	11
22	48	20	15
22	48	25	12
22	48	30	4
22	49	20	28
22	49	25	10
22	50	20	27
22	50	25	5
22	51	20	13
22	51	25	7
22	52	20	10
22	52	25	3
22	53	20	10
22	53	25	1
22	54	20	14
22	54	25	1
22	55	20	7
22	56	20	3
22	56	25	2
22	57	20	2
22	58	20	2
22	59	20	5
22	60	20	2
22	61	20	1
23	35	20	2
23	35	25	2
23	36	20	3
23	36	25	2
23	36	30	2
23	37	20	1
23	37	25	1
23	37	30	1
23	38	20	3
23	38	25	3
23	39	20	2
23	39	25	1
23	40	20	2
23	40	25	2
23	40	30	1
23	41	20	9
23	41	25	8
23	41	30	1
23	42	20	18
23	42	25	16
23	43	20	31
23	43	25	18
23	43	30	2
23	44	20	33
23	44	25	11
23	44	30	1
23	45	20	28
23	45	25	14
23	45	30	2
23	46	20	23
23	46	25	9
23	46	30	1
23	47	20	12
23	47	25	9
23	48	20	15
23	48	25	7
23	49	20	17
23	49	25	5
23	50	20	8
23	50	25	1
23	50	30	1
23	51	20	5
23	52	20	2
23	52	25	2
23	53	20	5
23	53	25	2
23	54	20	4
23	54	30	1
23	55	20	4
23	56	20	2
23	56	25	2
23	57	20	2
23	58	20	2
23	59	20	5
24	36	20	1
24	36	25	1
24	39	20	2
24	40	20	4
24	41	20	6
24	41	25	6
24	41	30	1
24	42	20	12
24	42	25	6
24	42	30	1
24	43	20	20
24	43	25	8
24	43	30	1
24	44	20	17
24	44	25	10
24	44	30	2
24	45	20	16
24	45	25	7
24	46	20	14
24	46	25	1
24	47	20	6
24	47	25	5
24	48	20	8
24	48	25	4
24	49	20	8
24	49	25	3
24	50	20	6
24	51	20	2
24	52	20	4
24	53	20	4
24	54	20	3
24	54	25	1
24	55	20	4
24	55	25	1
24	60	20	2
25	35	25	1
25	37	25	1
25	37	30	1
25	39	20	2
25	40	20	1
25	41	20	3
25	42	20	5
25	42	25	2
25	42	30	1
25	43	20	10
25	43	25	7
25	44	20	9
25	44	25	4
25	45	20	7
25	45	25	1
25	46	20	3
25	46	25	2
25	47	20	3
25	47	25	1
25	48	20	9
25	48	25	2
25	49	20	7
25	49	25	1
25	50	20	2
25	51	20	2
25	52	20	2
25	53	20	3
25	53	25	1
25	54	20	1
25	55	20	1
25	55	25	1
26	31	20	1
26	35	20	1
26	36	25	1
26	38	20	1
26	38	25	1
26	40	20	2
26	41	20	4
26	42	20	6
26	42	25	1
26	43	20	5
26	43	25	1
26	43	30	1
26	44	20	8
26	44	25	1
26	45	20	4
26	46	20	5
26	46	25	4
26	47	20	3
26	47	25	1
26	48	20	2
26	48	25	1
26	49	20	2
26	49	25	1
26	50	20	3
26	50	25	1
26	51	20	5
26	52	20	1
26	53	20	1
26	54	20	2
26	55	20	1
26	57	20	1
27	35	20	1
27	39	30	1
27	40	25	1
27	40	30	1
27	41	20	2
27	42	20	2
27	42	25	1
27	43	20	4
27	43	25	1
27	44	20	3
27	45	20	4
27	45	25	2
27	46	20	1
27	47	20	2
27	48	20	2
27	51	20	2
27	54	25	1
28	43	20	4
28	43	25	1
28	44	20	1
28	45	20	1
28	45	25	2
28	46	20	2
28	47	20	2
28	51	20	1
28	53	20	1
28	55	20	1
29	41	20	1
29	42	20	1
29	43	20	2
29	44	25	1
29	45	20	1
29	46	25	1
29	50	20	1
30	40	20	1
30	43	20	1
30	44	20	1
30	45	20	1
30	50	20	1
31	42	20	1
31	47	20	1
31	52	20	1
32	45	20	1
32	46	20	1
33	42	20	1
33	43	20	1
34	42	20	1
35	49	20	1
