seed	condition_id	coverage	error_model	method	total_error_rate_supplied	exit_code	runtime_seconds	peak_rss_mib	cpu_user_seconds	cpu_system_seconds	timed_out	status
6301	condition_001	1	error_free	baseline_total_bases	NA	0	0.8423638341482729	53.171875	0.401956	0.024506	False	ok
6301	condition_001	1	error_free	oracle_error_survival	0.0	0	1.0894899580162019	51.796875	1.036244	0.022604	False	ok
6301	condition_001	1	error_free	empirical_controls	NA	0	0.5309196249581873	49.703125	0.48017899999999997	0.021790999999999998	False	ok
6301	condition_001	1	error_free	empirical_controls_plus_oracle_error	0.0	0	1.1048617919441313	51.578125	1.049856	0.022794	False	ok
6301	condition_002	1	iid_low_indel	baseline_total_bases	NA	0	0.44473312492482364	53.78125	0.393379	0.020756999999999998	False	ok
6301	condition_002	1	iid_low_indel	oracle_error_survival	0.003	0	1.102198125096038	52.4375	1.028154	0.021483	False	ok
6301	condition_002	1	iid_low_indel	empirical_controls	NA	0	0.5267290000338107	49.09375	0.475809	0.020203	False	ok
6301	condition_002	1	iid_low_indel	empirical_controls_plus_oracle_error	0.003	0	1.1699048748705536	52.578125	1.105277	0.022196999999999998	False	ok
6301	condition_003	1	iid_high_indel	baseline_total_bases	NA	0	0.44094420899637043	52.09375	0.400375	0.020447999999999997	False	ok
6301	condition_003	1	iid_high_indel	oracle_error_survival	0.02	0	1.0605431247968227	51.78125	1.006948	0.020662	False	ok
6301	condition_003	1	iid_high_indel	empirical_controls	NA	0	0.547491000033915	53.796875	0.48408399999999996	0.02053	False	ok
6301	condition_003	1	iid_high_indel	empirical_controls_plus_oracle_error	0.02	0	1.214278208091855	49.765625	1.151584	0.021991	False	ok
6301	condition_004	5	error_free	baseline_total_bases	NA	0	1.5833179999608546	81.0625	1.521229	0.029577	False	ok
6301	condition_004	5	error_free	oracle_error_survival	0.0	0	4.658363084075972	75.5	4.562747	0.033884	False	ok
6301	condition_004	5	error_free	empirical_controls	NA	0	1.664486916968599	73.171875	1.595159	0.030993999999999997	False	ok
6301	condition_004	5	error_free	empirical_controls_plus_oracle_error	0.0	0	4.933863749960437	83.703125	4.840634	0.034575999999999996	False	ok
6301	condition_005	5	iid_low_indel	baseline_total_bases	NA	0	1.6445885840803385	72.71875	1.572025	0.028961999999999998	False	ok
6301	condition_005	5	iid_low_indel	oracle_error_survival	0.003	0	4.707119792001322	80.8125	4.614752	0.033306999999999996	False	ok
6301	condition_005	5	iid_low_indel	empirical_controls	NA	0	1.6655658341478556	73.578125	1.60718	0.029991999999999998	False	ok
6301	condition_005	5	iid_low_indel	empirical_controls_plus_oracle_error	0.003	0	4.806561917066574	71.59375	4.727487	0.033184	False	ok
6301	condition_006	5	iid_high_indel	baseline_total_bases	NA	0	1.4701032501179725	83.171875	1.408807	0.029835999999999998	False	ok
6301	condition_006	5	iid_high_indel	oracle_error_survival	0.02	0	4.572530499892309	75.0625	4.478526	0.034898	False	ok
6301	condition_006	5	iid_high_indel	empirical_controls	NA	0	1.859554334077984	82.390625	1.78961	0.030713999999999998	False	ok
6301	condition_006	5	iid_high_indel	empirical_controls_plus_oracle_error	0.02	0	4.875674250070006	76.015625	4.793664	0.036173	False	ok
6301	condition_007	20	error_free	baseline_total_bases	NA	0	5.147592958062887	98.4375	5.029927	0.061681999999999994	False	ok
6301	condition_007	20	error_free	oracle_error_survival	0.0	0	18.491683084052056	105.75	18.324697	0.079775	False	ok
6301	condition_007	20	error_free	empirical_controls	NA	0	6.015477749984711	108.234375	5.891445	0.06275599999999999	False	ok
6301	condition_007	20	error_free	empirical_controls_plus_oracle_error	0.0	0	18.485245124902576	82.34375	18.294672	0.082907	False	ok
6301	condition_008	20	iid_low_indel	baseline_total_bases	NA	0	6.187875917181373	82.03125	6.069841	0.060599	False	ok
6301	condition_008	20	iid_low_indel	oracle_error_survival	0.003	0	18.937045166036114	105.359375	18.753324	0.080469	False	ok
6301	condition_008	20	iid_low_indel	empirical_controls	NA	0	6.030817957827821	97.8125	5.926674	0.058543	False	ok
6301	condition_008	20	iid_low_indel	empirical_controls_plus_oracle_error	0.003	0	19.47656337497756	89.984375	19.315277	0.080269	False	ok
6301	condition_009	20	iid_high_indel	baseline_total_bases	NA	0	5.288858042098582	88.671875	5.184318	0.06079	False	ok
6301	condition_009	20	iid_high_indel	oracle_error_survival	0.02	0	18.204757208935916	81.265625	18.018607	0.08021299999999999	False	ok
6301	condition_009	20	iid_high_indel	empirical_controls	NA	0	6.776423334144056	98.046875	6.634181	0.06715499999999999	False	ok
6301	condition_009	20	iid_high_indel	empirical_controls_plus_oracle_error	0.02	0	18.665074290940538	82.15625	18.467348	0.086257	False	ok
6302	condition_001	1	error_free	baseline_total_bases	NA	0	0.49138200003653765	52.828125	0.433687	0.021174	False	ok
6302	condition_001	1	error_free	oracle_error_survival	0.0	0	1.0505211660638452	51.875	0.9944909999999999	0.022823	False	ok
6302	condition_001	1	error_free	empirical_controls	NA	0	0.48572754114866257	55.1875	0.43552799999999997	0.021103999999999998	False	ok
6302	condition_001	1	error_free	empirical_controls_plus_oracle_error	0.0	0	1.1313958750106394	51.875	1.055605	0.021786999999999997	False	ok
6302	condition_002	1	iid_low_indel	baseline_total_bases	NA	0	0.44926575012505054	51.015625	0.391133	0.021056	False	ok
6302	condition_002	1	iid_low_indel	oracle_error_survival	0.003	0	1.069325208896771	51.59375	1.011385	0.020751	False	ok
6302	condition_002	1	iid_low_indel	empirical_controls	NA	0	0.5293765410315245	51.203125	0.47325	0.020519	False	ok
6302	condition_002	1	iid_low_indel	empirical_controls_plus_oracle_error	0.003	0	1.1499717920087278	51.046875	1.095995	0.022591	False	ok
6302	condition_003	1	iid_high_indel	baseline_total_bases	NA	0	0.46924533415585756	50.375	0.425289	0.020627	False	ok
6302	condition_003	1	iid_high_indel	oracle_error_survival	0.02	0	1.1056061659473926	51.140625	1.042531	0.021145999999999998	False	ok
6302	condition_003	1	iid_high_indel	empirical_controls	NA	0	0.5354790838900954	49.84375	0.47079499999999996	0.020982999999999998	False	ok
6302	condition_003	1	iid_high_indel	empirical_controls_plus_oracle_error	0.02	0	1.1437162500806153	50.921875	1.074638	0.021122	False	ok
6302	condition_004	5	error_free	baseline_total_bases	NA	0	1.5580977080389857	77.6875	1.498386	0.030237	False	ok
6302	condition_004	5	error_free	oracle_error_survival	0.0	0	4.643610249971971	74.78125	4.574782	0.033853999999999995	False	ok
6302	condition_004	5	error_free	empirical_controls	NA	0	1.7474030000157654	76.578125	1.68527	0.030624	False	ok
6302	condition_004	5	error_free	empirical_controls_plus_oracle_error	0.0	0	4.751353916944936	77.0625	4.661505	0.034466	False	ok
6302	condition_005	5	iid_low_indel	baseline_total_bases	NA	0	1.5891012498177588	83.9375	1.529266	0.030965	False	ok
6302	condition_005	5	iid_low_indel	oracle_error_survival	0.003	0	4.531251542037353	76.40625	4.446672	0.033950999999999995	False	ok
6302	condition_005	5	iid_low_indel	empirical_controls	NA	0	1.8814108751248568	72.4375	1.8161749999999999	0.031403	False	ok
6302	condition_005	5	iid_low_indel	empirical_controls_plus_oracle_error	0.003	0	4.997853666078299	81.421875	4.881985	0.041069999999999995	False	ok
6302	condition_006	5	iid_high_indel	baseline_total_bases	NA	0	1.4952845829539	80.59375	1.410114	0.029141	False	ok
6302	condition_006	5	iid_high_indel	oracle_error_survival	0.02	0	4.778786625014618	80.59375	4.709457	0.034395999999999996	False	ok
6302	condition_006	5	iid_high_indel	empirical_controls	NA	0	1.95670137507841	75.3125	1.894153	0.029539	False	ok
6302	condition_006	5	iid_high_indel	empirical_controls_plus_oracle_error	0.02	0	4.9736468330956995	80.484375	4.903376	0.033853999999999995	False	ok
6302	condition_007	20	error_free	baseline_total_bases	NA	0	5.212025458924472	87.078125	5.092683	0.062426999999999996	False	ok
6302	condition_007	20	error_free	oracle_error_survival	0.0	0	17.511955459136516	89.265625	17.335839	0.077362	False	ok
6302	condition_007	20	error_free	empirical_controls	NA	0	6.880145542090759	97.703125	6.745709	0.064037	False	ok
6302	condition_007	20	error_free	empirical_controls_plus_oracle_error	0.0	0	19.342504624975845	89.65625	19.18348	0.079056	False	ok
6302	condition_008	20	iid_low_indel	baseline_total_bases	NA	0	5.179627584060654	100.5	5.0654	0.059405	False	ok
6302	condition_008	20	iid_low_indel	oracle_error_survival	0.003	0	18.27975937514566	95.578125	18.122377	0.078693	False	ok
6302	condition_008	20	iid_low_indel	empirical_controls	NA	0	6.022720207925886	105.484375	5.9122959999999996	0.06373	False	ok
6302	condition_008	20	iid_low_indel	empirical_controls_plus_oracle_error	0.003	0	19.62150379200466	97.609375	19.446566	0.079995	False	ok
6302	condition_009	20	iid_high_indel	baseline_total_bases	NA	0	5.233511458849534	97.203125	5.124755	0.059917	False	ok
6302	condition_009	20	iid_high_indel	oracle_error_survival	0.02	0	18.20768600003794	105.078125	18.050622	0.077249	False	ok
6302	condition_009	20	iid_high_indel	empirical_controls	NA	0	7.236995375016704	81.875	7.130399	0.062042	False	ok
6302	condition_009	20	iid_high_indel	empirical_controls_plus_oracle_error	0.02	0	19.2656058750581	83.671875	19.120047	0.07675	False	ok
6303	condition_001	1	error_free	baseline_total_bases	NA	0	0.45869704196229577	53.375	0.389565	0.020028	False	ok
6303	condition_001	1	error_free	oracle_error_survival	0.0	0	1.0953861670568585	51.9375	1.03537	0.021159999999999998	False	ok
6303	condition_001	1	error_free	empirical_controls	NA	0	0.5040009999647737	54.734375	0.433469	0.020819	False	ok
6303	condition_001	1	error_free	empirical_controls_plus_oracle_error	0.0	0	1.147835916141048	51.296875	1.094706	0.020631	False	ok
6303	condition_002	1	iid_low_indel	baseline_total_bases	NA	0	0.43985787499696016	52.40625	0.393381	0.019478	False	ok
6303	condition_002	1	iid_low_indel	oracle_error_survival	0.003	0	1.0576161660719663	50.578125	1.005517	0.020183	False	ok
6303	condition_002	1	iid_low_indel	empirical_controls	NA	0	0.5169628749135882	54.5625	0.477537	0.020252	False	ok
6303	condition_002	1	iid_low_indel	empirical_controls_plus_oracle_error	0.003	0	1.1534273750148714	51.421875	1.101124	0.021328	False	ok
6303	condition_003	1	iid_high_indel	baseline_total_bases	NA	0	0.4374094158411026	50.03125	0.396207	0.019995	False	ok
6303	condition_003	1	iid_high_indel	oracle_error_survival	0.02	0	1.125212750164792	51.71875	1.075691	0.020713	False	ok
6303	condition_003	1	iid_high_indel	empirical_controls	NA	0	0.5311468329746276	53.515625	0.491069	0.020329	False	ok
6303	condition_003	1	iid_high_indel	empirical_controls_plus_oracle_error	0.02	0	1.167514625005424	51.4375	1.116597	0.021370999999999998	False	ok
6303	condition_004	5	error_free	baseline_total_bases	NA	0	1.7142785000614822	76.140625	1.658733	0.029296	False	ok
6303	condition_004	5	error_free	oracle_error_survival	0.0	0	4.6699497499503195	63.6875	4.581694	0.033207	False	ok
6303	condition_004	5	error_free	empirical_controls	NA	0	1.6716902090702206	79.5625	1.611205	0.030343	False	ok
6303	condition_004	5	error_free	empirical_controls_plus_oracle_error	0.0	0	4.760073374956846	72.28125	4.681451	0.032959999999999996	False	ok
6303	condition_005	5	iid_low_indel	baseline_total_bases	NA	0	1.7117113329004496	75.59375	1.596337	0.036885	False	ok
6303	condition_005	5	iid_low_indel	oracle_error_survival	0.003	0	4.6401157500222325	82.984375	4.564569	0.033881	False	ok
6303	condition_005	5	iid_low_indel	empirical_controls	NA	0	1.7708560000173748	72.296875	1.70794	0.029741999999999998	False	ok
6303	condition_005	5	iid_low_indel	empirical_controls_plus_oracle_error	0.003	0	5.048904082970694	83.703125	4.9731499999999995	0.033735999999999995	False	ok
6303	condition_006	5	iid_high_indel	baseline_total_bases	NA	0	1.6589838329236954	78.09375	1.59515	0.030063999999999997	False	ok
6303	condition_006	5	iid_high_indel	oracle_error_survival	0.02	0	4.88406145805493	74.78125	4.791365	0.033866	False	ok
6303	condition_006	5	iid_high_indel	empirical_controls	NA	0	1.8452323339879513	74.546875	1.775359	0.030454	False	ok
6303	condition_006	5	iid_high_indel	empirical_controls_plus_oracle_error	0.02	0	4.954259959049523	69.21875	4.890302	0.032871	False	ok
6303	condition_007	20	error_free	baseline_total_bases	NA	0	5.098490749951452	97.515625	4.978195	0.059268999999999995	False	ok
6303	condition_007	20	error_free	oracle_error_survival	0.0	0	18.733970999950543	91.921875	18.571679	0.07364	False	ok
6303	condition_007	20	error_free	empirical_controls	NA	0	6.451134457951412	85.78125	6.337148	0.062565	False	ok
6303	condition_007	20	error_free	empirical_controls_plus_oracle_error	0.0	0	19.009247541893274	91.65625	18.863205	0.07720099999999999	False	ok
6303	condition_008	20	iid_low_indel	baseline_total_bases	NA	0	5.219914915971458	105.40625	5.088589	0.064673	False	ok
6303	condition_008	20	iid_low_indel	oracle_error_survival	0.003	0	17.996735209133476	98.09375	17.803208	0.082893	False	ok
6303	condition_008	20	iid_low_indel	empirical_controls	NA	0	6.7065128749236465	98.015625	6.579963	0.062108	False	ok
6303	condition_008	20	iid_low_indel	empirical_controls_plus_oracle_error	0.003	0	18.90153587493114	89.546875	18.754727	0.077723	False	ok
6303	condition_009	20	iid_high_indel	baseline_total_bases	NA	0	5.291088624857366	96.4375	5.1920209999999996	0.059611	False	ok
6303	condition_009	20	iid_high_indel	oracle_error_survival	0.02	0	18.223828708054498	80.734375	18.035544	0.082407	False	ok
6303	condition_009	20	iid_high_indel	empirical_controls	NA	0	7.340111166937277	89.65625	7.199835	0.067005	False	ok
6303	condition_009	20	iid_high_indel	empirical_controls_plus_oracle_error	0.02	0	18.75883079203777	81.453125	18.613104	0.074378	False	ok
