dataset	minimum_count	status	workflow_wall_seconds	external_stage_wall_seconds	maximum_external_stage_peak_rss_mib	memory_method	input_sha256	total_input_bases	k	threads_parameter	temporary_and_output_bytes_after_run	warning	truth_array_count	predicted_array_count	matched_array_count	array_recall	array_precision	array_f1	read_detection_recall	read_detection_precision	negative_read_count	false_positive_read_count	negative_read_call_rate	matched_period_mae_bp	matched_boundary_mae_bp	base_union_recall	base_union_precision	base_union_f1	predicted_union_bp	truth_union_bp	duplicated_prediction_bp	duplicate_bp_fraction	array_recall_ci_low	array_recall_ci_high	array_precision_ci_low	array_precision_ci_high	negative_read_call_rate_ci_low	negative_read_call_rate_ci_high	cyclic_monomer_recall	distinct_consensus_count	homologous_consensus_fraction	unmatched_distinct_consensus_count	mean_best_cyclic_edit_similarity	native_catalogue_size	native_motif_lengths	out_of_scope_catalogue_count	out_of_scope_array_count	scoring_scope	truth_arrays_sha256	truth_reads_sha256
at_rich_control_s1101	100	no_eligible_kmers	1.807480667019263	1.8031231248751283	51.4375	max direct-child wait4 RSS across sequential native stages; benchmark controller excluded	693adc4ea6868dcee3ae1f06283d876615204968426e030767d688791f553704	500000	151	1	1312285	planted_truth;conditional_errors_on_matches;wilson_intervals_are_descriptive	0	0	0	NA	NA	NA	NA	NA	100	0	0.0	NA	NA	NA	NA	NA	0	0	0	NA	NA	NA	NA	NA	0.0	0.03699349820698568	NA	0	NA	0	NA	0		0	0	period_30_1000_span_ge_100;native_keep_flag_positive;HORs_not_decomposed	717c100a73298ee9f39abd124523ecd2bea30990de51bc3325e1ddc5aa827a10	2cb3f4cb2532e206c8213818b8a7a8d76a71b942a96b818f747ba2913866aa67
at_rich_control_s1101	20	no_eligible_kmers	1.8036752501502633	1.8018601657822728	52.0	max direct-child wait4 RSS across sequential native stages; benchmark controller excluded	693adc4ea6868dcee3ae1f06283d876615204968426e030767d688791f553704	500000	151	1	1312280	planted_truth;conditional_errors_on_matches;wilson_intervals_are_descriptive	0	0	0	NA	NA	NA	NA	NA	100	0	0.0	NA	NA	NA	NA	NA	0	0	0	NA	NA	NA	NA	NA	0.0	0.03699349820698568	NA	0	NA	0	NA	0		0	0	period_30_1000_span_ge_100;native_keep_flag_positive;HORs_not_decomposed	717c100a73298ee9f39abd124523ecd2bea30990de51bc3325e1ddc5aa827a10	2cb3f4cb2532e206c8213818b8a7a8d76a71b942a96b818f747ba2913866aa67
clean_171_s1101	100	ok	2.0026553329080343	1.9928952481132	47.140625	max direct-child wait4 RSS across sequential native stages; benchmark controller excluded	7820f95674140bd99b71986ee0a5f863ac12c8f2ae9ad2ca304e872f843ce375	500000	151	1	1538320	planted_truth;conditional_errors_on_matches;wilson_intervals_are_descriptive	70	70	70	1.0	1.0	1.0	1.0	1.0	30	0	0.0	0.0	50.32142857142857	0.9511347813979393	0.9998097287170593	0.9748650490390207	136647	143640	0	0.0	0.9479769375897331	1.0	0.9479769375897331	1.0	0.0	0.11351339317396876	1.0	3	1.0	0	1.0	3	171;171;171	0	0	period_30_1000_span_ge_100;native_keep_flag_positive;HORs_not_decomposed	b3ecd48f1f804c172fbe4bdf6c543cd062a76d38bd7da150fc68df019b3bc1cc	1d60c7d1502c73bd3c0bb4b6b97bad883fd310bdad460783195c99fa35de970f
clean_171_s1101	20	ok	1.9790566670708358	1.9691319570410997	46.875	max direct-child wait4 RSS across sequential native stages; benchmark controller excluded	7820f95674140bd99b71986ee0a5f863ac12c8f2ae9ad2ca304e872f843ce375	500000	151	1	1538308	planted_truth;conditional_errors_on_matches;wilson_intervals_are_descriptive	70	70	70	1.0	1.0	1.0	1.0	1.0	30	0	0.0	0.0	50.32142857142857	0.9511347813979393	0.9998097287170593	0.9748650490390207	136647	143640	0	0.0	0.9479769375897331	1.0	0.9479769375897331	1.0	0.0	0.11351339317396876	1.0	3	1.0	0	1.0	3	171;171;171	0	0	period_30_1000_span_ge_100;native_keep_flag_positive;HORs_not_decomposed	b3ecd48f1f804c172fbe4bdf6c543cd062a76d38bd7da150fc68df019b3bc1cc	1d60c7d1502c73bd3c0bb4b6b97bad883fd310bdad460783195c99fa35de970f
clean_421_s1101	100	ok	2.008984958054498	1.996969458879903	49.40625	max direct-child wait4 RSS across sequential native stages; benchmark controller excluded	2eaa9109dc34744f8603ea35082212f33aa2c8d055c38c0a9f21210bf5e07112	500000	151	1	1659165	planted_truth;conditional_errors_on_matches;wilson_intervals_are_descriptive	70	70	70	1.0	1.0	1.0	1.0	1.0	30	0	0.0	0.0	167.56428571428572	0.9005217170003393	0.9999717398369389	0.9476446918247696	212313	235760	0	0.0	0.9479769375897331	1.0	0.9479769375897331	1.0	0.0	0.11351339317396876	1.0	3	1.0	0	1.0	3	421;421;421	0	0	period_30_1000_span_ge_100;native_keep_flag_positive;HORs_not_decomposed	b94d84a30c488c02eef0e2f9ebef372cb495b10a5543af8fa5a336fa513824fa	daf163fe3e4460220e3dcf0b06081a7ef244f304b8053e24a35c136c235ae1e8
clean_421_s1101	20	ok	2.0030500411521643	1.993707000510767	48.46875	max direct-child wait4 RSS across sequential native stages; benchmark controller excluded	2eaa9109dc34744f8603ea35082212f33aa2c8d055c38c0a9f21210bf5e07112	500000	151	1	1659154	planted_truth;conditional_errors_on_matches;wilson_intervals_are_descriptive	70	70	70	1.0	1.0	1.0	1.0	1.0	30	0	0.0	0.0	167.56428571428572	0.9005217170003393	0.9999717398369389	0.9476446918247696	212313	235760	0	0.0	0.9479769375897331	1.0	0.9479769375897331	1.0	0.0	0.11351339317396876	1.0	3	1.0	0	1.0	3	421;421;421	0	0	period_30_1000_span_ge_100;native_keep_flag_positive;HORs_not_decomposed	b94d84a30c488c02eef0e2f9ebef372cb495b10a5543af8fa5a336fa513824fa	daf163fe3e4460220e3dcf0b06081a7ef244f304b8053e24a35c136c235ae1e8
clean_60_s1101	100	ok	2.0860405841376632	2.0733405819628388	52.890625	max direct-child wait4 RSS across sequential native stages; benchmark controller excluded	dbae9574482222e54196052fb73c5890668439fa4bf7946e20bbb0e34d7dad48	500000	151	1	1637405	planted_truth;conditional_errors_on_matches;wilson_intervals_are_descriptive	70	70	70	1.0	1.0	1.0	1.0	1.0	30	0	0.0	0.0	10.157142857142857	0.988984126984127	0.9997272275083036	0.9943266599107905	124646	126000	0	0.0	0.9479769375897331	1.0	0.9479769375897331	1.0	0.0	0.11351339317396876	1.0	3	1.0	0	1.0	3	60;60;60	0	0	period_30_1000_span_ge_100;native_keep_flag_positive;HORs_not_decomposed	bc7fd1f529d4f3b9bafb66e80937287d46a8180db7bcc0a7d5e3d31b7e274a88	aa82cb5e4c7a41d52a208edfdc16d182d7b9d9f86ea4903b89e25938bccca1f6
clean_60_s1101	20	ok	2.0686425000894815	2.0602486662101	52.1875	max direct-child wait4 RSS across sequential native stages; benchmark controller excluded	dbae9574482222e54196052fb73c5890668439fa4bf7946e20bbb0e34d7dad48	500000	151	1	1637394	planted_truth;conditional_errors_on_matches;wilson_intervals_are_descriptive	70	70	70	1.0	1.0	1.0	1.0	1.0	30	0	0.0	0.0	10.157142857142857	0.988984126984127	0.9997272275083036	0.9943266599107905	124646	126000	0	0.0	0.9479769375897331	1.0	0.9479769375897331	1.0	0.0	0.11351339317396876	1.0	3	1.0	0	1.0	3	60;60;60	0	0	period_30_1000_span_ge_100;native_keep_flag_positive;HORs_not_decomposed	bc7fd1f529d4f3b9bafb66e80937287d46a8180db7bcc0a7d5e3d31b7e274a88	aa82cb5e4c7a41d52a208edfdc16d182d7b9d9f86ea4903b89e25938bccca1f6
clean_729_s1101	100	ok	2.0557654998265207	2.0441862081643194	50.53125	max direct-child wait4 RSS across sequential native stages; benchmark controller excluded	e0a9f5a721b569f17137bf77b53126f7b141c0a145611c5659bff79c1fcbfad0	500000	151	1	1823746	planted_truth;conditional_errors_on_matches;wilson_intervals_are_descriptive	70	70	70	1.0	1.0	1.0	1.0	1.0	30	0	0.0	0.0	309.74285714285713	0.858374158991443	0.9999961950855725	0.9237888358131312	262818	306180	0	0.0	0.9479769375897331	1.0	0.9479769375897331	1.0	0.0	0.11351339317396876	1.0	3	1.0	0	1.0	3	729;729;729	0	0	period_30_1000_span_ge_100;native_keep_flag_positive;HORs_not_decomposed	43b172b613895ff7aa741f72783b5307744ef5140b6fc68a647711941c77677c	c3d1265eb2bb598d747c6d9f57d20f4a2340b915fae0411283acbdf12024688c
clean_729_s1101	20	ok	2.000835041049868	1.9924387908540666	51.5625	max direct-child wait4 RSS across sequential native stages; benchmark controller excluded	e0a9f5a721b569f17137bf77b53126f7b141c0a145611c5659bff79c1fcbfad0	500000	151	1	1823735	planted_truth;conditional_errors_on_matches;wilson_intervals_are_descriptive	70	70	70	1.0	1.0	1.0	1.0	1.0	30	0	0.0	0.0	309.74285714285713	0.858374158991443	0.9999961950855725	0.9237888358131312	262818	306180	0	0.0	0.9479769375897331	1.0	0.9479769375897331	1.0	0.0	0.11351339317396876	1.0	3	1.0	0	1.0	3	729;729;729	0	0	period_30_1000_span_ge_100;native_keep_flag_positive;HORs_not_decomposed	43b172b613895ff7aa741f72783b5307744ef5140b6fc68a647711941c77677c	c3d1265eb2bb598d747c6d9f57d20f4a2340b915fae0411283acbdf12024688c
dispersed_control_s1101	100	no_catalogue	1.8698409171774983	1.863140249857679	51.5	max direct-child wait4 RSS across sequential native stages; benchmark controller excluded	133eb91f66b30860c96c787cc7c522b491f207c12fe9cac805f4fc46919aafda	500000	151	1	1318238	planted_truth;conditional_errors_on_matches;wilson_intervals_are_descriptive	0	0	0	NA	NA	NA	NA	NA	100	0	0.0	NA	NA	NA	NA	NA	0	0	0	NA	NA	NA	NA	NA	0.0	0.03699349820698568	NA	0	NA	0	NA	0		0	0	period_30_1000_span_ge_100;native_keep_flag_positive;HORs_not_decomposed	717c100a73298ee9f39abd124523ecd2bea30990de51bc3325e1ddc5aa827a10	9c0f120160d1223d458fdbf5ad6c7b988c1945e0909cffc8f8d0122e18320eff
dispersed_control_s1101	20	no_catalogue	1.834939083084464	1.8323914580978453	52.375	max direct-child wait4 RSS across sequential native stages; benchmark controller excluded	133eb91f66b30860c96c787cc7c522b491f207c12fe9cac805f4fc46919aafda	500000	151	1	1324471	planted_truth;conditional_errors_on_matches;wilson_intervals_are_descriptive	0	0	0	NA	NA	NA	NA	NA	100	0	0.0	NA	NA	NA	NA	NA	0	0	0	NA	NA	NA	NA	NA	0.0	0.03699349820698568	NA	0	NA	0	NA	0		0	0	period_30_1000_span_ge_100;native_keep_flag_positive;HORs_not_decomposed	717c100a73298ee9f39abd124523ecd2bea30990de51bc3325e1ddc5aa827a10	9c0f120160d1223d458fdbf5ad6c7b988c1945e0909cffc8f8d0122e18320eff
divergent_units_s1101	100	no_eligible_kmers	1.8452905418816954	1.8414340829476714	52.09375	max direct-child wait4 RSS across sequential native stages; benchmark controller excluded	094a050b6445363e34653f4e13b8adc1b954462dcb810c2b547fa6df471e858c	500000	151	1	1312324	planted_truth;conditional_errors_on_matches;wilson_intervals_are_descriptive	70	0	0	0.0	NA	0.0	0.0	NA	30	0	0.0	NA	NA	0.0	NA	0.0	0	143640	0	NA	0.0	0.05202306241026692	NA	NA	0.0	0.11351339317396876	0.0	0	NA	0	0.0	0		0	0	period_30_1000_span_ge_100;native_keep_flag_positive;HORs_not_decomposed	f325d51211c4d4a4bc8381bafa6b93d62d938c16576073a3985c8d7ef86e9899	63ecf69d8af6479901da871023b66860e73d279036ba49730ab49a2a4c551501
divergent_units_s1101	20	no_eligible_kmers	1.7916581248864532	1.7893767498899251	47.28125	max direct-child wait4 RSS across sequential native stages; benchmark controller excluded	094a050b6445363e34653f4e13b8adc1b954462dcb810c2b547fa6df471e858c	500000	151	1	1312319	planted_truth;conditional_errors_on_matches;wilson_intervals_are_descriptive	70	0	0	0.0	NA	0.0	0.0	NA	30	0	0.0	NA	NA	0.0	NA	0.0	0	143640	0	NA	0.0	0.05202306241026692	NA	NA	0.0	0.11351339317396876	0.0	0	NA	0	0.0	0		0	0	period_30_1000_span_ge_100;native_keep_flag_positive;HORs_not_decomposed	f325d51211c4d4a4bc8381bafa6b93d62d938c16576073a3985c8d7ef86e9899	63ecf69d8af6479901da871023b66860e73d279036ba49730ab49a2a4c551501
indel_01pct_s1101	100	ok	2.0029454580508173	1.9920184169895947	50.1875	max direct-child wait4 RSS across sequential native stages; benchmark controller excluded	ce95e06c650c7e00449c04a560a0dd1e306f6f10f820693fcb27b4b6aad2c66a	500006	151	1	1541052	planted_truth;conditional_errors_on_matches;wilson_intervals_are_descriptive	70	70	70	1.0	1.0	1.0	1.0	1.0	30	0	0.0	0.0	54.57142857142857	0.9468972334767415	0.9999117841652576	0.9726826756675582	136030	143646	0	0.0	0.9479769375897331	1.0	0.9479769375897331	1.0	0.0	0.11351339317396876	1.0	3	1.0	0	1.0	3	171;171;171	0	0	period_30_1000_span_ge_100;native_keep_flag_positive;HORs_not_decomposed	c64bb79b3ebe747e41218ebebc640a073c6d9fff903fcfd393dff9f2f86b7733	9ffb978087b4cbeacc132131ab4ad20997866ef45c521d1a0ce90a8ff4428557
indel_01pct_s1101	20	ok	2.0864723750855774	2.0769042919855565	49.90625	max direct-child wait4 RSS across sequential native stages; benchmark controller excluded	ce95e06c650c7e00449c04a560a0dd1e306f6f10f820693fcb27b4b6aad2c66a	500006	151	1	1541041	planted_truth;conditional_errors_on_matches;wilson_intervals_are_descriptive	70	70	70	1.0	1.0	1.0	1.0	1.0	30	0	0.0	0.0	54.57142857142857	0.9468972334767415	0.9999117841652576	0.9726826756675582	136030	143646	0	0.0	0.9479769375897331	1.0	0.9479769375897331	1.0	0.0	0.11351339317396876	1.0	3	1.0	0	1.0	3	171;171;171	0	0	period_30_1000_span_ge_100;native_keep_flag_positive;HORs_not_decomposed	c64bb79b3ebe747e41218ebebc640a073c6d9fff903fcfd393dff9f2f86b7733	9ffb978087b4cbeacc132131ab4ad20997866ef45c521d1a0ce90a8ff4428557
indel_1pct_s1101	100	no_eligible_kmers	1.8332506660372019	1.82828374998644	53.171875	max direct-child wait4 RSS across sequential native stages; benchmark controller excluded	e9c3acbbd2b296c48605c8b8a3cb649a80a8495c05fc888d3f68d92f82fab9da	499978	151	1	1312298	planted_truth;conditional_errors_on_matches;wilson_intervals_are_descriptive	70	0	0	0.0	NA	0.0	0.0	NA	30	0	0.0	NA	NA	0.0	NA	0.0	0	143618	0	NA	0.0	0.05202306241026692	NA	NA	0.0	0.11351339317396876	0.0	0	NA	0	0.0	0		0	0	period_30_1000_span_ge_100;native_keep_flag_positive;HORs_not_decomposed	2e359772d17c3a5b54634eb17ae32527f54d6a21eebc91fda30d71ab1b127775	5a157365cd16aca4b158d4c248b147ba6929ecaa7fe4725a418c188fcbade665
indel_1pct_s1101	20	ok	1.9783345418982208	1.9710715841501951	51.34375	max direct-child wait4 RSS across sequential native stages; benchmark controller excluded	e9c3acbbd2b296c48605c8b8a3cb649a80a8495c05fc888d3f68d92f82fab9da	499978	151	1	1554573	planted_truth;conditional_errors_on_matches;wilson_intervals_are_descriptive	70	70	70	1.0	1.0	1.0	1.0	1.0	30	0	0.0	0.0	58.92857142857143	0.9426186132657466	0.9999335234071469	0.9704305314619145	135386	143618	0	0.0	0.9479769375897331	1.0	0.9479769375897331	1.0	0.0	0.11351339317396876	1.0	3	1.0	0	1.0	3	171;171;171	0	0	period_30_1000_span_ge_100;native_keep_flag_positive;HORs_not_decomposed	2e359772d17c3a5b54634eb17ae32527f54d6a21eebc91fda30d71ab1b127775	5a157365cd16aca4b158d4c248b147ba6929ecaa7fe4725a418c188fcbade665
indel_4pct_s1101	100	no_eligible_kmers	1.80144033418037	1.796166165964678	51.96875	max direct-child wait4 RSS across sequential native stages; benchmark controller excluded	36b9a7c2b50100da5b5685977efc5e98a2166a0ee31a1f1c8ff1b069dc503c36	499946	151	1	1312299	planted_truth;conditional_errors_on_matches;wilson_intervals_are_descriptive	70	0	0	0.0	NA	0.0	0.0	NA	30	0	0.0	NA	NA	0.0	NA	0.0	0	143586	0	NA	0.0	0.05202306241026692	NA	NA	0.0	0.11351339317396876	0.0	0	NA	0	0.0	0		0	0	period_30_1000_span_ge_100;native_keep_flag_positive;HORs_not_decomposed	f5f3384a0519655550ad59b91ffd9f6749a0b785c255a7d64e430ac767775f85	0bb197992f9988bf2ceb19bb489b63519b8a2c0728a38dc91abf21a7b6a4f8b1
indel_4pct_s1101	20	no_eligible_kmers	1.8177560830954462	1.816036666976288	51.21875	max direct-child wait4 RSS across sequential native stages; benchmark controller excluded	36b9a7c2b50100da5b5685977efc5e98a2166a0ee31a1f1c8ff1b069dc503c36	499946	151	1	1312294	planted_truth;conditional_errors_on_matches;wilson_intervals_are_descriptive	70	0	0	0.0	NA	0.0	0.0	NA	30	0	0.0	NA	NA	0.0	NA	0.0	0	143586	0	NA	0.0	0.05202306241026692	NA	NA	0.0	0.11351339317396876	0.0	0	NA	0	0.0	0		0	0	period_30_1000_span_ge_100;native_keep_flag_positive;HORs_not_decomposed	f5f3384a0519655550ad59b91ffd9f6749a0b785c255a7d64e430ac767775f85	0bb197992f9988bf2ceb19bb489b63519b8a2c0728a38dc91abf21a7b6a4f8b1
low_complexity_control_s1101	100	no_catalogue	1.8603664168622345	1.8553523749578744	55.421875	max direct-child wait4 RSS across sequential native stages; benchmark controller excluded	74a5ccaf4b5639fb92c8a02e053696091041bc70fe6007f593ba35c341d8053c	500000	151	1	1342094	planted_truth;conditional_errors_on_matches;wilson_intervals_are_descriptive	0	0	0	NA	NA	NA	NA	NA	100	0	0.0	NA	NA	NA	NA	NA	0	0	0	NA	NA	NA	NA	NA	0.0	0.03699349820698568	NA	0	NA	0	NA	0		0	0	period_30_1000_span_ge_100;native_keep_flag_positive;HORs_not_decomposed	717c100a73298ee9f39abd124523ecd2bea30990de51bc3325e1ddc5aa827a10	fbc19ea4f48b2feb8f45f6803a30ed503200bb1d2cc3ec580ff52a4d6832501c
low_complexity_control_s1101	20	no_catalogue	1.8997886248398572	1.897037000861019	55.015625	max direct-child wait4 RSS across sequential native stages; benchmark controller excluded	74a5ccaf4b5639fb92c8a02e053696091041bc70fe6007f593ba35c341d8053c	500000	151	1	1342090	planted_truth;conditional_errors_on_matches;wilson_intervals_are_descriptive	0	0	0	NA	NA	NA	NA	NA	100	0	0.0	NA	NA	NA	NA	NA	0	0	0	NA	NA	NA	NA	NA	0.0	0.03699349820698568	NA	0	NA	0	NA	0		0	0	period_30_1000_span_ge_100;native_keep_flag_positive;HORs_not_decomposed	717c100a73298ee9f39abd124523ecd2bea30990de51bc3325e1ddc5aa827a10	fbc19ea4f48b2feb8f45f6803a30ed503200bb1d2cc3ec580ff52a4d6832501c
related_families_s1101	100	ok	2.0329512499738485	2.021705208811909	48.40625	max direct-child wait4 RSS across sequential native stages; benchmark controller excluded	288d05ce4ef6e11c16585020136d23f7ef2898078b977346376c67173e539ac2	500000	151	1	1541308	planted_truth;conditional_errors_on_matches;wilson_intervals_are_descriptive	70	70	70	1.0	1.0	1.0	1.0	1.0	30	0	0.0	0.0	51.542857142857144	0.9499651907546645	0.9997875177679107	0.9742397955176673	136482	143640	0	0.0	0.9479769375897331	1.0	0.9479769375897331	1.0	0.0	0.11351339317396876	1.0	3	1.0	0	1.0	3	171;171;171	0	0	period_30_1000_span_ge_100;native_keep_flag_positive;HORs_not_decomposed	7fa309bcc7d9035f96f098d666b003292edcf50b22490f5e7df80daad39b6bf5	0d9ad4c2ab1536a4da42e2ff7523a59072da58b0e268f64c410b11322d0b7aca
related_families_s1101	20	ok	1.9705672499258071	1.9609695405233651	45.59375	max direct-child wait4 RSS across sequential native stages; benchmark controller excluded	288d05ce4ef6e11c16585020136d23f7ef2898078b977346376c67173e539ac2	500000	151	1	1541297	planted_truth;conditional_errors_on_matches;wilson_intervals_are_descriptive	70	70	70	1.0	1.0	1.0	1.0	1.0	30	0	0.0	0.0	51.542857142857144	0.9499651907546645	0.9997875177679107	0.9742397955176673	136482	143640	0	0.0	0.9479769375897331	1.0	0.9479769375897331	1.0	0.0	0.11351339317396876	1.0	3	1.0	0	1.0	3	171;171;171	0	0	period_30_1000_span_ge_100;native_keep_flag_positive;HORs_not_decomposed	7fa309bcc7d9035f96f098d666b003292edcf50b22490f5e7df80daad39b6bf5	0d9ad4c2ab1536a4da42e2ff7523a59072da58b0e268f64c410b11322d0b7aca
short_arrays_s1101	100	no_eligible_kmers	1.793168833013624	1.7883435420226306	47.640625	max direct-child wait4 RSS across sequential native stages; benchmark controller excluded	31e5e1c67ae81e0114181038fa1780c97adfa0ce1963e8a01a65fff1833ac530	500000	151	1	1312308	planted_truth;conditional_errors_on_matches;wilson_intervals_are_descriptive	70	0	0	0.0	NA	0.0	0.0	NA	30	0	0.0	NA	NA	0.0	NA	0.0	0	35910	0	NA	0.0	0.05202306241026692	NA	NA	0.0	0.11351339317396876	0.0	0	NA	0	0.0	0		0	0	period_30_1000_span_ge_100;native_keep_flag_positive;HORs_not_decomposed	cab3703bf533bbe7ce717deabf362f068aa931efeea9577b818bf2d409c3ae54	d6c67524d845b2fc530d4e6d9e9c7cf76c9fbc3047019251c094062753e238b6
short_arrays_s1101	20	ok	1.9954462500754744	1.9892274590674788	47.96875	max direct-child wait4 RSS across sequential native stages; benchmark controller excluded	31e5e1c67ae81e0114181038fa1780c97adfa0ce1963e8a01a65fff1833ac530	500000	151	1	1444666	planted_truth;conditional_errors_on_matches;wilson_intervals_are_descriptive	70	70	70	1.0	1.0	1.0	1.0	1.0	30	0	0.0	0.0	45.7	0.822333611807296	0.9993908217138215	0.9022579363866907	29548	35910	0	0.0	0.9479769375897331	1.0	0.9479769375897331	1.0	0.0	0.11351339317396876	1.0	3	1.0	0	1.0	3	171;171;171	0	0	period_30_1000_span_ge_100;native_keep_flag_positive;HORs_not_decomposed	cab3703bf533bbe7ce717deabf362f068aa931efeea9577b818bf2d409c3ae54	d6c67524d845b2fc530d4e6d9e9c7cf76c9fbc3047019251c094062753e238b6
substitution_1pct_s1101	100	no_eligible_kmers	1.7932612078730017	1.7880085830111057	49.265625	max direct-child wait4 RSS across sequential native stages; benchmark controller excluded	4905c821dfd3741bde3da99fc57842a3b228daa3ed9c4e0716ce1b5452ccc3f9	500000	151	1	1312334	planted_truth;conditional_errors_on_matches;wilson_intervals_are_descriptive	70	0	0	0.0	NA	0.0	0.0	NA	30	0	0.0	NA	NA	0.0	NA	0.0	0	143640	0	NA	0.0	0.05202306241026692	NA	NA	0.0	0.11351339317396876	0.0	0	NA	0	0.0	0		0	0	period_30_1000_span_ge_100;native_keep_flag_positive;HORs_not_decomposed	486966c1bbf7ac7ffaa7004b82150d098cdc0f79b69bd968e6ea8a82c2aff502	02c210409ea1dce29f94522ce1f07f738513a77bdd0b21cad100be015a82c846
substitution_1pct_s1101	20	ok	1.9506136658601463	1.943295291857794	51.515625	max direct-child wait4 RSS across sequential native stages; benchmark controller excluded	4905c821dfd3741bde3da99fc57842a3b228daa3ed9c4e0716ce1b5452ccc3f9	500000	151	1	1541970	planted_truth;conditional_errors_on_matches;wilson_intervals_are_descriptive	70	70	70	1.0	1.0	1.0	1.0	1.0	30	0	0.0	0.0	52.56428571428572	0.9488930659983291	0.9998679548405555	0.9737138203366945	136317	143640	0	0.0	0.9479769375897331	1.0	0.9479769375897331	1.0	0.0	0.11351339317396876	1.0	3	1.0	0	1.0	3	171;171;171	0	0	period_30_1000_span_ge_100;native_keep_flag_positive;HORs_not_decomposed	486966c1bbf7ac7ffaa7004b82150d098cdc0f79b69bd968e6ea8a82c2aff502	02c210409ea1dce29f94522ce1f07f738513a77bdd0b21cad100be015a82c846
substitution_5pct_s1101	100	no_eligible_kmers	1.810048250015825	1.8052116250619292	54.109375	max direct-child wait4 RSS across sequential native stages; benchmark controller excluded	ad546af0a64233fcdb6cce230c1648d0242ed414ef70e7bdcb8044d20ae11db1	500000	151	1	1312334	planted_truth;conditional_errors_on_matches;wilson_intervals_are_descriptive	70	0	0	0.0	NA	0.0	0.0	NA	30	0	0.0	NA	NA	0.0	NA	0.0	0	143640	0	NA	0.0	0.05202306241026692	NA	NA	0.0	0.11351339317396876	0.0	0	NA	0	0.0	0		0	0	period_30_1000_span_ge_100;native_keep_flag_positive;HORs_not_decomposed	466da25069a87c0466c2d1ce8c0b58671dade60e1267bc2dff68c7700832eab1	0a083bc46efa9c2d44163757f126670208799f92b4bb6b2beffcf0eb33786525
substitution_5pct_s1101	20	no_eligible_kmers	1.7343306669499725	1.7324929989408702	46.171875	max direct-child wait4 RSS across sequential native stages; benchmark controller excluded	ad546af0a64233fcdb6cce230c1648d0242ed414ef70e7bdcb8044d20ae11db1	500000	151	1	1312327	planted_truth;conditional_errors_on_matches;wilson_intervals_are_descriptive	70	0	0	0.0	NA	0.0	0.0	NA	30	0	0.0	NA	NA	0.0	NA	0.0	0	143640	0	NA	0.0	0.05202306241026692	NA	NA	0.0	0.11351339317396876	0.0	0	NA	0	0.0	0		0	0	period_30_1000_span_ge_100;native_keep_flag_positive;HORs_not_decomposed	466da25069a87c0466c2d1ce8c0b58671dade60e1267bc2dff68c7700832eab1	0a083bc46efa9c2d44163757f126670208799f92b4bb6b2beffcf0eb33786525
two_arrays_s1101	100	ok	1.9935476251412183	1.9829790412914008	50.765625	max direct-child wait4 RSS across sequential native stages; benchmark controller excluded	1e2e802a7350de6893f27623f7aaa233d656710d6ca1538fe7f29c736e9fed12	500000	151	1	1576857	planted_truth;conditional_errors_on_matches;wilson_intervals_are_descriptive	140	140	140	1.0	1.0	1.0	1.0	1.0	30	0	0.0	0.0	51.17857142857143	0.925250626566416	0.9999210012526945	0.961137718379988	177218	191520	0	0.0	0.9732937996305869	1.0	0.9732937996305869	1.0	0.0	0.11351339317396876	1.0	3	1.0	0	1.0	3	171;171;171	0	0	period_30_1000_span_ge_100;native_keep_flag_positive;HORs_not_decomposed	84e5ee518babb0540341004d135acc87067e0f693bd67faa7903f094e8b4dcad	a59a769f608f0c68e59f9dbe0b3e655c044b5b9294b162d9930b241ecb0ae981
two_arrays_s1101	20	ok	2.0325342919677496	2.0244676244910806	53.296875	max direct-child wait4 RSS across sequential native stages; benchmark controller excluded	1e2e802a7350de6893f27623f7aaa233d656710d6ca1538fe7f29c736e9fed12	500000	151	1	1576845	planted_truth;conditional_errors_on_matches;wilson_intervals_are_descriptive	140	140	140	1.0	1.0	1.0	1.0	1.0	30	0	0.0	0.0	51.17857142857143	0.925250626566416	0.9999210012526945	0.961137718379988	177218	191520	0	0.0	0.9732937996305869	1.0	0.9732937996305869	1.0	0.0	0.11351339317396876	1.0	3	1.0	0	1.0	3	171;171;171	0	0	period_30_1000_span_ge_100;native_keep_flag_positive;HORs_not_decomposed	84e5ee518babb0540341004d135acc87067e0f693bd67faa7903f094e8b4dcad	a59a769f608f0c68e59f9dbe0b3e655c044b5b9294b162d9930b241ecb0ae981
