scenario	dataset_id	seed	split	tool	repetition	total_bases	exit_code	runtime_seconds	peak_rss_mib	timed_out	status	error	truth_array_count	predicted_array_count	matched_array_count	array_recall	array_precision	array_f1	read_detection_recall	read_detection_precision	negative_read_count	false_positive_read_count	negative_read_call_rate	matched_period_mae_bp	matched_boundary_mae_bp	warning	array_recall_ci_low	array_recall_ci_high	array_precision_ci_low	array_precision_ci_high	negative_read_call_rate_ci_low	negative_read_call_rate_ci_high	truth_family_count	recovered_family_count	sequence_family_recall	family_criterion	prediction_sha256	catalog_sha256
clean_60	clean_60_s1101	1101	development	tandemx	1	500000	0	1.8180171670392156	26.40625	False	ok		70	70	70	1.0	1.0	1.0	1.0	1.0	30	0	0.0	0.0	0.4357142857142857	planted_truth;conditional_errors_on_matches;wilson_intervals_are_descriptive	0.9479769375897331	1.0	0.9479769375897331	1.0	0.0	0.11351339317396876	3	3	1.0	equal_length_circular_ungapped_identity_ge_0.9	bcb59e725587b1acccee61c93565242e1ef05bd48d4e2f5ea246718f32d109a5	980c86867bfbef2265d71dae9793b2a28c6d135631b73144892443d5e648bb53
clean_60	clean_60_s1101	1101	development	tidehunter	1	500000	0	0.19740041717886925	54.1875	False	ok		70	70	70	1.0	1.0	1.0	1.0	1.0	30	0	0.0	0.0	0.4785714285714286	planted_truth;conditional_errors_on_matches;wilson_intervals_are_descriptive	0.9479769375897331	1.0	0.9479769375897331	1.0	0.0	0.11351339317396876	3	3	1.0	equal_length_circular_ungapped_identity_ge_0.9	343ff02b8de0501dc1c66a5c3900b59e3ca3b9a7a4971b5c98c075a0fa139290	9a377fc3c666f11ff18395397fe3b891ce3863ea874aa0141fa8a6241b9dc484
clean_60	clean_60_s1101	1101	development	trf	1	500000	0	0.5277712920214981	38.234375	False	ok		70	70	70	1.0	1.0	1.0	1.0	1.0	30	0	0.0	0.0	0.4142857142857143	planted_truth;conditional_errors_on_matches;wilson_intervals_are_descriptive	0.9479769375897331	1.0	0.9479769375897331	1.0	0.0	0.11351339317396876	3	3	1.0	equal_length_circular_ungapped_identity_ge_0.9	e17019a356410dcf1574c9679efaec1353fbbc82a1c6836cbc82f95f690fba7d	db4f3f8ebad63639df1ca5f9dde15061c71151d061e6e53538af987c5b6cff76
clean_60	clean_60_s1101	1101	development	tandemx	2	500000	0	0.22625329089350998	25.015625	False	ok		70	70	70	1.0	1.0	1.0	1.0	1.0	30	0	0.0	0.0	0.4357142857142857	planted_truth;conditional_errors_on_matches;wilson_intervals_are_descriptive	0.9479769375897331	1.0	0.9479769375897331	1.0	0.0	0.11351339317396876	3	3	1.0	equal_length_circular_ungapped_identity_ge_0.9	bcb59e725587b1acccee61c93565242e1ef05bd48d4e2f5ea246718f32d109a5	980c86867bfbef2265d71dae9793b2a28c6d135631b73144892443d5e648bb53
clean_60	clean_60_s1101	1101	development	trf	2	500000	0	0.533967541065067	38.28125	False	ok		70	70	70	1.0	1.0	1.0	1.0	1.0	30	0	0.0	0.0	0.4142857142857143	planted_truth;conditional_errors_on_matches;wilson_intervals_are_descriptive	0.9479769375897331	1.0	0.9479769375897331	1.0	0.0	0.11351339317396876	3	3	1.0	equal_length_circular_ungapped_identity_ge_0.9	e17019a356410dcf1574c9679efaec1353fbbc82a1c6836cbc82f95f690fba7d	db4f3f8ebad63639df1ca5f9dde15061c71151d061e6e53538af987c5b6cff76
clean_60	clean_60_s1101	1101	development	tidehunter	2	500000	0	0.19271116703748703	38.140625	False	ok		70	70	70	1.0	1.0	1.0	1.0	1.0	30	0	0.0	0.0	0.4785714285714286	planted_truth;conditional_errors_on_matches;wilson_intervals_are_descriptive	0.9479769375897331	1.0	0.9479769375897331	1.0	0.0	0.11351339317396876	3	3	1.0	equal_length_circular_ungapped_identity_ge_0.9	343ff02b8de0501dc1c66a5c3900b59e3ca3b9a7a4971b5c98c075a0fa139290	9a377fc3c666f11ff18395397fe3b891ce3863ea874aa0141fa8a6241b9dc484
clean_60	clean_60_s1101	1101	development	tandemx	3	500000	0	0.22457095910795033	25.75	False	ok		70	70	70	1.0	1.0	1.0	1.0	1.0	30	0	0.0	0.0	0.4357142857142857	planted_truth;conditional_errors_on_matches;wilson_intervals_are_descriptive	0.9479769375897331	1.0	0.9479769375897331	1.0	0.0	0.11351339317396876	3	3	1.0	equal_length_circular_ungapped_identity_ge_0.9	bcb59e725587b1acccee61c93565242e1ef05bd48d4e2f5ea246718f32d109a5	980c86867bfbef2265d71dae9793b2a28c6d135631b73144892443d5e648bb53
clean_60	clean_60_s1101	1101	development	trf	3	500000	0	0.5422249999828637	38.234375	False	ok		70	70	70	1.0	1.0	1.0	1.0	1.0	30	0	0.0	0.0	0.4142857142857143	planted_truth;conditional_errors_on_matches;wilson_intervals_are_descriptive	0.9479769375897331	1.0	0.9479769375897331	1.0	0.0	0.11351339317396876	3	3	1.0	equal_length_circular_ungapped_identity_ge_0.9	e17019a356410dcf1574c9679efaec1353fbbc82a1c6836cbc82f95f690fba7d	db4f3f8ebad63639df1ca5f9dde15061c71151d061e6e53538af987c5b6cff76
clean_60	clean_60_s1101	1101	development	tidehunter	3	500000	0	0.18580774986185133	55.09375	False	ok		70	70	70	1.0	1.0	1.0	1.0	1.0	30	0	0.0	0.0	0.4785714285714286	planted_truth;conditional_errors_on_matches;wilson_intervals_are_descriptive	0.9479769375897331	1.0	0.9479769375897331	1.0	0.0	0.11351339317396876	3	3	1.0	equal_length_circular_ungapped_identity_ge_0.9	343ff02b8de0501dc1c66a5c3900b59e3ca3b9a7a4971b5c98c075a0fa139290	9a377fc3c666f11ff18395397fe3b891ce3863ea874aa0141fa8a6241b9dc484
clean_171	clean_171_s1101	1101	development	tandemx	1	500000	0	0.41786808404140174	25.453125	False	ok		70	70	70	1.0	1.0	1.0	1.0	1.0	30	0	0.0	0.0	0.4928571428571429	planted_truth;conditional_errors_on_matches;wilson_intervals_are_descriptive	0.9479769375897331	1.0	0.9479769375897331	1.0	0.0	0.11351339317396876	3	3	1.0	equal_length_circular_ungapped_identity_ge_0.9	3be8ec579cc81574d699c1d502b8f3db603e2d1ce25330250cb421b5851ec54d	3b356c739183e26ae8d3252ab7089e95370048bb7eca5e6c1e54f1a27e5bb157
clean_171	clean_171_s1101	1101	development	tidehunter	1	500000	0	0.22033029096201062	53.515625	False	ok		70	70	70	1.0	1.0	1.0	1.0	1.0	30	0	0.0	0.0	1.4642857142857142	planted_truth;conditional_errors_on_matches;wilson_intervals_are_descriptive	0.9479769375897331	1.0	0.9479769375897331	1.0	0.0	0.11351339317396876	3	3	1.0	equal_length_circular_ungapped_identity_ge_0.9	540dc0492dc1a7221e4253129d0dccadc58446e60c6177bb58e1b2983ae2cc67	783d9b476e7d461f44d5ee417e997ba16765fb2ebfbc6c445155079b9e047b09
clean_171	clean_171_s1101	1101	development	trf	1	500000	0	0.8619126668199897	38.265625	False	ok		70	70	70	1.0	1.0	1.0	1.0	1.0	30	0	0.0	0.0	0.4357142857142857	planted_truth;conditional_errors_on_matches;wilson_intervals_are_descriptive	0.9479769375897331	1.0	0.9479769375897331	1.0	0.0	0.11351339317396876	3	3	1.0	equal_length_circular_ungapped_identity_ge_0.9	8949c7e77c3940e2d4a513df4240b2d17fb0e44791293b4e89ac9b1a71c439d5	772374d7c042b041faba5ff9d1d385add04a67aa90bdf89ebcf40a30be919594
clean_171	clean_171_s1101	1101	development	tandemx	2	500000	0	0.41630604211241007	25.640625	False	ok		70	70	70	1.0	1.0	1.0	1.0	1.0	30	0	0.0	0.0	0.4928571428571429	planted_truth;conditional_errors_on_matches;wilson_intervals_are_descriptive	0.9479769375897331	1.0	0.9479769375897331	1.0	0.0	0.11351339317396876	3	3	1.0	equal_length_circular_ungapped_identity_ge_0.9	3be8ec579cc81574d699c1d502b8f3db603e2d1ce25330250cb421b5851ec54d	3b356c739183e26ae8d3252ab7089e95370048bb7eca5e6c1e54f1a27e5bb157
clean_171	clean_171_s1101	1101	development	trf	2	500000	0	0.8394269999116659	38.25	False	ok		70	70	70	1.0	1.0	1.0	1.0	1.0	30	0	0.0	0.0	0.4357142857142857	planted_truth;conditional_errors_on_matches;wilson_intervals_are_descriptive	0.9479769375897331	1.0	0.9479769375897331	1.0	0.0	0.11351339317396876	3	3	1.0	equal_length_circular_ungapped_identity_ge_0.9	8949c7e77c3940e2d4a513df4240b2d17fb0e44791293b4e89ac9b1a71c439d5	772374d7c042b041faba5ff9d1d385add04a67aa90bdf89ebcf40a30be919594
clean_171	clean_171_s1101	1101	development	tidehunter	2	500000	0	0.22379200020805	50.25	False	ok		70	70	70	1.0	1.0	1.0	1.0	1.0	30	0	0.0	0.0	1.4642857142857142	planted_truth;conditional_errors_on_matches;wilson_intervals_are_descriptive	0.9479769375897331	1.0	0.9479769375897331	1.0	0.0	0.11351339317396876	3	3	1.0	equal_length_circular_ungapped_identity_ge_0.9	540dc0492dc1a7221e4253129d0dccadc58446e60c6177bb58e1b2983ae2cc67	783d9b476e7d461f44d5ee417e997ba16765fb2ebfbc6c445155079b9e047b09
clean_171	clean_171_s1101	1101	development	tandemx	3	500000	0	0.41723333299160004	25.734375	False	ok		70	70	70	1.0	1.0	1.0	1.0	1.0	30	0	0.0	0.0	0.4928571428571429	planted_truth;conditional_errors_on_matches;wilson_intervals_are_descriptive	0.9479769375897331	1.0	0.9479769375897331	1.0	0.0	0.11351339317396876	3	3	1.0	equal_length_circular_ungapped_identity_ge_0.9	3be8ec579cc81574d699c1d502b8f3db603e2d1ce25330250cb421b5851ec54d	3b356c739183e26ae8d3252ab7089e95370048bb7eca5e6c1e54f1a27e5bb157
clean_171	clean_171_s1101	1101	development	trf	3	500000	0	0.8453299170359969	38.25	False	ok		70	70	70	1.0	1.0	1.0	1.0	1.0	30	0	0.0	0.0	0.4357142857142857	planted_truth;conditional_errors_on_matches;wilson_intervals_are_descriptive	0.9479769375897331	1.0	0.9479769375897331	1.0	0.0	0.11351339317396876	3	3	1.0	equal_length_circular_ungapped_identity_ge_0.9	8949c7e77c3940e2d4a513df4240b2d17fb0e44791293b4e89ac9b1a71c439d5	772374d7c042b041faba5ff9d1d385add04a67aa90bdf89ebcf40a30be919594
clean_171	clean_171_s1101	1101	development	tidehunter	3	500000	0	0.24778129206970334	63.828125	False	ok		70	70	70	1.0	1.0	1.0	1.0	1.0	30	0	0.0	0.0	1.4642857142857142	planted_truth;conditional_errors_on_matches;wilson_intervals_are_descriptive	0.9479769375897331	1.0	0.9479769375897331	1.0	0.0	0.11351339317396876	3	3	1.0	equal_length_circular_ungapped_identity_ge_0.9	540dc0492dc1a7221e4253129d0dccadc58446e60c6177bb58e1b2983ae2cc67	783d9b476e7d461f44d5ee417e997ba16765fb2ebfbc6c445155079b9e047b09
clean_421	clean_421_s1101	1101	development	tandemx	1	500000	0	0.3131059999577701	25.8125	False	ok		70	70	70	1.0	1.0	1.0	1.0	1.0	30	0	0.0	0.0	0.39285714285714285	planted_truth;conditional_errors_on_matches;wilson_intervals_are_descriptive	0.9479769375897331	1.0	0.9479769375897331	1.0	0.0	0.11351339317396876	3	3	1.0	equal_length_circular_ungapped_identity_ge_0.9	90ea82f92cf1eb2864b400aa13e48de8b4ff8d18a7bbc8d21028af7e01b5653e	9debba242d10d42450b353fadb67f828943aed1eaa3c5d59b772acc11ca3987d
clean_421	clean_421_s1101	1101	development	tidehunter	1	500000	0	0.384038208052516	69.171875	False	ok		70	70	70	1.0	1.0	1.0	1.0	1.0	30	0	0.0	0.0	6.414285714285715	planted_truth;conditional_errors_on_matches;wilson_intervals_are_descriptive	0.9479769375897331	1.0	0.9479769375897331	1.0	0.0	0.11351339317396876	3	3	1.0	equal_length_circular_ungapped_identity_ge_0.9	1c1cc148ff0da3a554258a3ef243e49e28680aa4b1d9ab04ba0aadff18f43ef9	31f1855f10fd258d65d2983a21630ef3388f5afb0a935f6ed60bb6a83a1caa18
clean_421	clean_421_s1101	1101	development	trf	1	500000	0	0.6349208750762045	38.359375	False	ok		70	70	70	1.0	1.0	1.0	1.0	1.0	30	0	0.0	0.0	0.45	planted_truth;conditional_errors_on_matches;wilson_intervals_are_descriptive	0.9479769375897331	1.0	0.9479769375897331	1.0	0.0	0.11351339317396876	3	3	1.0	equal_length_circular_ungapped_identity_ge_0.9	e731a34922819ead2ddb8a60e8de261ce524ac859ca2caa8376c6870243303de	8688e1f4ee067c9f439a557989061f70ca904e132d2f0e3bf889a144a899c444
clean_421	clean_421_s1101	1101	development	tandemx	2	500000	0	0.29751895903609693	26.203125	False	ok		70	70	70	1.0	1.0	1.0	1.0	1.0	30	0	0.0	0.0	0.39285714285714285	planted_truth;conditional_errors_on_matches;wilson_intervals_are_descriptive	0.9479769375897331	1.0	0.9479769375897331	1.0	0.0	0.11351339317396876	3	3	1.0	equal_length_circular_ungapped_identity_ge_0.9	90ea82f92cf1eb2864b400aa13e48de8b4ff8d18a7bbc8d21028af7e01b5653e	9debba242d10d42450b353fadb67f828943aed1eaa3c5d59b772acc11ca3987d
clean_421	clean_421_s1101	1101	development	trf	2	500000	0	0.6434867498464882	38.375	False	ok		70	70	70	1.0	1.0	1.0	1.0	1.0	30	0	0.0	0.0	0.45	planted_truth;conditional_errors_on_matches;wilson_intervals_are_descriptive	0.9479769375897331	1.0	0.9479769375897331	1.0	0.0	0.11351339317396876	3	3	1.0	equal_length_circular_ungapped_identity_ge_0.9	e731a34922819ead2ddb8a60e8de261ce524ac859ca2caa8376c6870243303de	8688e1f4ee067c9f439a557989061f70ca904e132d2f0e3bf889a144a899c444
clean_421	clean_421_s1101	1101	development	tidehunter	2	500000	0	0.39357824996113777	62.078125	False	ok		70	70	70	1.0	1.0	1.0	1.0	1.0	30	0	0.0	0.0	6.414285714285715	planted_truth;conditional_errors_on_matches;wilson_intervals_are_descriptive	0.9479769375897331	1.0	0.9479769375897331	1.0	0.0	0.11351339317396876	3	3	1.0	equal_length_circular_ungapped_identity_ge_0.9	1c1cc148ff0da3a554258a3ef243e49e28680aa4b1d9ab04ba0aadff18f43ef9	31f1855f10fd258d65d2983a21630ef3388f5afb0a935f6ed60bb6a83a1caa18
clean_421	clean_421_s1101	1101	development	tandemx	3	500000	0	0.32475416688248515	26.0	False	ok		70	70	70	1.0	1.0	1.0	1.0	1.0	30	0	0.0	0.0	0.39285714285714285	planted_truth;conditional_errors_on_matches;wilson_intervals_are_descriptive	0.9479769375897331	1.0	0.9479769375897331	1.0	0.0	0.11351339317396876	3	3	1.0	equal_length_circular_ungapped_identity_ge_0.9	90ea82f92cf1eb2864b400aa13e48de8b4ff8d18a7bbc8d21028af7e01b5653e	9debba242d10d42450b353fadb67f828943aed1eaa3c5d59b772acc11ca3987d
clean_421	clean_421_s1101	1101	development	trf	3	500000	0	0.6340630420017987	38.34375	False	ok		70	70	70	1.0	1.0	1.0	1.0	1.0	30	0	0.0	0.0	0.45	planted_truth;conditional_errors_on_matches;wilson_intervals_are_descriptive	0.9479769375897331	1.0	0.9479769375897331	1.0	0.0	0.11351339317396876	3	3	1.0	equal_length_circular_ungapped_identity_ge_0.9	e731a34922819ead2ddb8a60e8de261ce524ac859ca2caa8376c6870243303de	8688e1f4ee067c9f439a557989061f70ca904e132d2f0e3bf889a144a899c444
clean_421	clean_421_s1101	1101	development	tidehunter	3	500000	0	0.3946106662042439	61.046875	False	ok		70	70	70	1.0	1.0	1.0	1.0	1.0	30	0	0.0	0.0	6.414285714285715	planted_truth;conditional_errors_on_matches;wilson_intervals_are_descriptive	0.9479769375897331	1.0	0.9479769375897331	1.0	0.0	0.11351339317396876	3	3	1.0	equal_length_circular_ungapped_identity_ge_0.9	1c1cc148ff0da3a554258a3ef243e49e28680aa4b1d9ab04ba0aadff18f43ef9	31f1855f10fd258d65d2983a21630ef3388f5afb0a935f6ed60bb6a83a1caa18
clean_729	clean_729_s1101	1101	development	tandemx	1	500000	0	0.48804054083302617	25.96875	False	ok		70	70	70	1.0	1.0	1.0	1.0	1.0	30	0	0.0	0.0	0.5285714285714286	planted_truth;conditional_errors_on_matches;wilson_intervals_are_descriptive	0.9479769375897331	1.0	0.9479769375897331	1.0	0.0	0.11351339317396876	3	3	1.0	equal_length_circular_ungapped_identity_ge_0.9	e1bc6d987d3451c4020a493f04ae912e58431de61eff069fbc024b37c0b858d6	7329a4fccfae519c692cbf77b772e003df6254ca0b85ead6fc022577da23cdd2
clean_729	clean_729_s1101	1101	development	tidehunter	1	500000	0	0.5696085828822106	86.71875	False	ok		70	70	70	1.0	1.0	1.0	1.0	1.0	30	0	0.0	0.0	0.5642857142857143	planted_truth;conditional_errors_on_matches;wilson_intervals_are_descriptive	0.9479769375897331	1.0	0.9479769375897331	1.0	0.0	0.11351339317396876	3	3	1.0	equal_length_circular_ungapped_identity_ge_0.9	35cb5a2349f9be06b91c6e37a0348f3a16a25bb168795469942b89ea1d52bce4	dd01cfd98bb1e741a706865115b35233a06c20a4afded230c2685b69f2738d85
clean_729	clean_729_s1101	1101	development	trf	1	500000	0	0.4277652909513563	38.609375	False	ok		70	70	70	1.0	1.0	1.0	1.0	1.0	30	0	0.0	0.0	0.45714285714285713	planted_truth;conditional_errors_on_matches;wilson_intervals_are_descriptive	0.9479769375897331	1.0	0.9479769375897331	1.0	0.0	0.11351339317396876	3	3	1.0	equal_length_circular_ungapped_identity_ge_0.9	9498807169e4ef7ed3ae8c4e7fd95f951691d68ebd4a1b14dda9c0061c8d3e1c	bc24f49535b602b61c738d62bc0453d2231068c76885e801bb51f9f8eadf47ca
clean_729	clean_729_s1101	1101	development	tandemx	2	500000	0	0.4929104170296341	25.75	False	ok		70	70	70	1.0	1.0	1.0	1.0	1.0	30	0	0.0	0.0	0.5285714285714286	planted_truth;conditional_errors_on_matches;wilson_intervals_are_descriptive	0.9479769375897331	1.0	0.9479769375897331	1.0	0.0	0.11351339317396876	3	3	1.0	equal_length_circular_ungapped_identity_ge_0.9	e1bc6d987d3451c4020a493f04ae912e58431de61eff069fbc024b37c0b858d6	7329a4fccfae519c692cbf77b772e003df6254ca0b85ead6fc022577da23cdd2
clean_729	clean_729_s1101	1101	development	trf	2	500000	0	0.44323762506246567	38.703125	False	ok		70	70	70	1.0	1.0	1.0	1.0	1.0	30	0	0.0	0.0	0.45714285714285713	planted_truth;conditional_errors_on_matches;wilson_intervals_are_descriptive	0.9479769375897331	1.0	0.9479769375897331	1.0	0.0	0.11351339317396876	3	3	1.0	equal_length_circular_ungapped_identity_ge_0.9	9498807169e4ef7ed3ae8c4e7fd95f951691d68ebd4a1b14dda9c0061c8d3e1c	bc24f49535b602b61c738d62bc0453d2231068c76885e801bb51f9f8eadf47ca
clean_729	clean_729_s1101	1101	development	tidehunter	2	500000	0	0.5545770421158522	92.734375	False	ok		70	70	70	1.0	1.0	1.0	1.0	1.0	30	0	0.0	0.0	0.5642857142857143	planted_truth;conditional_errors_on_matches;wilson_intervals_are_descriptive	0.9479769375897331	1.0	0.9479769375897331	1.0	0.0	0.11351339317396876	3	3	1.0	equal_length_circular_ungapped_identity_ge_0.9	35cb5a2349f9be06b91c6e37a0348f3a16a25bb168795469942b89ea1d52bce4	dd01cfd98bb1e741a706865115b35233a06c20a4afded230c2685b69f2738d85
clean_729	clean_729_s1101	1101	development	tandemx	3	500000	0	0.4852871662005782	26.09375	False	ok		70	70	70	1.0	1.0	1.0	1.0	1.0	30	0	0.0	0.0	0.5285714285714286	planted_truth;conditional_errors_on_matches;wilson_intervals_are_descriptive	0.9479769375897331	1.0	0.9479769375897331	1.0	0.0	0.11351339317396876	3	3	1.0	equal_length_circular_ungapped_identity_ge_0.9	e1bc6d987d3451c4020a493f04ae912e58431de61eff069fbc024b37c0b858d6	7329a4fccfae519c692cbf77b772e003df6254ca0b85ead6fc022577da23cdd2
clean_729	clean_729_s1101	1101	development	trf	3	500000	0	0.4401649588253349	38.6875	False	ok		70	70	70	1.0	1.0	1.0	1.0	1.0	30	0	0.0	0.0	0.45714285714285713	planted_truth;conditional_errors_on_matches;wilson_intervals_are_descriptive	0.9479769375897331	1.0	0.9479769375897331	1.0	0.0	0.11351339317396876	3	3	1.0	equal_length_circular_ungapped_identity_ge_0.9	9498807169e4ef7ed3ae8c4e7fd95f951691d68ebd4a1b14dda9c0061c8d3e1c	bc24f49535b602b61c738d62bc0453d2231068c76885e801bb51f9f8eadf47ca
clean_729	clean_729_s1101	1101	development	tidehunter	3	500000	0	0.5641765419859439	96.125	False	ok		70	70	70	1.0	1.0	1.0	1.0	1.0	30	0	0.0	0.0	0.5642857142857143	planted_truth;conditional_errors_on_matches;wilson_intervals_are_descriptive	0.9479769375897331	1.0	0.9479769375897331	1.0	0.0	0.11351339317396876	3	3	1.0	equal_length_circular_ungapped_identity_ge_0.9	35cb5a2349f9be06b91c6e37a0348f3a16a25bb168795469942b89ea1d52bce4	dd01cfd98bb1e741a706865115b35233a06c20a4afded230c2685b69f2738d85
substitution_1pct	substitution_1pct_s1101	1101	development	tandemx	1	500000	0	0.4157079590950161	25.734375	False	ok		70	70	70	1.0	1.0	1.0	1.0	1.0	30	0	0.0	0.0	0.3357142857142857	planted_truth;conditional_errors_on_matches;wilson_intervals_are_descriptive	0.9479769375897331	1.0	0.9479769375897331	1.0	0.0	0.11351339317396876	3	3	1.0	equal_length_circular_ungapped_identity_ge_0.9	279ba9fc7fbfe2fbd792da0ac6607e1c8b99b20b9538f063a1648c4c1844fb49	3b356c739183e26ae8d3252ab7089e95370048bb7eca5e6c1e54f1a27e5bb157
substitution_1pct	substitution_1pct_s1101	1101	development	tidehunter	1	500000	0	0.24227120797149837	59.03125	False	ok		70	70	70	1.0	1.0	1.0	1.0	1.0	30	0	0.0	0.0	0.42142857142857143	planted_truth;conditional_errors_on_matches;wilson_intervals_are_descriptive	0.9479769375897331	1.0	0.9479769375897331	1.0	0.0	0.11351339317396876	3	3	1.0	equal_length_circular_ungapped_identity_ge_0.9	087352bceff899989b1a91fc8cabd87b6bb0df7fc983f37d8319c208e59f1ef5	0e19eca50ac7a8d1bd48069faf5f87ca0c900411b0d1dd44b06ac5c8baf3c491
substitution_1pct	substitution_1pct_s1101	1101	development	trf	1	500000	0	0.9066813329700381	38.3125	False	ok		70	70	70	1.0	1.0	1.0	1.0	1.0	30	0	0.0	0.0	0.4357142857142857	planted_truth;conditional_errors_on_matches;wilson_intervals_are_descriptive	0.9479769375897331	1.0	0.9479769375897331	1.0	0.0	0.11351339317396876	3	3	1.0	equal_length_circular_ungapped_identity_ge_0.9	f317fa356153fe58aab9bee3f81ae9f67f18eb777663b4fbf3d6319f33058606	ec2d032b2a9669618105a5a571cca9aa806dbf57566e5a07513f11b0cf4e96dc
substitution_1pct	substitution_1pct_s1101	1101	development	tandemx	2	500000	0	0.4296629161108285	26.3125	False	ok		70	70	70	1.0	1.0	1.0	1.0	1.0	30	0	0.0	0.0	0.3357142857142857	planted_truth;conditional_errors_on_matches;wilson_intervals_are_descriptive	0.9479769375897331	1.0	0.9479769375897331	1.0	0.0	0.11351339317396876	3	3	1.0	equal_length_circular_ungapped_identity_ge_0.9	279ba9fc7fbfe2fbd792da0ac6607e1c8b99b20b9538f063a1648c4c1844fb49	3b356c739183e26ae8d3252ab7089e95370048bb7eca5e6c1e54f1a27e5bb157
substitution_1pct	substitution_1pct_s1101	1101	development	trf	2	500000	0	0.9022116251289845	39.1875	False	ok		70	70	70	1.0	1.0	1.0	1.0	1.0	30	0	0.0	0.0	0.4357142857142857	planted_truth;conditional_errors_on_matches;wilson_intervals_are_descriptive	0.9479769375897331	1.0	0.9479769375897331	1.0	0.0	0.11351339317396876	3	3	1.0	equal_length_circular_ungapped_identity_ge_0.9	f317fa356153fe58aab9bee3f81ae9f67f18eb777663b4fbf3d6319f33058606	ec2d032b2a9669618105a5a571cca9aa806dbf57566e5a07513f11b0cf4e96dc
substitution_1pct	substitution_1pct_s1101	1101	development	tidehunter	2	500000	0	0.24434412480331957	48.109375	False	ok		70	70	70	1.0	1.0	1.0	1.0	1.0	30	0	0.0	0.0	0.42142857142857143	planted_truth;conditional_errors_on_matches;wilson_intervals_are_descriptive	0.9479769375897331	1.0	0.9479769375897331	1.0	0.0	0.11351339317396876	3	3	1.0	equal_length_circular_ungapped_identity_ge_0.9	087352bceff899989b1a91fc8cabd87b6bb0df7fc983f37d8319c208e59f1ef5	0e19eca50ac7a8d1bd48069faf5f87ca0c900411b0d1dd44b06ac5c8baf3c491
substitution_1pct	substitution_1pct_s1101	1101	development	tandemx	3	500000	0	0.41274495888501406	25.75	False	ok		70	70	70	1.0	1.0	1.0	1.0	1.0	30	0	0.0	0.0	0.3357142857142857	planted_truth;conditional_errors_on_matches;wilson_intervals_are_descriptive	0.9479769375897331	1.0	0.9479769375897331	1.0	0.0	0.11351339317396876	3	3	1.0	equal_length_circular_ungapped_identity_ge_0.9	279ba9fc7fbfe2fbd792da0ac6607e1c8b99b20b9538f063a1648c4c1844fb49	3b356c739183e26ae8d3252ab7089e95370048bb7eca5e6c1e54f1a27e5bb157
substitution_1pct	substitution_1pct_s1101	1101	development	trf	3	500000	0	0.8982328339479864	38.265625	False	ok		70	70	70	1.0	1.0	1.0	1.0	1.0	30	0	0.0	0.0	0.4357142857142857	planted_truth;conditional_errors_on_matches;wilson_intervals_are_descriptive	0.9479769375897331	1.0	0.9479769375897331	1.0	0.0	0.11351339317396876	3	3	1.0	equal_length_circular_ungapped_identity_ge_0.9	f317fa356153fe58aab9bee3f81ae9f67f18eb777663b4fbf3d6319f33058606	ec2d032b2a9669618105a5a571cca9aa806dbf57566e5a07513f11b0cf4e96dc
substitution_1pct	substitution_1pct_s1101	1101	development	tidehunter	3	500000	0	0.2232137080281973	43.328125	False	ok		70	70	70	1.0	1.0	1.0	1.0	1.0	30	0	0.0	0.0	0.42142857142857143	planted_truth;conditional_errors_on_matches;wilson_intervals_are_descriptive	0.9479769375897331	1.0	0.9479769375897331	1.0	0.0	0.11351339317396876	3	3	1.0	equal_length_circular_ungapped_identity_ge_0.9	087352bceff899989b1a91fc8cabd87b6bb0df7fc983f37d8319c208e59f1ef5	0e19eca50ac7a8d1bd48069faf5f87ca0c900411b0d1dd44b06ac5c8baf3c491
substitution_5pct	substitution_5pct_s1101	1101	development	tandemx	1	500000	0	0.41524354089051485	25.5625	False	ok		70	70	70	1.0	1.0	1.0	1.0	1.0	30	0	0.0	0.0	1.5785714285714285	planted_truth;conditional_errors_on_matches;wilson_intervals_are_descriptive	0.9479769375897331	1.0	0.9479769375897331	1.0	0.0	0.11351339317396876	3	3	1.0	equal_length_circular_ungapped_identity_ge_0.9	4e22c44501535b2d03569d811a8b1bd72f6b2cb281f4233b380e2c6a59f5f43a	3b356c739183e26ae8d3252ab7089e95370048bb7eca5e6c1e54f1a27e5bb157
substitution_5pct	substitution_5pct_s1101	1101	development	tidehunter	1	500000	0	0.24182150000706315	67.8125	False	ok		70	77	70	1.0	0.9090909090909091	0.9523809523809523	1.0	1.0	30	0	0.0	0.0	7.664285714285715	planted_truth;conditional_errors_on_matches;wilson_intervals_are_descriptive	0.9479769375897331	1.0	0.8240388171888766	0.9552642893982226	0.0	0.11351339317396876	3	3	1.0	equal_length_circular_ungapped_identity_ge_0.9	b7e5a07031c55866d0706bdf0b946daca368d08b9c3460f2a621fa7612d9d28f	07125054f95eaa50ebaa175a6f3a1db181035a7d9b7e68861d034d3e6a4b548c
substitution_5pct	substitution_5pct_s1101	1101	development	trf	1	500000	0	0.9433434579987079	38.359375	False	ok		70	70	70	1.0	1.0	1.0	1.0	1.0	30	0	0.0	0.0	0.8857142857142857	planted_truth;conditional_errors_on_matches;wilson_intervals_are_descriptive	0.9479769375897331	1.0	0.9479769375897331	1.0	0.0	0.11351339317396876	3	3	1.0	equal_length_circular_ungapped_identity_ge_0.9	9e798ca85d0fe6724426fc0515d687b957e340a0512bd99ada2b01cd48242ec9	70c65d01e755397521bc52802e6106f81da9a21e6355ffbb9c771e57f40a17a8
substitution_5pct	substitution_5pct_s1101	1101	development	tandemx	2	500000	0	0.4393389590550214	26.28125	False	ok		70	70	70	1.0	1.0	1.0	1.0	1.0	30	0	0.0	0.0	1.5785714285714285	planted_truth;conditional_errors_on_matches;wilson_intervals_are_descriptive	0.9479769375897331	1.0	0.9479769375897331	1.0	0.0	0.11351339317396876	3	3	1.0	equal_length_circular_ungapped_identity_ge_0.9	4e22c44501535b2d03569d811a8b1bd72f6b2cb281f4233b380e2c6a59f5f43a	3b356c739183e26ae8d3252ab7089e95370048bb7eca5e6c1e54f1a27e5bb157
substitution_5pct	substitution_5pct_s1101	1101	development	trf	2	500000	0	0.954398708883673	38.34375	False	ok		70	70	70	1.0	1.0	1.0	1.0	1.0	30	0	0.0	0.0	0.8857142857142857	planted_truth;conditional_errors_on_matches;wilson_intervals_are_descriptive	0.9479769375897331	1.0	0.9479769375897331	1.0	0.0	0.11351339317396876	3	3	1.0	equal_length_circular_ungapped_identity_ge_0.9	9e798ca85d0fe6724426fc0515d687b957e340a0512bd99ada2b01cd48242ec9	70c65d01e755397521bc52802e6106f81da9a21e6355ffbb9c771e57f40a17a8
substitution_5pct	substitution_5pct_s1101	1101	development	tidehunter	2	500000	0	0.24976541684009135	54.53125	False	ok		70	77	70	1.0	0.9090909090909091	0.9523809523809523	1.0	1.0	30	0	0.0	0.0	7.664285714285715	planted_truth;conditional_errors_on_matches;wilson_intervals_are_descriptive	0.9479769375897331	1.0	0.8240388171888766	0.9552642893982226	0.0	0.11351339317396876	3	3	1.0	equal_length_circular_ungapped_identity_ge_0.9	b7e5a07031c55866d0706bdf0b946daca368d08b9c3460f2a621fa7612d9d28f	07125054f95eaa50ebaa175a6f3a1db181035a7d9b7e68861d034d3e6a4b548c
substitution_5pct	substitution_5pct_s1101	1101	development	tandemx	3	500000	0	0.41744612506590784	25.734375	False	ok		70	70	70	1.0	1.0	1.0	1.0	1.0	30	0	0.0	0.0	1.5785714285714285	planted_truth;conditional_errors_on_matches;wilson_intervals_are_descriptive	0.9479769375897331	1.0	0.9479769375897331	1.0	0.0	0.11351339317396876	3	3	1.0	equal_length_circular_ungapped_identity_ge_0.9	4e22c44501535b2d03569d811a8b1bd72f6b2cb281f4233b380e2c6a59f5f43a	3b356c739183e26ae8d3252ab7089e95370048bb7eca5e6c1e54f1a27e5bb157
substitution_5pct	substitution_5pct_s1101	1101	development	trf	3	500000	0	0.9354249997995794	38.359375	False	ok		70	70	70	1.0	1.0	1.0	1.0	1.0	30	0	0.0	0.0	0.8857142857142857	planted_truth;conditional_errors_on_matches;wilson_intervals_are_descriptive	0.9479769375897331	1.0	0.9479769375897331	1.0	0.0	0.11351339317396876	3	3	1.0	equal_length_circular_ungapped_identity_ge_0.9	9e798ca85d0fe6724426fc0515d687b957e340a0512bd99ada2b01cd48242ec9	70c65d01e755397521bc52802e6106f81da9a21e6355ffbb9c771e57f40a17a8
substitution_5pct	substitution_5pct_s1101	1101	development	tidehunter	3	500000	0	0.2479049579706043	60.1875	False	ok		70	77	70	1.0	0.9090909090909091	0.9523809523809523	1.0	1.0	30	0	0.0	0.0	7.664285714285715	planted_truth;conditional_errors_on_matches;wilson_intervals_are_descriptive	0.9479769375897331	1.0	0.8240388171888766	0.9552642893982226	0.0	0.11351339317396876	3	3	1.0	equal_length_circular_ungapped_identity_ge_0.9	b7e5a07031c55866d0706bdf0b946daca368d08b9c3460f2a621fa7612d9d28f	07125054f95eaa50ebaa175a6f3a1db181035a7d9b7e68861d034d3e6a4b548c
indel_01pct	indel_01pct_s1101	1101	development	tandemx	1	500006	0	0.6183732501231134	25.828125	False	ok		70	70	49	0.7	0.7	0.7	1.0	1.0	30	0	0.0	0.0	104.26530612244898	planted_truth;conditional_errors_on_matches;wilson_intervals_are_descriptive	0.5845568276122731	0.79463394742362	0.5845568276122731	0.79463394742362	0.0	0.11351339317396876	3	3	1.0	equal_length_circular_ungapped_identity_ge_0.9	19fecb47b5f92823611fc1e3698de6b32f805ad1452e8b2ad33cb588d1e71240	8dc04245490d1b2ba0f9407c2d7f45cf4cebecb80683fd6455762d30498c1ca3
indel_01pct	indel_01pct_s1101	1101	development	tidehunter	1	500006	0	0.22165595809929073	63.1875	False	ok		70	70	70	1.0	1.0	1.0	1.0	1.0	30	0	0.0	0.0	0.7142857142857143	planted_truth;conditional_errors_on_matches;wilson_intervals_are_descriptive	0.9479769375897331	1.0	0.9479769375897331	1.0	0.0	0.11351339317396876	3	3	1.0	equal_length_circular_ungapped_identity_ge_0.9	8ef64a5475d9cee75b219b2245e3fd281b0a91a83c91e2b7bbd78c121c6c717f	9e37da0166a1646de07a0b30cf583a889b8ea0b5f8423b18ec08d8b599dcb6b4
indel_01pct	indel_01pct_s1101	1101	development	trf	1	500006	0	0.9350019169505686	45.828125	False	ok		70	86	70	1.0	0.813953488372093	0.8974358974358975	1.0	1.0	30	0	0.0	0.0	0.38571428571428573	planted_truth;conditional_errors_on_matches;wilson_intervals_are_descriptive	0.9479769375897331	1.0	0.7189498897582024	0.8821089165972619	0.0	0.11351339317396876	3	3	1.0	equal_length_circular_ungapped_identity_ge_0.9	cc2712ce846c8e3b8fefdcd2ddab9464b9f633a3e4e94b4781d3715cde964778	233c0cafc3e21580f93ac88051211a6698516a3975a097c33fa8d38bac493a5c
indel_01pct	indel_01pct_s1101	1101	development	tandemx	2	500006	0	0.6360492501407862	25.609375	False	ok		70	70	49	0.7	0.7	0.7	1.0	1.0	30	0	0.0	0.0	104.26530612244898	planted_truth;conditional_errors_on_matches;wilson_intervals_are_descriptive	0.5845568276122731	0.79463394742362	0.5845568276122731	0.79463394742362	0.0	0.11351339317396876	3	3	1.0	equal_length_circular_ungapped_identity_ge_0.9	19fecb47b5f92823611fc1e3698de6b32f805ad1452e8b2ad33cb588d1e71240	8dc04245490d1b2ba0f9407c2d7f45cf4cebecb80683fd6455762d30498c1ca3
indel_01pct	indel_01pct_s1101	1101	development	trf	2	500006	0	0.8943788749165833	38.28125	False	ok		70	86	70	1.0	0.813953488372093	0.8974358974358975	1.0	1.0	30	0	0.0	0.0	0.38571428571428573	planted_truth;conditional_errors_on_matches;wilson_intervals_are_descriptive	0.9479769375897331	1.0	0.7189498897582024	0.8821089165972619	0.0	0.11351339317396876	3	3	1.0	equal_length_circular_ungapped_identity_ge_0.9	cc2712ce846c8e3b8fefdcd2ddab9464b9f633a3e4e94b4781d3715cde964778	233c0cafc3e21580f93ac88051211a6698516a3975a097c33fa8d38bac493a5c
indel_01pct	indel_01pct_s1101	1101	development	tidehunter	2	500006	0	0.24723491608165205	57.6875	False	ok		70	70	70	1.0	1.0	1.0	1.0	1.0	30	0	0.0	0.0	0.7142857142857143	planted_truth;conditional_errors_on_matches;wilson_intervals_are_descriptive	0.9479769375897331	1.0	0.9479769375897331	1.0	0.0	0.11351339317396876	3	3	1.0	equal_length_circular_ungapped_identity_ge_0.9	8ef64a5475d9cee75b219b2245e3fd281b0a91a83c91e2b7bbd78c121c6c717f	9e37da0166a1646de07a0b30cf583a889b8ea0b5f8423b18ec08d8b599dcb6b4
indel_01pct	indel_01pct_s1101	1101	development	tandemx	3	500006	0	0.6053502501454204	25.828125	False	ok		70	70	49	0.7	0.7	0.7	1.0	1.0	30	0	0.0	0.0	104.26530612244898	planted_truth;conditional_errors_on_matches;wilson_intervals_are_descriptive	0.5845568276122731	0.79463394742362	0.5845568276122731	0.79463394742362	0.0	0.11351339317396876	3	3	1.0	equal_length_circular_ungapped_identity_ge_0.9	19fecb47b5f92823611fc1e3698de6b32f805ad1452e8b2ad33cb588d1e71240	8dc04245490d1b2ba0f9407c2d7f45cf4cebecb80683fd6455762d30498c1ca3
indel_01pct	indel_01pct_s1101	1101	development	trf	3	500006	0	0.8948337498586625	38.296875	False	ok		70	86	70	1.0	0.813953488372093	0.8974358974358975	1.0	1.0	30	0	0.0	0.0	0.38571428571428573	planted_truth;conditional_errors_on_matches;wilson_intervals_are_descriptive	0.9479769375897331	1.0	0.7189498897582024	0.8821089165972619	0.0	0.11351339317396876	3	3	1.0	equal_length_circular_ungapped_identity_ge_0.9	cc2712ce846c8e3b8fefdcd2ddab9464b9f633a3e4e94b4781d3715cde964778	233c0cafc3e21580f93ac88051211a6698516a3975a097c33fa8d38bac493a5c
indel_01pct	indel_01pct_s1101	1101	development	tidehunter	3	500006	0	0.24422520794905722	81.546875	False	ok		70	70	70	1.0	1.0	1.0	1.0	1.0	30	0	0.0	0.0	0.7142857142857143	planted_truth;conditional_errors_on_matches;wilson_intervals_are_descriptive	0.9479769375897331	1.0	0.9479769375897331	1.0	0.0	0.11351339317396876	3	3	1.0	equal_length_circular_ungapped_identity_ge_0.9	8ef64a5475d9cee75b219b2245e3fd281b0a91a83c91e2b7bbd78c121c6c717f	9e37da0166a1646de07a0b30cf583a889b8ea0b5f8423b18ec08d8b599dcb6b4
indel_1pct	indel_1pct_s1101	1101	development	tandemx	1	499978	0	0.35656658303923905	26.265625	False	ok		70	70	2	0.02857142857142857	0.02857142857142857	0.02857142857142857	1.0	1.0	30	0	0.0	0.0	390.5	planted_truth;conditional_errors_on_matches;wilson_intervals_are_descriptive	0.007870611945441225	0.09832256118423902	0.007870611945441225	0.09832256118423902	0.0	0.11351339317396876	3	3	1.0	equal_length_circular_ungapped_identity_ge_0.9	abf3e5edfb62a688ad91cd1db6085ffffabbc21b29c88abd7a7954aa4a781a07	3b356c739183e26ae8d3252ab7089e95370048bb7eca5e6c1e54f1a27e5bb157
indel_1pct	indel_1pct_s1101	1101	development	tidehunter	1	499978	0	0.24629891687072814	66.9375	False	ok		70	70	70	1.0	1.0	1.0	1.0	1.0	30	0	0.0	0.02857142857142857	1.65	planted_truth;conditional_errors_on_matches;wilson_intervals_are_descriptive	0.9479769375897331	1.0	0.9479769375897331	1.0	0.0	0.11351339317396876	3	3	1.0	equal_length_circular_ungapped_identity_ge_0.9	27a8949327e43afffccac1ae95bf9e51e9f346aa47ee73c12ba28461e58723e6	2f27d3a87081318aa2e65751c97d67d791512b2fdc9d4eafada4e8b63a8779cc
indel_1pct	indel_1pct_s1101	1101	development	trf	1	499978	0	0.9821294581051916	43.109375	False	ok		70	130	70	1.0	0.5384615384615384	0.7	1.0	1.0	30	0	0.0	0.2	0.4357142857142857	planted_truth;conditional_errors_on_matches;wilson_intervals_are_descriptive	0.9479769375897331	1.0	0.4528937288666052	0.6218215356568999	0.0	0.11351339317396876	3	3	1.0	equal_length_circular_ungapped_identity_ge_0.9	0f3ca52f7aad006178eace2904a716c358ea651605e2ad75508b479782785416	8cfadc79182fde4585262dc1990ad0063d21ed2286581f7b0bafb4a1d372fbf3
indel_1pct	indel_1pct_s1101	1101	development	tandemx	2	499978	0	0.36717604217119515	26.171875	False	ok		70	70	2	0.02857142857142857	0.02857142857142857	0.02857142857142857	1.0	1.0	30	0	0.0	0.0	390.5	planted_truth;conditional_errors_on_matches;wilson_intervals_are_descriptive	0.007870611945441225	0.09832256118423902	0.007870611945441225	0.09832256118423902	0.0	0.11351339317396876	3	3	1.0	equal_length_circular_ungapped_identity_ge_0.9	abf3e5edfb62a688ad91cd1db6085ffffabbc21b29c88abd7a7954aa4a781a07	3b356c739183e26ae8d3252ab7089e95370048bb7eca5e6c1e54f1a27e5bb157
indel_1pct	indel_1pct_s1101	1101	development	trf	2	499978	0	0.9794059579726309	53.109375	False	ok		70	130	70	1.0	0.5384615384615384	0.7	1.0	1.0	30	0	0.0	0.2	0.4357142857142857	planted_truth;conditional_errors_on_matches;wilson_intervals_are_descriptive	0.9479769375897331	1.0	0.4528937288666052	0.6218215356568999	0.0	0.11351339317396876	3	3	1.0	equal_length_circular_ungapped_identity_ge_0.9	0f3ca52f7aad006178eace2904a716c358ea651605e2ad75508b479782785416	8cfadc79182fde4585262dc1990ad0063d21ed2286581f7b0bafb4a1d372fbf3
indel_1pct	indel_1pct_s1101	1101	development	tidehunter	2	499978	0	0.2458727080374956	52.578125	False	ok		70	70	70	1.0	1.0	1.0	1.0	1.0	30	0	0.0	0.02857142857142857	1.65	planted_truth;conditional_errors_on_matches;wilson_intervals_are_descriptive	0.9479769375897331	1.0	0.9479769375897331	1.0	0.0	0.11351339317396876	3	3	1.0	equal_length_circular_ungapped_identity_ge_0.9	27a8949327e43afffccac1ae95bf9e51e9f346aa47ee73c12ba28461e58723e6	2f27d3a87081318aa2e65751c97d67d791512b2fdc9d4eafada4e8b63a8779cc
indel_1pct	indel_1pct_s1101	1101	development	tandemx	3	499978	0	0.36698095803149045	24.78125	False	ok		70	70	2	0.02857142857142857	0.02857142857142857	0.02857142857142857	1.0	1.0	30	0	0.0	0.0	390.5	planted_truth;conditional_errors_on_matches;wilson_intervals_are_descriptive	0.007870611945441225	0.09832256118423902	0.007870611945441225	0.09832256118423902	0.0	0.11351339317396876	3	3	1.0	equal_length_circular_ungapped_identity_ge_0.9	abf3e5edfb62a688ad91cd1db6085ffffabbc21b29c88abd7a7954aa4a781a07	3b356c739183e26ae8d3252ab7089e95370048bb7eca5e6c1e54f1a27e5bb157
indel_1pct	indel_1pct_s1101	1101	development	trf	3	499978	0	0.9720215830020607	38.296875	False	ok		70	130	70	1.0	0.5384615384615384	0.7	1.0	1.0	30	0	0.0	0.2	0.4357142857142857	planted_truth;conditional_errors_on_matches;wilson_intervals_are_descriptive	0.9479769375897331	1.0	0.4528937288666052	0.6218215356568999	0.0	0.11351339317396876	3	3	1.0	equal_length_circular_ungapped_identity_ge_0.9	0f3ca52f7aad006178eace2904a716c358ea651605e2ad75508b479782785416	8cfadc79182fde4585262dc1990ad0063d21ed2286581f7b0bafb4a1d372fbf3
indel_1pct	indel_1pct_s1101	1101	development	tidehunter	3	499978	0	0.24011512519791722	46.046875	False	ok		70	70	70	1.0	1.0	1.0	1.0	1.0	30	0	0.0	0.02857142857142857	1.65	planted_truth;conditional_errors_on_matches;wilson_intervals_are_descriptive	0.9479769375897331	1.0	0.9479769375897331	1.0	0.0	0.11351339317396876	3	3	1.0	equal_length_circular_ungapped_identity_ge_0.9	27a8949327e43afffccac1ae95bf9e51e9f346aa47ee73c12ba28461e58723e6	2f27d3a87081318aa2e65751c97d67d791512b2fdc9d4eafada4e8b63a8779cc
indel_4pct	indel_4pct_s1101	1101	development	tandemx	1	499946	0	0.39274466689676046	25.921875	False	ok		70	28	0	0.0	0.0	0.0	0.4	1.0	30	0	0.0	NA	NA	planted_truth;conditional_errors_on_matches;wilson_intervals_are_descriptive	0.0	0.05202306241026692	0.0	0.12064330476584563	0.0	0.11351339317396876	3	1	0.3333333333333333	equal_length_circular_ungapped_identity_ge_0.9	abb7e5319a913acd684519593f539a296daa66c910164b7abe0c3e5ef8e5bba3	70e8ff576eee0bc8dc2673ca6c6d75a10909f98b5373cf3668aed14609c66cfc
indel_4pct	indel_4pct_s1101	1101	development	tidehunter	1	499946	0	0.22525841696187854	51.234375	False	ok		70	71	70	1.0	0.9859154929577465	0.9929078014184397	1.0	1.0	30	0	0.0	0.04285714285714286	3.2857142857142856	planted_truth;conditional_errors_on_matches;wilson_intervals_are_descriptive	0.9479769375897331	1.0	0.92443949479751	0.9975093967294558	0.0	0.11351339317396876	3	3	1.0	equal_length_circular_ungapped_identity_ge_0.9	2db573da74b5533f3e3b8c030ddbec2910774153d7ce816fd6387e65ddfc2654	b8502c9256b895cde93836461dcdb37ef442d15ac8f45485e20a64d3fcc73bd1
indel_4pct	indel_4pct_s1101	1101	development	trf	1	499946	0	1.0894178331363946	49.984375	False	ok		70	126	70	1.0	0.5555555555555556	0.7142857142857143	1.0	1.0	30	0	0.0	1.0	0.7357142857142858	planted_truth;conditional_errors_on_matches;wilson_intervals_are_descriptive	0.9479769375897331	1.0	0.4684260632059607	0.6393977407404616	0.0	0.11351339317396876	3	3	1.0	equal_length_circular_ungapped_identity_ge_0.9	2a6ee2f73e71236d0f57b8985c33581c1d095500a1b235f643999c342eb0c381	5a6285be7bf1a6edd36d27783b9c9607b186aec6d62ef6259deaa4be494d0a9e
indel_4pct	indel_4pct_s1101	1101	development	tandemx	2	499946	0	0.39513095817528665	25.484375	False	ok		70	28	0	0.0	0.0	0.0	0.4	1.0	30	0	0.0	NA	NA	planted_truth;conditional_errors_on_matches;wilson_intervals_are_descriptive	0.0	0.05202306241026692	0.0	0.12064330476584563	0.0	0.11351339317396876	3	1	0.3333333333333333	equal_length_circular_ungapped_identity_ge_0.9	abb7e5319a913acd684519593f539a296daa66c910164b7abe0c3e5ef8e5bba3	70e8ff576eee0bc8dc2673ca6c6d75a10909f98b5373cf3668aed14609c66cfc
indel_4pct	indel_4pct_s1101	1101	development	trf	2	499946	0	1.0941896250005811	46.1875	False	ok		70	126	70	1.0	0.5555555555555556	0.7142857142857143	1.0	1.0	30	0	0.0	1.0	0.7357142857142858	planted_truth;conditional_errors_on_matches;wilson_intervals_are_descriptive	0.9479769375897331	1.0	0.4684260632059607	0.6393977407404616	0.0	0.11351339317396876	3	3	1.0	equal_length_circular_ungapped_identity_ge_0.9	2a6ee2f73e71236d0f57b8985c33581c1d095500a1b235f643999c342eb0c381	5a6285be7bf1a6edd36d27783b9c9607b186aec6d62ef6259deaa4be494d0a9e
indel_4pct	indel_4pct_s1101	1101	development	tidehunter	2	499946	0	0.22701633302494884	63.4375	False	ok		70	71	70	1.0	0.9859154929577465	0.9929078014184397	1.0	1.0	30	0	0.0	0.04285714285714286	3.2857142857142856	planted_truth;conditional_errors_on_matches;wilson_intervals_are_descriptive	0.9479769375897331	1.0	0.92443949479751	0.9975093967294558	0.0	0.11351339317396876	3	3	1.0	equal_length_circular_ungapped_identity_ge_0.9	2db573da74b5533f3e3b8c030ddbec2910774153d7ce816fd6387e65ddfc2654	b8502c9256b895cde93836461dcdb37ef442d15ac8f45485e20a64d3fcc73bd1
indel_4pct	indel_4pct_s1101	1101	development	tandemx	3	499946	0	0.38547375006601214	26.0625	False	ok		70	28	0	0.0	0.0	0.0	0.4	1.0	30	0	0.0	NA	NA	planted_truth;conditional_errors_on_matches;wilson_intervals_are_descriptive	0.0	0.05202306241026692	0.0	0.12064330476584563	0.0	0.11351339317396876	3	1	0.3333333333333333	equal_length_circular_ungapped_identity_ge_0.9	abb7e5319a913acd684519593f539a296daa66c910164b7abe0c3e5ef8e5bba3	70e8ff576eee0bc8dc2673ca6c6d75a10909f98b5373cf3668aed14609c66cfc
indel_4pct	indel_4pct_s1101	1101	development	trf	3	499946	0	1.0908921658992767	42.203125	False	ok		70	126	70	1.0	0.5555555555555556	0.7142857142857143	1.0	1.0	30	0	0.0	1.0	0.7357142857142858	planted_truth;conditional_errors_on_matches;wilson_intervals_are_descriptive	0.9479769375897331	1.0	0.4684260632059607	0.6393977407404616	0.0	0.11351339317396876	3	3	1.0	equal_length_circular_ungapped_identity_ge_0.9	2a6ee2f73e71236d0f57b8985c33581c1d095500a1b235f643999c342eb0c381	5a6285be7bf1a6edd36d27783b9c9607b186aec6d62ef6259deaa4be494d0a9e
indel_4pct	indel_4pct_s1101	1101	development	tidehunter	3	499946	0	0.21778783411718905	46.421875	False	ok		70	71	70	1.0	0.9859154929577465	0.9929078014184397	1.0	1.0	30	0	0.0	0.04285714285714286	3.2857142857142856	planted_truth;conditional_errors_on_matches;wilson_intervals_are_descriptive	0.9479769375897331	1.0	0.92443949479751	0.9975093967294558	0.0	0.11351339317396876	3	3	1.0	equal_length_circular_ungapped_identity_ge_0.9	2db573da74b5533f3e3b8c030ddbec2910774153d7ce816fd6387e65ddfc2654	b8502c9256b895cde93836461dcdb37ef442d15ac8f45485e20a64d3fcc73bd1
divergent_units	divergent_units_s1101	1101	development	tandemx	1	500000	0	0.41347079211845994	26.046875	False	ok		70	70	70	1.0	1.0	1.0	1.0	1.0	30	0	0.0	0.0	4.985714285714286	planted_truth;conditional_errors_on_matches;wilson_intervals_are_descriptive	0.9479769375897331	1.0	0.9479769375897331	1.0	0.0	0.11351339317396876	3	3	1.0	equal_length_circular_ungapped_identity_ge_0.9	f453e9eb75cbcecfcb29f5f7ebd1ce69105924f240038773ab2808cde7458373	3b356c739183e26ae8d3252ab7089e95370048bb7eca5e6c1e54f1a27e5bb157
divergent_units	divergent_units_s1101	1101	development	tidehunter	1	500000	0	0.2902263749856502	64.171875	False	ok		70	137	67	0.9571428571428572	0.48905109489051096	0.6473429951690821	1.0	1.0	30	0	0.0	0.0	203.6044776119403	planted_truth;conditional_errors_on_matches;wilson_intervals_are_descriptive	0.8814033125147246	0.9853184589958887	0.406793178139353	0.5719062756640947	0.0	0.11351339317396876	3	3	1.0	equal_length_circular_ungapped_identity_ge_0.9	9b169ef3c6801471ebb89367652f691b64619f509c2cb245329a2e3cf7563b36	5c7a00685283d1b55f1728b29d818e23b8a81f5087e7e94ede0e4e3803f4a721
divergent_units	divergent_units_s1101	1101	development	trf	1	500000	0	1.0461463329847902	38.375	False	ok		70	70	70	1.0	1.0	1.0	1.0	1.0	30	0	0.0	0.0	2.7	planted_truth;conditional_errors_on_matches;wilson_intervals_are_descriptive	0.9479769375897331	1.0	0.9479769375897331	1.0	0.0	0.11351339317396876	3	3	1.0	equal_length_circular_ungapped_identity_ge_0.9	c6532a5d7428c602667b52d3020503247e87f092ba9fde69fa0f5bb2290bdf23	c6b5af7e324be96c3a43a8362a05aa32678f70237e60b5ed34105bc24e99b718
divergent_units	divergent_units_s1101	1101	development	tandemx	2	500000	0	0.43998429202474654	25.828125	False	ok		70	70	70	1.0	1.0	1.0	1.0	1.0	30	0	0.0	0.0	4.985714285714286	planted_truth;conditional_errors_on_matches;wilson_intervals_are_descriptive	0.9479769375897331	1.0	0.9479769375897331	1.0	0.0	0.11351339317396876	3	3	1.0	equal_length_circular_ungapped_identity_ge_0.9	f453e9eb75cbcecfcb29f5f7ebd1ce69105924f240038773ab2808cde7458373	3b356c739183e26ae8d3252ab7089e95370048bb7eca5e6c1e54f1a27e5bb157
divergent_units	divergent_units_s1101	1101	development	trf	2	500000	0	1.031068124808371	38.375	False	ok		70	70	70	1.0	1.0	1.0	1.0	1.0	30	0	0.0	0.0	2.7	planted_truth;conditional_errors_on_matches;wilson_intervals_are_descriptive	0.9479769375897331	1.0	0.9479769375897331	1.0	0.0	0.11351339317396876	3	3	1.0	equal_length_circular_ungapped_identity_ge_0.9	c6532a5d7428c602667b52d3020503247e87f092ba9fde69fa0f5bb2290bdf23	c6b5af7e324be96c3a43a8362a05aa32678f70237e60b5ed34105bc24e99b718
divergent_units	divergent_units_s1101	1101	development	tidehunter	2	500000	0	0.29854933312162757	63.046875	False	ok		70	137	67	0.9571428571428572	0.48905109489051096	0.6473429951690821	1.0	1.0	30	0	0.0	0.0	203.6044776119403	planted_truth;conditional_errors_on_matches;wilson_intervals_are_descriptive	0.8814033125147246	0.9853184589958887	0.406793178139353	0.5719062756640947	0.0	0.11351339317396876	3	3	1.0	equal_length_circular_ungapped_identity_ge_0.9	9b169ef3c6801471ebb89367652f691b64619f509c2cb245329a2e3cf7563b36	5c7a00685283d1b55f1728b29d818e23b8a81f5087e7e94ede0e4e3803f4a721
divergent_units	divergent_units_s1101	1101	development	tandemx	3	500000	0	0.417881750036031	26.3125	False	ok		70	70	70	1.0	1.0	1.0	1.0	1.0	30	0	0.0	0.0	4.985714285714286	planted_truth;conditional_errors_on_matches;wilson_intervals_are_descriptive	0.9479769375897331	1.0	0.9479769375897331	1.0	0.0	0.11351339317396876	3	3	1.0	equal_length_circular_ungapped_identity_ge_0.9	f453e9eb75cbcecfcb29f5f7ebd1ce69105924f240038773ab2808cde7458373	3b356c739183e26ae8d3252ab7089e95370048bb7eca5e6c1e54f1a27e5bb157
divergent_units	divergent_units_s1101	1101	development	trf	3	500000	0	1.0400374999735504	39.171875	False	ok		70	70	70	1.0	1.0	1.0	1.0	1.0	30	0	0.0	0.0	2.7	planted_truth;conditional_errors_on_matches;wilson_intervals_are_descriptive	0.9479769375897331	1.0	0.9479769375897331	1.0	0.0	0.11351339317396876	3	3	1.0	equal_length_circular_ungapped_identity_ge_0.9	c6532a5d7428c602667b52d3020503247e87f092ba9fde69fa0f5bb2290bdf23	c6b5af7e324be96c3a43a8362a05aa32678f70237e60b5ed34105bc24e99b718
divergent_units	divergent_units_s1101	1101	development	tidehunter	3	500000	0	0.29258762509562075	69.328125	False	ok		70	137	67	0.9571428571428572	0.48905109489051096	0.6473429951690821	1.0	1.0	30	0	0.0	0.0	203.6044776119403	planted_truth;conditional_errors_on_matches;wilson_intervals_are_descriptive	0.8814033125147246	0.9853184589958887	0.406793178139353	0.5719062756640947	0.0	0.11351339317396876	3	3	1.0	equal_length_circular_ungapped_identity_ge_0.9	9b169ef3c6801471ebb89367652f691b64619f509c2cb245329a2e3cf7563b36	5c7a00685283d1b55f1728b29d818e23b8a81f5087e7e94ede0e4e3803f4a721
related_families	related_families_s1101	1101	development	tandemx	1	500000	0	0.42239195900037885	25.765625	False	ok		70	70	70	1.0	1.0	1.0	1.0	1.0	30	0	0.0	0.0	0.4	planted_truth;conditional_errors_on_matches;wilson_intervals_are_descriptive	0.9479769375897331	1.0	0.9479769375897331	1.0	0.0	0.11351339317396876	3	3	1.0	equal_length_circular_ungapped_identity_ge_0.9	1354db5435dacf8488807d7947336a43cae01854a3f5203b9f1094905cdfd6b1	08f4ad543554fc70c0ae6a518195ecb024c76928a80a95cab2f705cf69668c03
related_families	related_families_s1101	1101	development	tidehunter	1	500000	0	0.23442241689190269	65.1875	False	ok		70	70	70	1.0	1.0	1.0	1.0	1.0	30	0	0.0	0.0	0.8571428571428571	planted_truth;conditional_errors_on_matches;wilson_intervals_are_descriptive	0.9479769375897331	1.0	0.9479769375897331	1.0	0.0	0.11351339317396876	3	3	1.0	equal_length_circular_ungapped_identity_ge_0.9	c0139893fc68a1fd3c56c8d811f0c03a9bf8d50fed6b67339dfbd9e4c8628fd9	7610cb8a10183127dcdff39ff2210198f3d875fc78ca8ba86e1ba40328d18bc1
related_families	related_families_s1101	1101	development	trf	1	500000	0	0.866260584210977	38.25	False	ok		70	70	70	1.0	1.0	1.0	1.0	1.0	30	0	0.0	0.0	0.34285714285714286	planted_truth;conditional_errors_on_matches;wilson_intervals_are_descriptive	0.9479769375897331	1.0	0.9479769375897331	1.0	0.0	0.11351339317396876	3	3	1.0	equal_length_circular_ungapped_identity_ge_0.9	963f6ee414d16feb6aaf1e70d43ef24fb552aa974d4c5abf4d65d52c318bb0f5	221b73412684baa18dc3f95bdde0b25f4010f8db777707726d79a71281b53844
related_families	related_families_s1101	1101	development	tandemx	2	500000	0	0.4140463750809431	25.484375	False	ok		70	70	70	1.0	1.0	1.0	1.0	1.0	30	0	0.0	0.0	0.4	planted_truth;conditional_errors_on_matches;wilson_intervals_are_descriptive	0.9479769375897331	1.0	0.9479769375897331	1.0	0.0	0.11351339317396876	3	3	1.0	equal_length_circular_ungapped_identity_ge_0.9	1354db5435dacf8488807d7947336a43cae01854a3f5203b9f1094905cdfd6b1	08f4ad543554fc70c0ae6a518195ecb024c76928a80a95cab2f705cf69668c03
related_families	related_families_s1101	1101	development	trf	2	500000	0	0.8609631669241935	38.234375	False	ok		70	70	70	1.0	1.0	1.0	1.0	1.0	30	0	0.0	0.0	0.34285714285714286	planted_truth;conditional_errors_on_matches;wilson_intervals_are_descriptive	0.9479769375897331	1.0	0.9479769375897331	1.0	0.0	0.11351339317396876	3	3	1.0	equal_length_circular_ungapped_identity_ge_0.9	963f6ee414d16feb6aaf1e70d43ef24fb552aa974d4c5abf4d65d52c318bb0f5	221b73412684baa18dc3f95bdde0b25f4010f8db777707726d79a71281b53844
related_families	related_families_s1101	1101	development	tidehunter	2	500000	0	0.24569487501867115	66.734375	False	ok		70	70	70	1.0	1.0	1.0	1.0	1.0	30	0	0.0	0.0	0.8571428571428571	planted_truth;conditional_errors_on_matches;wilson_intervals_are_descriptive	0.9479769375897331	1.0	0.9479769375897331	1.0	0.0	0.11351339317396876	3	3	1.0	equal_length_circular_ungapped_identity_ge_0.9	c0139893fc68a1fd3c56c8d811f0c03a9bf8d50fed6b67339dfbd9e4c8628fd9	7610cb8a10183127dcdff39ff2210198f3d875fc78ca8ba86e1ba40328d18bc1
related_families	related_families_s1101	1101	development	tandemx	3	500000	0	0.4092115832027048	25.875	False	ok		70	70	70	1.0	1.0	1.0	1.0	1.0	30	0	0.0	0.0	0.4	planted_truth;conditional_errors_on_matches;wilson_intervals_are_descriptive	0.9479769375897331	1.0	0.9479769375897331	1.0	0.0	0.11351339317396876	3	3	1.0	equal_length_circular_ungapped_identity_ge_0.9	1354db5435dacf8488807d7947336a43cae01854a3f5203b9f1094905cdfd6b1	08f4ad543554fc70c0ae6a518195ecb024c76928a80a95cab2f705cf69668c03
related_families	related_families_s1101	1101	development	trf	3	500000	0	0.8534116670489311	38.21875	False	ok		70	70	70	1.0	1.0	1.0	1.0	1.0	30	0	0.0	0.0	0.34285714285714286	planted_truth;conditional_errors_on_matches;wilson_intervals_are_descriptive	0.9479769375897331	1.0	0.9479769375897331	1.0	0.0	0.11351339317396876	3	3	1.0	equal_length_circular_ungapped_identity_ge_0.9	963f6ee414d16feb6aaf1e70d43ef24fb552aa974d4c5abf4d65d52c318bb0f5	221b73412684baa18dc3f95bdde0b25f4010f8db777707726d79a71281b53844
related_families	related_families_s1101	1101	development	tidehunter	3	500000	0	0.22583362483419478	59.15625	False	ok		70	70	70	1.0	1.0	1.0	1.0	1.0	30	0	0.0	0.0	0.8571428571428571	planted_truth;conditional_errors_on_matches;wilson_intervals_are_descriptive	0.9479769375897331	1.0	0.9479769375897331	1.0	0.0	0.11351339317396876	3	3	1.0	equal_length_circular_ungapped_identity_ge_0.9	c0139893fc68a1fd3c56c8d811f0c03a9bf8d50fed6b67339dfbd9e4c8628fd9	7610cb8a10183127dcdff39ff2210198f3d875fc78ca8ba86e1ba40328d18bc1
short_arrays	short_arrays_s1101	1101	development	tandemx	1	500000	0	0.37499404116533697	25.15625	False	ok		70	70	70	1.0	1.0	1.0	1.0	1.0	30	0	0.0	0.0	0.38571428571428573	planted_truth;conditional_errors_on_matches;wilson_intervals_are_descriptive	0.9479769375897331	1.0	0.9479769375897331	1.0	0.0	0.11351339317396876	3	3	1.0	equal_length_circular_ungapped_identity_ge_0.9	9afe0b91e8d7a0567423069e8e3acb5c9b57a329ab309b3f49b7e9e2aaad0026	3b356c739183e26ae8d3252ab7089e95370048bb7eca5e6c1e54f1a27e5bb157
short_arrays	short_arrays_s1101	1101	development	tidehunter	1	500000	0	0.12380474992096424	47.75	False	ok		70	70	70	1.0	1.0	1.0	1.0	1.0	30	0	0.0	0.0	0.40714285714285714	planted_truth;conditional_errors_on_matches;wilson_intervals_are_descriptive	0.9479769375897331	1.0	0.9479769375897331	1.0	0.0	0.11351339317396876	3	3	1.0	equal_length_circular_ungapped_identity_ge_0.9	6a8c6f953c59480ed207f72bdc050ea5e63a8023589cfcd0046edba0839eb475	9f25884e5ac8166687fff51de0715fa98324e51ccaad6ea8efd61cec4278fea5
short_arrays	short_arrays_s1101	1101	development	trf	1	500000	0	0.17353354091756046	38.140625	False	ok		70	70	70	1.0	1.0	1.0	1.0	1.0	30	0	0.0	0.0	0.3	planted_truth;conditional_errors_on_matches;wilson_intervals_are_descriptive	0.9479769375897331	1.0	0.9479769375897331	1.0	0.0	0.11351339317396876	3	3	1.0	equal_length_circular_ungapped_identity_ge_0.9	34b7ac7e879005522f615b72f0b0f4af4c3f7ae9cf9f3aec0a4bef42ab3dada7	06a6ecd1619aeeefb8a6ae965f6f679ac641cba8d9ad0fe64942aff8a99e00f3
short_arrays	short_arrays_s1101	1101	development	tandemx	2	500000	0	0.3670241250656545	25.984375	False	ok		70	70	70	1.0	1.0	1.0	1.0	1.0	30	0	0.0	0.0	0.38571428571428573	planted_truth;conditional_errors_on_matches;wilson_intervals_are_descriptive	0.9479769375897331	1.0	0.9479769375897331	1.0	0.0	0.11351339317396876	3	3	1.0	equal_length_circular_ungapped_identity_ge_0.9	9afe0b91e8d7a0567423069e8e3acb5c9b57a329ab309b3f49b7e9e2aaad0026	3b356c739183e26ae8d3252ab7089e95370048bb7eca5e6c1e54f1a27e5bb157
short_arrays	short_arrays_s1101	1101	development	trf	2	500000	0	0.16665079211816192	38.359375	False	ok		70	70	70	1.0	1.0	1.0	1.0	1.0	30	0	0.0	0.0	0.3	planted_truth;conditional_errors_on_matches;wilson_intervals_are_descriptive	0.9479769375897331	1.0	0.9479769375897331	1.0	0.0	0.11351339317396876	3	3	1.0	equal_length_circular_ungapped_identity_ge_0.9	34b7ac7e879005522f615b72f0b0f4af4c3f7ae9cf9f3aec0a4bef42ab3dada7	06a6ecd1619aeeefb8a6ae965f6f679ac641cba8d9ad0fe64942aff8a99e00f3
short_arrays	short_arrays_s1101	1101	development	tidehunter	2	500000	0	0.12806387501768768	38.609375	False	ok		70	70	70	1.0	1.0	1.0	1.0	1.0	30	0	0.0	0.0	0.40714285714285714	planted_truth;conditional_errors_on_matches;wilson_intervals_are_descriptive	0.9479769375897331	1.0	0.9479769375897331	1.0	0.0	0.11351339317396876	3	3	1.0	equal_length_circular_ungapped_identity_ge_0.9	6a8c6f953c59480ed207f72bdc050ea5e63a8023589cfcd0046edba0839eb475	9f25884e5ac8166687fff51de0715fa98324e51ccaad6ea8efd61cec4278fea5
short_arrays	short_arrays_s1101	1101	development	tandemx	3	500000	0	0.3712858750950545	26.015625	False	ok		70	70	70	1.0	1.0	1.0	1.0	1.0	30	0	0.0	0.0	0.38571428571428573	planted_truth;conditional_errors_on_matches;wilson_intervals_are_descriptive	0.9479769375897331	1.0	0.9479769375897331	1.0	0.0	0.11351339317396876	3	3	1.0	equal_length_circular_ungapped_identity_ge_0.9	9afe0b91e8d7a0567423069e8e3acb5c9b57a329ab309b3f49b7e9e2aaad0026	3b356c739183e26ae8d3252ab7089e95370048bb7eca5e6c1e54f1a27e5bb157
short_arrays	short_arrays_s1101	1101	development	trf	3	500000	0	0.16802549990825355	38.140625	False	ok		70	70	70	1.0	1.0	1.0	1.0	1.0	30	0	0.0	0.0	0.3	planted_truth;conditional_errors_on_matches;wilson_intervals_are_descriptive	0.9479769375897331	1.0	0.9479769375897331	1.0	0.0	0.11351339317396876	3	3	1.0	equal_length_circular_ungapped_identity_ge_0.9	34b7ac7e879005522f615b72f0b0f4af4c3f7ae9cf9f3aec0a4bef42ab3dada7	06a6ecd1619aeeefb8a6ae965f6f679ac641cba8d9ad0fe64942aff8a99e00f3
short_arrays	short_arrays_s1101	1101	development	tidehunter	3	500000	0	0.1262649588752538	45.90625	False	ok		70	70	70	1.0	1.0	1.0	1.0	1.0	30	0	0.0	0.0	0.40714285714285714	planted_truth;conditional_errors_on_matches;wilson_intervals_are_descriptive	0.9479769375897331	1.0	0.9479769375897331	1.0	0.0	0.11351339317396876	3	3	1.0	equal_length_circular_ungapped_identity_ge_0.9	6a8c6f953c59480ed207f72bdc050ea5e63a8023589cfcd0046edba0839eb475	9f25884e5ac8166687fff51de0715fa98324e51ccaad6ea8efd61cec4278fea5
two_arrays	two_arrays_s1101	1101	development	tandemx	1	500000	0	0.4199769168626517	25.6875	False	ok		140	70	70	0.5	1.0	0.6666666666666666	1.0	1.0	30	0	0.0	0.0	0.5285714285714286	planted_truth;conditional_errors_on_matches;wilson_intervals_are_descriptive	0.4182898409476934	0.5817101590523066	0.9479769375897331	1.0	0.0	0.11351339317396876	3	3	1.0	equal_length_circular_ungapped_identity_ge_0.9	8586a4f5ad3883f6f801e2185dd4837d88c98799218c859e32ff19009b30635d	3b356c739183e26ae8d3252ab7089e95370048bb7eca5e6c1e54f1a27e5bb157
two_arrays	two_arrays_s1101	1101	development	tidehunter	1	500000	0	0.3229914999101311	64.125	False	ok		140	140	140	1.0	1.0	1.0	1.0	1.0	30	0	0.0	0.0	1.025	planted_truth;conditional_errors_on_matches;wilson_intervals_are_descriptive	0.9732937996305869	1.0	0.9732937996305869	1.0	0.0	0.11351339317396876	3	3	1.0	equal_length_circular_ungapped_identity_ge_0.9	77b5651bfa8c51ec4d9ed590a745fe8341fad241d44874ff0ab30b3cde5b06f7	0e029c17e5bdf842705b69c50f6e03d886c40bc279ec998714b81373f149fce1
two_arrays	two_arrays_s1101	1101	development	trf	1	500000	0	0.9477495839819312	38.3125	False	ok		140	140	140	1.0	1.0	1.0	1.0	1.0	30	0	0.0	0.0	0.3964285714285714	planted_truth;conditional_errors_on_matches;wilson_intervals_are_descriptive	0.9732937996305869	1.0	0.9732937996305869	1.0	0.0	0.11351339317396876	3	3	1.0	equal_length_circular_ungapped_identity_ge_0.9	9bbf96aa8c613df1a39119148267e746cae6da8431ad818aa7545fd416123ba3	79a8b86f6a0da10cb159ed2c918edf28a4b4fbe03774e4fb40700fd6f87bbb83
two_arrays	two_arrays_s1101	1101	development	tandemx	2	500000	0	0.413012333214283	25.5	False	ok		140	70	70	0.5	1.0	0.6666666666666666	1.0	1.0	30	0	0.0	0.0	0.5285714285714286	planted_truth;conditional_errors_on_matches;wilson_intervals_are_descriptive	0.4182898409476934	0.5817101590523066	0.9479769375897331	1.0	0.0	0.11351339317396876	3	3	1.0	equal_length_circular_ungapped_identity_ge_0.9	8586a4f5ad3883f6f801e2185dd4837d88c98799218c859e32ff19009b30635d	3b356c739183e26ae8d3252ab7089e95370048bb7eca5e6c1e54f1a27e5bb157
two_arrays	two_arrays_s1101	1101	development	trf	2	500000	0	0.9377822920214385	38.234375	False	ok		140	140	140	1.0	1.0	1.0	1.0	1.0	30	0	0.0	0.0	0.3964285714285714	planted_truth;conditional_errors_on_matches;wilson_intervals_are_descriptive	0.9732937996305869	1.0	0.9732937996305869	1.0	0.0	0.11351339317396876	3	3	1.0	equal_length_circular_ungapped_identity_ge_0.9	9bbf96aa8c613df1a39119148267e746cae6da8431ad818aa7545fd416123ba3	79a8b86f6a0da10cb159ed2c918edf28a4b4fbe03774e4fb40700fd6f87bbb83
two_arrays	two_arrays_s1101	1101	development	tidehunter	2	500000	0	0.3221373751293868	54.734375	False	ok		140	140	140	1.0	1.0	1.0	1.0	1.0	30	0	0.0	0.0	1.025	planted_truth;conditional_errors_on_matches;wilson_intervals_are_descriptive	0.9732937996305869	1.0	0.9732937996305869	1.0	0.0	0.11351339317396876	3	3	1.0	equal_length_circular_ungapped_identity_ge_0.9	77b5651bfa8c51ec4d9ed590a745fe8341fad241d44874ff0ab30b3cde5b06f7	0e029c17e5bdf842705b69c50f6e03d886c40bc279ec998714b81373f149fce1
two_arrays	two_arrays_s1101	1101	development	tandemx	3	500000	0	0.41234170785173774	25.546875	False	ok		140	70	70	0.5	1.0	0.6666666666666666	1.0	1.0	30	0	0.0	0.0	0.5285714285714286	planted_truth;conditional_errors_on_matches;wilson_intervals_are_descriptive	0.4182898409476934	0.5817101590523066	0.9479769375897331	1.0	0.0	0.11351339317396876	3	3	1.0	equal_length_circular_ungapped_identity_ge_0.9	8586a4f5ad3883f6f801e2185dd4837d88c98799218c859e32ff19009b30635d	3b356c739183e26ae8d3252ab7089e95370048bb7eca5e6c1e54f1a27e5bb157
two_arrays	two_arrays_s1101	1101	development	trf	3	500000	0	0.9381861248984933	38.25	False	ok		140	140	140	1.0	1.0	1.0	1.0	1.0	30	0	0.0	0.0	0.3964285714285714	planted_truth;conditional_errors_on_matches;wilson_intervals_are_descriptive	0.9732937996305869	1.0	0.9732937996305869	1.0	0.0	0.11351339317396876	3	3	1.0	equal_length_circular_ungapped_identity_ge_0.9	9bbf96aa8c613df1a39119148267e746cae6da8431ad818aa7545fd416123ba3	79a8b86f6a0da10cb159ed2c918edf28a4b4fbe03774e4fb40700fd6f87bbb83
two_arrays	two_arrays_s1101	1101	development	tidehunter	3	500000	0	0.34114962513558567	57.84375	False	ok		140	140	140	1.0	1.0	1.0	1.0	1.0	30	0	0.0	0.0	1.025	planted_truth;conditional_errors_on_matches;wilson_intervals_are_descriptive	0.9732937996305869	1.0	0.9732937996305869	1.0	0.0	0.11351339317396876	3	3	1.0	equal_length_circular_ungapped_identity_ge_0.9	77b5651bfa8c51ec4d9ed590a745fe8341fad241d44874ff0ab30b3cde5b06f7	0e029c17e5bdf842705b69c50f6e03d886c40bc279ec998714b81373f149fce1
dispersed_control	dispersed_control_s1101	1101	development	tandemx	1	500000	2	0.26172808301635087	26.078125	False	failed		NA	NA	NA	NA	NA	NA	NA	NA	NA	NA	NA	NA	NA	NA	NA	NA	NA	NA	NA	NA	NA	NA	NA	NA	NA	NA
dispersed_control	dispersed_control_s1101	1101	development	tidehunter	1	500000	0	0.5081899578217417	75.375	False	ok		0	93	0	NA	0.0	0.0	NA	0.0	100	71	0.71	NA	NA	planted_truth;conditional_errors_on_matches;wilson_intervals_are_descriptive	NA	NA	0.0	0.03966750261173514	0.6146110882442888	0.7898516425087772	0	0	NA	equal_length_circular_ungapped_identity_ge_0.9	c5ff037ff4cfff65db8d46183d1fe4e0a34c193e3f1f2d8aafdaa69e2ba7208f	f2e8e652ba0311b2a5fceea4ee903ab5020efbeb57342fa4fe7034ee6c844657
dispersed_control	dispersed_control_s1101	1101	development	trf	1	500000	0	0.16351937502622604	38.046875	False	ok		0	0	0	NA	NA	NA	NA	NA	100	0	0.0	NA	NA	planted_truth;conditional_errors_on_matches;wilson_intervals_are_descriptive	NA	NA	NA	NA	0.0	0.03699349820698568	0	0	NA	equal_length_circular_ungapped_identity_ge_0.9	4f53cda18c2baa0c0354bb5f9a3ecbe5ed12ab4d8e11ba873c2f11161202b945	4f53cda18c2baa0c0354bb5f9a3ecbe5ed12ab4d8e11ba873c2f11161202b945
dispersed_control	dispersed_control_s1101	1101	development	tandemx	2	500000	2	0.26367483381181955	26.21875	False	failed		NA	NA	NA	NA	NA	NA	NA	NA	NA	NA	NA	NA	NA	NA	NA	NA	NA	NA	NA	NA	NA	NA	NA	NA	NA	NA
dispersed_control	dispersed_control_s1101	1101	development	trf	2	500000	0	0.16859449981711805	38.078125	False	ok		0	0	0	NA	NA	NA	NA	NA	100	0	0.0	NA	NA	planted_truth;conditional_errors_on_matches;wilson_intervals_are_descriptive	NA	NA	NA	NA	0.0	0.03699349820698568	0	0	NA	equal_length_circular_ungapped_identity_ge_0.9	4f53cda18c2baa0c0354bb5f9a3ecbe5ed12ab4d8e11ba873c2f11161202b945	4f53cda18c2baa0c0354bb5f9a3ecbe5ed12ab4d8e11ba873c2f11161202b945
dispersed_control	dispersed_control_s1101	1101	development	tidehunter	2	500000	0	0.5346828331239522	76.1875	False	ok		0	93	0	NA	0.0	0.0	NA	0.0	100	71	0.71	NA	NA	planted_truth;conditional_errors_on_matches;wilson_intervals_are_descriptive	NA	NA	0.0	0.03966750261173514	0.6146110882442888	0.7898516425087772	0	0	NA	equal_length_circular_ungapped_identity_ge_0.9	c5ff037ff4cfff65db8d46183d1fe4e0a34c193e3f1f2d8aafdaa69e2ba7208f	f2e8e652ba0311b2a5fceea4ee903ab5020efbeb57342fa4fe7034ee6c844657
dispersed_control	dispersed_control_s1101	1101	development	tandemx	3	500000	2	0.2639208328910172	25.4375	False	failed		NA	NA	NA	NA	NA	NA	NA	NA	NA	NA	NA	NA	NA	NA	NA	NA	NA	NA	NA	NA	NA	NA	NA	NA	NA	NA
dispersed_control	dispersed_control_s1101	1101	development	trf	3	500000	0	0.18863600003533065	42.078125	False	ok		0	0	0	NA	NA	NA	NA	NA	100	0	0.0	NA	NA	planted_truth;conditional_errors_on_matches;wilson_intervals_are_descriptive	NA	NA	NA	NA	0.0	0.03699349820698568	0	0	NA	equal_length_circular_ungapped_identity_ge_0.9	4f53cda18c2baa0c0354bb5f9a3ecbe5ed12ab4d8e11ba873c2f11161202b945	4f53cda18c2baa0c0354bb5f9a3ecbe5ed12ab4d8e11ba873c2f11161202b945
dispersed_control	dispersed_control_s1101	1101	development	tidehunter	3	500000	0	0.5223019169643521	75.203125	False	ok		0	93	0	NA	0.0	0.0	NA	0.0	100	71	0.71	NA	NA	planted_truth;conditional_errors_on_matches;wilson_intervals_are_descriptive	NA	NA	0.0	0.03966750261173514	0.6146110882442888	0.7898516425087772	0	0	NA	equal_length_circular_ungapped_identity_ge_0.9	c5ff037ff4cfff65db8d46183d1fe4e0a34c193e3f1f2d8aafdaa69e2ba7208f	f2e8e652ba0311b2a5fceea4ee903ab5020efbeb57342fa4fe7034ee6c844657
at_rich_control	at_rich_control_s1101	1101	development	tandemx	1	500000	2	0.2710869580041617	25.8125	False	failed		NA	NA	NA	NA	NA	NA	NA	NA	NA	NA	NA	NA	NA	NA	NA	NA	NA	NA	NA	NA	NA	NA	NA	NA	NA	NA
at_rich_control	at_rich_control_s1101	1101	development	tidehunter	1	500000	0	0.4900725840125233	79.640625	False	ok		0	54	0	NA	0.0	0.0	NA	0.0	100	39	0.39	NA	NA	planted_truth;conditional_errors_on_matches;wilson_intervals_are_descriptive	NA	NA	0.0	0.0664135880908964	0.3001687400639441	0.4879698295415926	0	0	NA	equal_length_circular_ungapped_identity_ge_0.9	5bb84f533037e93a170eaddba3dd550e5b0b909b4e82b08c3b722d579a52244a	e9d0a082e9cf0ac942803aae02a4f9fed8fd50bbe41d93d0de506228dd7c69e7
at_rich_control	at_rich_control_s1101	1101	development	trf	1	500000	0	5.3602936659008265	38.328125	False	ok		0	0	0	NA	NA	NA	NA	NA	100	0	0.0	NA	NA	planted_truth;conditional_errors_on_matches;wilson_intervals_are_descriptive	NA	NA	NA	NA	0.0	0.03699349820698568	0	0	NA	equal_length_circular_ungapped_identity_ge_0.9	4f53cda18c2baa0c0354bb5f9a3ecbe5ed12ab4d8e11ba873c2f11161202b945	4f53cda18c2baa0c0354bb5f9a3ecbe5ed12ab4d8e11ba873c2f11161202b945
at_rich_control	at_rich_control_s1101	1101	development	tandemx	2	500000	2	0.24758633296005428	26.09375	False	failed		NA	NA	NA	NA	NA	NA	NA	NA	NA	NA	NA	NA	NA	NA	NA	NA	NA	NA	NA	NA	NA	NA	NA	NA	NA	NA
at_rich_control	at_rich_control_s1101	1101	development	trf	2	500000	0	5.418082875199616	41.515625	False	ok		0	0	0	NA	NA	NA	NA	NA	100	0	0.0	NA	NA	planted_truth;conditional_errors_on_matches;wilson_intervals_are_descriptive	NA	NA	NA	NA	0.0	0.03699349820698568	0	0	NA	equal_length_circular_ungapped_identity_ge_0.9	4f53cda18c2baa0c0354bb5f9a3ecbe5ed12ab4d8e11ba873c2f11161202b945	4f53cda18c2baa0c0354bb5f9a3ecbe5ed12ab4d8e11ba873c2f11161202b945
at_rich_control	at_rich_control_s1101	1101	development	tidehunter	2	500000	0	0.5000087080989033	70.890625	False	ok		0	54	0	NA	0.0	0.0	NA	0.0	100	39	0.39	NA	NA	planted_truth;conditional_errors_on_matches;wilson_intervals_are_descriptive	NA	NA	0.0	0.0664135880908964	0.3001687400639441	0.4879698295415926	0	0	NA	equal_length_circular_ungapped_identity_ge_0.9	5bb84f533037e93a170eaddba3dd550e5b0b909b4e82b08c3b722d579a52244a	e9d0a082e9cf0ac942803aae02a4f9fed8fd50bbe41d93d0de506228dd7c69e7
at_rich_control	at_rich_control_s1101	1101	development	tandemx	3	500000	2	0.2443823330104351	26.609375	False	failed		NA	NA	NA	NA	NA	NA	NA	NA	NA	NA	NA	NA	NA	NA	NA	NA	NA	NA	NA	NA	NA	NA	NA	NA	NA	NA
at_rich_control	at_rich_control_s1101	1101	development	trf	3	500000	0	5.350466333096847	38.25	False	ok		0	0	0	NA	NA	NA	NA	NA	100	0	0.0	NA	NA	planted_truth;conditional_errors_on_matches;wilson_intervals_are_descriptive	NA	NA	NA	NA	0.0	0.03699349820698568	0	0	NA	equal_length_circular_ungapped_identity_ge_0.9	4f53cda18c2baa0c0354bb5f9a3ecbe5ed12ab4d8e11ba873c2f11161202b945	4f53cda18c2baa0c0354bb5f9a3ecbe5ed12ab4d8e11ba873c2f11161202b945
at_rich_control	at_rich_control_s1101	1101	development	tidehunter	3	500000	0	0.5297792500350624	84.296875	False	ok		0	54	0	NA	0.0	0.0	NA	0.0	100	39	0.39	NA	NA	planted_truth;conditional_errors_on_matches;wilson_intervals_are_descriptive	NA	NA	0.0	0.0664135880908964	0.3001687400639441	0.4879698295415926	0	0	NA	equal_length_circular_ungapped_identity_ge_0.9	5bb84f533037e93a170eaddba3dd550e5b0b909b4e82b08c3b722d579a52244a	e9d0a082e9cf0ac942803aae02a4f9fed8fd50bbe41d93d0de506228dd7c69e7
low_complexity_control	low_complexity_control_s1101	1101	development	tandemx	1	500000	2	0.12424945808015764	25.203125	False	failed		NA	NA	NA	NA	NA	NA	NA	NA	NA	NA	NA	NA	NA	NA	NA	NA	NA	NA	NA	NA	NA	NA	NA	NA	NA	NA
low_complexity_control	low_complexity_control_s1101	1101	development	tidehunter	1	500000	0	0.47061425005085766	19.15625	False	ok		0	200	0	NA	0.0	0.0	NA	0.0	100	100	1.0	NA	NA	planted_truth;conditional_errors_on_matches;wilson_intervals_are_descriptive	NA	NA	0.0	0.018845326377266575	0.9630065017930143	1.0	0	0	NA	equal_length_circular_ungapped_identity_ge_0.9	8d5c9b707851e41943e597606dfdf968281decf3255a0cac90e242b2900e0cc5	61111b8696e2f0ab2fec5710fd225503f12fb305258b565fc6b2849bdc360450
low_complexity_control	low_complexity_control_s1101	1101	development	trf	1	500000	0	168.85817904118448	38.96875	False	ok		0	0	0	NA	NA	NA	NA	NA	100	0	0.0	NA	NA	planted_truth;conditional_errors_on_matches;wilson_intervals_are_descriptive	NA	NA	NA	NA	0.0	0.03699349820698568	0	0	NA	equal_length_circular_ungapped_identity_ge_0.9	4f53cda18c2baa0c0354bb5f9a3ecbe5ed12ab4d8e11ba873c2f11161202b945	4f53cda18c2baa0c0354bb5f9a3ecbe5ed12ab4d8e11ba873c2f11161202b945
low_complexity_control	low_complexity_control_s1101	1101	development	tandemx	2	500000	2	0.09953800006769598	24.421875	False	failed		NA	NA	NA	NA	NA	NA	NA	NA	NA	NA	NA	NA	NA	NA	NA	NA	NA	NA	NA	NA	NA	NA	NA	NA	NA	NA
low_complexity_control	low_complexity_control_s1101	1101	development	trf	2	500000	0	172.56911020795815	46.890625	False	ok		0	0	0	NA	NA	NA	NA	NA	100	0	0.0	NA	NA	planted_truth;conditional_errors_on_matches;wilson_intervals_are_descriptive	NA	NA	NA	NA	0.0	0.03699349820698568	0	0	NA	equal_length_circular_ungapped_identity_ge_0.9	4f53cda18c2baa0c0354bb5f9a3ecbe5ed12ab4d8e11ba873c2f11161202b945	4f53cda18c2baa0c0354bb5f9a3ecbe5ed12ab4d8e11ba873c2f11161202b945
low_complexity_control	low_complexity_control_s1101	1101	development	tidehunter	2	500000	0	0.4174813749268651	13.703125	False	ok		0	200	0	NA	0.0	0.0	NA	0.0	100	100	1.0	NA	NA	planted_truth;conditional_errors_on_matches;wilson_intervals_are_descriptive	NA	NA	0.0	0.018845326377266575	0.9630065017930143	1.0	0	0	NA	equal_length_circular_ungapped_identity_ge_0.9	8d5c9b707851e41943e597606dfdf968281decf3255a0cac90e242b2900e0cc5	61111b8696e2f0ab2fec5710fd225503f12fb305258b565fc6b2849bdc360450
low_complexity_control	low_complexity_control_s1101	1101	development	tandemx	3	500000	2	0.12722649984061718	24.234375	False	failed		NA	NA	NA	NA	NA	NA	NA	NA	NA	NA	NA	NA	NA	NA	NA	NA	NA	NA	NA	NA	NA	NA	NA	NA	NA	NA
low_complexity_control	low_complexity_control_s1101	1101	development	trf	3	500000	0	173.89191391714849	38.765625	False	ok		0	0	0	NA	NA	NA	NA	NA	100	0	0.0	NA	NA	planted_truth;conditional_errors_on_matches;wilson_intervals_are_descriptive	NA	NA	NA	NA	0.0	0.03699349820698568	0	0	NA	equal_length_circular_ungapped_identity_ge_0.9	4f53cda18c2baa0c0354bb5f9a3ecbe5ed12ab4d8e11ba873c2f11161202b945	4f53cda18c2baa0c0354bb5f9a3ecbe5ed12ab4d8e11ba873c2f11161202b945
low_complexity_control	low_complexity_control_s1101	1101	development	tidehunter	3	500000	0	0.4391230000182986	20.265625	False	ok		0	200	0	NA	0.0	0.0	NA	0.0	100	100	1.0	NA	NA	planted_truth;conditional_errors_on_matches;wilson_intervals_are_descriptive	NA	NA	0.0	0.018845326377266575	0.9630065017930143	1.0	0	0	NA	equal_length_circular_ungapped_identity_ge_0.9	8d5c9b707851e41943e597606dfdf968281decf3255a0cac90e242b2900e0cc5	61111b8696e2f0ab2fec5710fd225503f12fb305258b565fc6b2849bdc360450
